district,hazard,rp,hhid,affected_cat,helped_cat,index,c,c_min,const,dc0,dc0_prv,dc0_pub,dc_net,dc_npv_pre,dc_post_reco,dc_t,di0,di0_prv,di0_pub,di_prv_t,di_pub_t,di_t,dk0,dk_private,dk_prv_t,dk_public,dw,dw_curr_no_clip,has_ew,help_received,hh_reco_rate,integ,ispoor,macro_multiplier,pc_fee,pc_fee_BE,pcsoc,pcwgt,pcwgt_ae,pov_line,sav_delta,sav_f,sav_i,sav_offset_to,scale_fac_soc,t_pov_bool,t_pov_cons,t_pov_inc,t_start_prv_reco,welf_class,wprime_hh,dw_curr,dw_tot
Batticaloa,PF,5.0,51207002021,a,helped,22141,57487.97290047894,36346.798828125,0.00834144898561982,46362.34639161955,46362.34639161955,0.0,46362.346340264754,261144.26327368442,0.0,46362.346340264754,46362.34639161955,46362.34639161955,0.0,46362.34639161955,0.0,46362.346340264754,141113.1600869117,141113.1600869117,141113.1600869117,0.0,0.05545382204534587,3438659.8898742874,0.0,12125.581410503792,0.0,8.787233987296275,0.0,5.632680043150034,0.0,0.0,0.0,18.2588945662296,18.2588945662296,43493.30859375,0.0,0.0,4790.664408373245,0.0,5.4919198014485634e-05,True,9.788053949903677,10.019267822736055,-1.0,3.0,7.254951396581881e-08,2601519.0964167616,47500862.89350655
Batticaloa,PF,5.0,51212045051,a,helped,22348,54125.45994769484,36346.798828125,0.008596649015520087,43884.34750544524,43884.34750544524,0.0,43884.34745409045,247186.4884005824,0.0,43884.34745409045,43884.34750544524,43884.34750544524,0.0,43884.34750544524,0.0,43884.34745409045,133570.87026046083,133570.87026046083,133570.87026046083,0.0,0.05545382204534587,3602903.711849463,0.0,12125.581410503792,0.0,8.933629273587462,0.0,5.632680043150034,0.0,0.0,0.0,24.64943909519752,24.64943909519752,43493.30859375,0.0,0.0,4510.454995641237,0.0,5.4919198014485634e-05,True,9.788053949903677,10.019267822736055,-1.0,3.0,7.941409665458382e-08,2601519.0964167616,64125986.52211825
Batticaloa,PF,10.0,51212045051,a,helped,23113,54125.45994769484,36346.798828125,0.008596649015520087,40867.7384534139,40867.7384534139,0.0,40860.97732046124,230194.8947952197,0.0,40860.97732046124,40867.7384534139,40867.7384534139,0.0,40860.97737055739,0.0,40860.97732046124,124389.21166874052,124389.21166874052,124368.63294825402,0.0,0.05545382204534587,2843222.586263156,0.0,11828.396441168028,0.0,7.049951527826693,0.0,5.632680043150034,0.0,0.0,0.0,30.126822817020372,30.126822817020372,43493.30859375,0.0,-2.842170943040401e-14,4510.454995641237,0.0,6.578140826347473e-05,True,9.768786127167646,10.019267822736055,0.0,3.0,7.941409665458382e-08,2601519.0964167616,78375504.87284271
Batticaloa,PF,25.0,51207002061,a,helped,23675,76108.85714735145,36346.798828125,0.007249572465620001,62155.58206901285,62155.58206901285,0.0,62155.58206901285,350102.5066905028,0.0,62155.58206901285,62155.58206901285,62155.58206901285,0.0,62155.58206901285,0.0,62155.58206901285,189183.06094156677,189183.06094156677,189183.06094156677,0.0,0.05545382204534587,3365437.2288235584,0.0,0.0,0.0,9.895404812160482,0.0,5.632680043150034,0.0,0.0,0.0,12.119911522026097,12.119911522026097,43493.30859375,0.0,4.263256414560601e-14,6342.404762279287,0.0,6.970210126719723e-05,True,9.884393063583834,10.019267822736055,-1.0,3.0,4.762633901849545e-08,2601519.0964167616,31530181.27143243
Batticaloa,PF,50.0,51205072101,a,helped,24365,113483.82632026587,36346.798828125,0.005936944792504563,92578.45537626371,92578.45537626371,0.0,92578.45537626371,521464.8180235366,0.0,92578.45537626371,92578.45537626371,92578.45537626371,0.0,92578.45537626371,0.0,92578.45537626371,281781.21710576676,281781.21710576676,281781.21710576676,0.0,0.05545382204534587,2744437.0155023974,0.0,0.0,0.0,9.853595362179076,0.0,5.632680043150034,0.0,0.0,0.0,11.809067959208175,11.809067959208175,43493.30859375,0.0,-4.263256414560601e-14,9456.985526688823,0.0,7.628518320741353e-05,True,9.884393063583834,10.019267822736055,-1.0,3.0,2.6157669268877777e-08,2601519.0964167616,30721515.80676338
Batticaloa,PF,100.0,51212045051,a,helped,25408,54125.45994769484,36346.798828125,0.008596649015520087,41245.37039025057,41245.37039025057,0.0,41241.21626051944,232321.97466949574,0.0,41241.21626051944,41245.37039025057,41245.37039025057,0.0,41241.21631097968,0.0,41241.21626051944,125538.61069843237,125538.61069843237,125525.96691961634,0.0,0.05545382204534587,2923787.4531899705,0.0,11914.365010984668,0.0,7.249717247691187,0.0,5.632680043150034,0.0,0.0,0.0,37.682169287671115,37.682169287671115,43493.30859375,0.0,-2.1316282072803006e-14,4510.454995641237,0.0,8.083445167686131e-05,True,9.768786127167646,10.019267822736055,0.0,3.0,7.941409665458382e-08,2601519.0964167616,98030882.9962856
Batticaloa,PF,250.0,51207002021,a,helped,25966,57487.97290047894,36346.798828125,0.00834144898561982,44997.79433804542,44997.79433804542,0.0,44997.794287818,253458.17815367808,0.0,44997.794287818,44997.79433804542,44997.79433804542,0.0,44997.79433804542,0.0,44997.794287818,136959.87045923798,136959.87045923798,136959.87045923798,0.0,0.05545382204534587,3102445.137459477,0.0,11859.394573257327,0.0,7.928062742082538,0.0,5.632680043150034,0.0,0.0,0.0,29.19519291501693,29.19519291501693,43493.30859375,0.0,1.4210854715202004e-14,4790.664408373245,0.0,8.288957835277467e-05,True,9.788053949903677,10.019267822736055,-1.0,3.0,7.254951396581881e-08,2601519.0964167616,75951851.89198788
Batticaloa,PF,500.0,51212045051,a,helped,26938,54125.45994769484,36346.798828125,0.008596649015520087,40218.047363690835,40218.047363690835,0.0,40199.06471099191,226535.39275992423,0.0,40199.06471099191,40218.047363690835,40218.047363690835,0.0,40199.06476175801,0.0,40199.06471099191,122411.7456885523,122411.7456885523,122353.96830768407,0.0,0.05545382204534587,2707225.0341772935,0.0,11986.583431385778,0.0,6.712736933816122,0.0,5.632680043150034,0.0,0.0,0.0,42.26726562143252,42.26726562143252,43493.30859375,0.0,-2.842170943040401e-14,4510.454995641237,0.0,9.037840003023328e-05,True,9.768786127167646,10.019267822736055,0.0,3.0,7.941409665458382e-08,2601519.0964167616,109959098.66747639
Batticaloa,PF,1000.0,51205072101,a,helped,27425,113483.82632026587,36346.798828125,0.005936944792504563,91765.62877096592,91765.62877096592,0.0,91765.62877096592,516886.4258253344,0.0,91765.62877096592,91765.62877096592,91765.62877096592,0.0,91765.62877096592,0.0,91765.62877096592,279307.21525289636,279307.21525289636,279307.21525289636,0.0,0.05545382204534587,2652936.709086868,0.0,0.0,0.0,9.525073705518292,0.0,5.632680043150034,0.0,0.0,0.0,17.36808304533738,17.36808304533738,43493.30859375,0.0,1.1368683772161603e-13,9456.985526688823,0.0,0.00011098821255247138,True,9.884393063583834,10.019267822736055,-1.0,3.0,2.6157669268877777e-08,2601519.0964167616,45183399.71059737
Batticaloa,PF,1000.0,51210023071,a,helped,27615,68320.87423613135,36346.798828125,0.007651618141638226,52454.24666252335,52454.24666252335,0.0,52454.02469631357,295457.9883544646,0.0,52454.02469631357,52454.24666252335,52454.24666252335,0.0,52454.02469631357,0.0,52454.02469631357,159654.41266081433,159654.41266081433,159654.41266081433,0.0,0.05545382204534587,2856484.991059224,0.0,0.0,0.0,7.957618681962621,0.0,5.632680043150034,0.0,0.0,2000.000061035156,10.855099819652626,10.855099819652626,43493.30859375,0.0,0.0,5693.406186344279,0.0,0.00011098821255247138,True,9.884393063583834,10.019267822736055,-1.0,3.0,5.599765977227268e-08,2601519.0964167616,28239749.474336453
Batticaloa,PF,1000.0,51212045051,a,helped,27703,54125.45994769484,36346.798828125,0.008596649015520087,42591.40900415535,42591.40900415535,0.0,42591.40895546229,239903.7795073465,0.0,42591.40895546229,42591.40900415535,42591.40900415535,0.0,42591.40900415535,0.0,42591.40895546229,129635.55093529327,129635.55093529327,129635.55093529327,0.0,0.05545382204534587,3249897.911839302,0.0,11497.107506943023,0.0,8.05832890451429,0.0,5.632680043150034,0.0,0.0,0.0,52.104249136012136,52.104249136012136,43493.30859375,0.0,-2.842170943040401e-14,4510.454995641237,0.0,0.00011098821255247138,True,9.788053949903677,10.019267822736055,-1.0,3.0,7.941409665458382e-08,2601519.0964167616,135550199.13179213
Colombo,PF,5.0,11210093091,a,helped,29704,31215.479261382017,36346.798828125,0.011319962602154565,22569.495461229555,22569.495461229555,0.0,22569.495461229555,127126.746668433,0.0,22569.495461229555,22569.495461229555,22569.495461229555,0.0,22569.495461229555,0.0,22569.495461229555,68694.81538313614,68694.81538313614,68694.81538313614,0.0,0.05545382204534587,3110626.8313146573,0.0,0.0,0.0,5.857433786166215,1.0,5.632680043150034,0.0,0.0,0.0,31.576627497138567,31.576627497138567,43493.30859375,0.0,5.684341886080802e-14,2601.2899384485013,0.0,0.0027704507142183674,False,10.019267822736055,10.019267822736055,-1.0,3.0,1.8131969891231124e-07,2601519.0964167616,82147199.43424459
Colombo,PF,25.0,11210093091,a,helped,34370,31215.479261382017,36346.798828125,0.011319962602154565,23503.4099449179,23503.4099449179,0.0,23503.4099449179,132387.1881427131,0.0,23503.4099449179,23503.4099449179,23503.4099449179,0.0,23503.4099449179,0.0,23503.4099449179,71537.37263705506,71537.37263705506,71537.37263705506,0.0,0.05545382204534587,3517198.7367250063,0.0,0.0,0.0,6.623024821157084,1.0,5.632680043150034,0.0,0.0,0.0,39.587197256782225,39.587197256782225,43493.30859375,0.0,5.684341886080802e-14,2601.2899384485013,0.0,0.003446723134252758,False,10.019267822736055,10.019267822736055,-1.0,3.0,1.8131969891231124e-07,2601519.0964167616,102986849.6371362
Colombo,PF,50.0,11210093091,a,helped,36703,31215.479261382017,36346.798828125,0.011319962602154565,23769.55617390215,23769.55617390215,0.0,23769.55617390215,133886.30469527232,0.0,23769.55617390215,23769.55617390215,23769.55617390215,0.0,23769.55617390215,0.0,23769.55617390215,72347.44241005453,72347.44241005453,72347.44241005453,0.0,0.05545382204534587,3632631.555315467,0.0,0.0,0.0,6.840389400166518,1.0,5.632680043150034,0.0,0.0,0.0,44.945037862185046,44.945037862185046,43493.30859375,0.0,0.0,2601.2899384485013,0.0,0.0038743521356666144,False,10.019267822736055,10.019267822736055,-1.0,3.0,1.8131969891231124e-07,2601519.0964167616,116925374.28764878
Colombo,PF,100.0,11210093091,a,helped,39036,31215.479261382017,36346.798828125,0.011319962602154565,24666.803151530617,24666.803151530617,0.0,24666.803151530617,138940.20983993687,0.0,24666.803151530617,24666.803151530617,24666.803151530617,0.0,24666.803151530617,0.0,24666.803151530617,75078.39470746607,75078.39470746607,75078.39470746607,0.0,0.05545382204534587,4138104.3997968053,0.0,0.0,0.0,7.792214828870613,1.0,5.632680043150034,0.0,0.0,0.0,49.45280996282867,49.45280996282867,43493.30859375,0.0,0.0,2601.2899384485013,0.0,0.004272169465524238,False,10.019267822736055,10.019267822736055,-1.0,3.0,1.8131969891231124e-07,2601519.0964167616,128652429.48976786
Colombo,PF,250.0,11210093091,a,helped,41369,31215.479261382017,36346.798828125,0.011319962602154565,22516.48695882081,22516.48695882081,0.0,22516.48695882081,126828.16673479798,0.0,22516.48695882081,22516.48695882081,22516.48695882081,0.0,22516.48695882081,0.0,22516.48695882081,68533.47330559789,68533.47330559789,68533.47330559789,0.0,0.05545382204534587,3074580.5824668366,0.0,0.0,0.0,5.789557268886724,1.0,5.632680043150034,0.0,0.0,0.0,52.5063897421718,52.5063897421718,43493.30859375,0.0,0.0,2601.2899384485013,0.0,0.004549410500030524,False,10.019267822736055,10.019267822736055,-1.0,3.0,1.8131969891231124e-07,2601519.0964167616,136596375.5981611
Colombo,PF,1000.0,11210093091,a,helped,46035,31215.479261382017,36346.798828125,0.011319962602154565,25256.883424091306,25256.883424091306,0.0,25256.883424091306,142263.943215046,0.0,25256.883424091306,25256.883424091306,25256.883424091306,0.0,25256.883424091306,0.0,25256.883424091306,76874.42313240007,76874.42313240007,76874.42313240007,0.0,0.05545382204534587,4517243.7522376245,0.0,0.0,0.0,8.506149277803997,1.0,5.632680043150034,0.0,0.0,0.0,56.083418998412995,56.083418998412995,43493.30859375,0.0,0.0,2601.2899384485013,0.0,0.004852364853122606,False,10.019267822736055,10.019267822736055,-1.0,3.0,1.8131969891231124e-07,2601519.0964167616,145902085.516714
Gampaha,PF,10.0,12101137041,a,helped,60744,35444.64916467641,36346.798828125,0.010623182798270929,27592.274798521958,27592.274798521958,0.0,27592.274798521958,155418.45560274625,0.0,27592.274798521958,27592.274798521958,27592.274798521958,0.0,27592.274798521958,0.0,27592.274798521958,83982.65820967381,83982.65820967381,83982.65820967381,0.0,0.05545382204534587,3794172.6770181432,0.0,0.0,0.0,7.613194125162152,1.0,5.632680043150034,0.0,0.0,0.0,7.536734649935844,7.536734649935844,43493.30859375,0.0,-2.842170943040401e-14,2953.7207637230345,0.0,0.0006026105389187492,False,10.019267822736055,10.019267822736055,-1.0,3.0,1.4985594509506148e-07,2601519.0964167616,19606959.116433993
Gampaha,PF,50.0,12101137041,a,helped,65054,35444.64916467641,36346.798828125,0.010623182798270929,29683.995028858422,29683.995028858422,0.0,29683.995028858422,167200.44640001567,0.0,29683.995028858422,29683.995028858422,29683.995028858422,0.0,29683.995028858422,0.0,29683.995028858422,90349.23097169984,90349.23097169984,90349.23097169984,0.0,0.05545382204534587,5033164.175577941,0.0,0.0,0.0,10.099291517380603,1.0,5.632680043150034,0.0,0.0,0.0,11.06075170732095,11.06075170732095,43493.30859375,0.0,0.0,2953.7207637230345,0.0,0.0008594552591466462,False,10.019267822736055,10.019267822736055,-1.0,3.0,1.4985594509506148e-07,2601519.0964167616,28774756.78731975
Gampaha,PF,250.0,12101137041,a,helped,69364,35444.64916467641,36346.798828125,0.010623182798270929,28924.886985580248,28924.886985580248,0.0,28924.886985580248,162924.633674048,0.0,28924.886985580248,28924.886985580248,28924.886985580248,0.0,28924.886985580248,0.0,28924.886985580248,88038.73240612815,88038.73240612815,88038.73240612815,0.0,0.05545382204534587,4515537.147647034,0.0,0.0,0.0,9.060647421939533,1.0,5.632680043150034,0.0,0.0,0.0,12.691856364642073,12.691856364642073,43493.30859375,0.0,0.0,2953.7207637230345,0.0,0.001005479764753755,False,10.019267822736055,10.019267822736055,-1.0,3.0,1.4985594509506148e-07,2601519.0964167616,33018106.70159497
Hambantota,PF,5.0,33211033041,a,helped,76440,31027.432105400658,36346.798828125,0.011354214086190353,25025.81858321437,25025.81858321437,0.0,25025.81858321437,140962.42889716485,0.0,25025.81858321437,25025.81858321437,25025.81858321437,0.0,25025.81858321437,0.0,25025.81858321437,76171.13064574075,76171.13064574075,76171.13064574075,0.0,0.05545382204534587,4613734.960171722,0.0,0.0,0.0,8.661638018887214,1.0,5.632680043150034,0.0,0.0,0.0,36.47870694968188,36.47870694968188,43493.30859375,0.0,0.0,2585.6193421167213,0.0,0.0001039319566918946,False,10.019267822736055,10.019267822736055,-1.0,3.0,1.8297057338841185e-07,2601519.0964167616,94900052.74218825
Hambantota,PF,5.0,33211036071,a,helped,76451,38028.39546684645,36346.798828125,0.010255952360698855,28686.748912921896,28686.748912921896,0.0,28686.748912921896,161583.2781046711,0.0,28686.748912921896,28686.748912921896,28686.748912921896,0.0,28686.748912921896,0.0,28686.748912921896,87313.91111071802,87313.91111071802,87313.91111071802,0.0,0.05545382204534587,3365450.342152844,0.0,0.0,0.0,6.994741323119748,1.0,5.632680043150034,0.0,0.0,0.0,24.319137966454583,24.319137966454583,43493.30859375,0.0,0.0,3169.0329555705375,0.0,0.0001039319566918946,False,10.019267822736055,10.019267822736055,-1.0,3.0,1.3484597804869393e-07,2601519.0964167616,63266701.82812549
Hambantota,PF,10.0,33207001101,a,helped,77116,29040.668946569254,36346.798828125,0.011736177997618958,20589.695363355426,20589.695363355426,0.0,20589.695363355426,115975.16616771091,0.0,20589.695363355426,20589.695363355426,20589.695363355426,0.0,20589.695363355426,0.0,20589.695363355426,62668.894136797,62668.894136797,62668.894136797,0.0,0.05545382204534587,3132737.32426547,0.0,0.0,0.0,5.689862349890693,1.0,5.632680043150034,0.0,0.0,0.0,31.781146215596213,31.781146215596213,43493.30859375,0.0,-1.4210854715202004e-14,2420.0557455474377,0.0,0.00011952983186946989,False,10.019267822736055,10.019267822736055,-1.0,3.0,2.0206452577266515e-07,2601519.0964167616,82679258.78588684
Hambantota,PF,10.0,33211036071,a,helped,77334,38028.39546684645,36346.798828125,0.010255952360698855,31862.15772195678,31862.15772195678,0.0,31842.267542024918,179469.33993216473,0.0,31842.267542024918,31862.15772195678,31862.15772195678,0.0,31842.267609359555,0.0,31842.267542024918,96978.90881867972,96978.90881867972,96918.36924591154,0.0,0.05545382204534587,4697350.8563373415,0.0,15898.643797697612,0.0,9.762959129860942,1.0,5.632680043150034,0.0,0.0,0.0,28.24985211359798,28.24985211359798,43493.30859375,0.0,2.842170943040401e-14,3169.0329555705375,0.0,0.00011952983186946989,False,10.019267822736055,10.019267822736055,0.0,3.0,1.3484597804869393e-07,2601519.0964167616,73492529.74447456
Hambantota,PF,25.0,33207001101,a,helped,77999,29040.668946569254,36346.798828125,0.011736177997618958,20497.719000421588,20497.719000421588,0.0,20497.719000421588,115457.09274377195,0.0,20497.719000421588,20497.719000421588,20497.719000421588,0.0,20497.719000421588,0.0,20497.719000421588,62388.945509579964,62388.945509579964,62388.945509579964,0.0,0.05545382204534587,3089053.6286237547,0.0,0.0,0.0,5.610521444666806,1.0,5.632680043150034,0.0,0.0,0.0,36.39217093329141,36.39217093329141,43493.30859375,0.0,-2.1316282072803006e-14,2420.0557455474377,0.0,0.00013606123371030053,False,10.019267822736055,10.019267822736055,-1.0,3.0,2.0206452577266515e-07,2601519.0964167616,94674927.6430206
Hambantota,PF,25.0,33211033041,a,helped,78206,31027.432105400658,36346.798828125,0.011354214086190353,25604.605236467076,25604.605236467076,0.0,25604.605236467076,144222.54892818295,0.0,25604.605236467076,25604.605236467076,25604.605236467076,0.0,25604.605236467076,0.0,25604.605236467076,77932.7846605466,77932.7846605466,77932.7846605466,0.0,0.05545382204534587,5054153.158977669,0.0,0.0,0.0,9.488461199654719,1.0,5.632680043150034,0.0,0.0,0.0,48.52279901977293,48.52279901977293,43493.30859375,0.0,2.842170943040401e-14,2585.6193421167213,0.0,0.00013606123371030053,False,10.019267822736055,10.019267822736055,-1.0,3.0,1.8297057338841185e-07,2601519.0964167616,126232988.2615318
Hambantota,PF,50.0,33207001101,a,helped,78882,29040.668946569254,36346.798828125,0.011736177997618958,20355.691833550667,20355.691833550667,0.0,20355.691833550667,114657.09915535297,0.0,20355.691833550667,20355.691833550667,20355.691833550667,0.0,20355.691833550667,0.0,20355.691833550667,61956.657157173155,61956.657157173155,61956.657157173155,0.0,0.05545382204534587,3024764.7630960974,0.0,0.0,0.0,5.493756214256443,1.0,5.632680043150034,0.0,0.0,0.0,40.3047089209735,40.3047089209735,43493.30859375,0.0,-1.4210854715202004e-14,2420.0557455474377,0.0,0.00015146593107404074,False,10.019267822736055,10.019267822736055,-1.0,3.0,2.0206452577266515e-07,2601519.0964167616,104853469.93343158
Hambantota,PF,50.0,33211033041,a,helped,79089,31027.432105400658,36346.798828125,0.011354214086190353,22553.70002013614,22553.70002013614,0.0,22553.70002013614,127037.77600261336,0.0,22553.70002013614,22553.70002013614,22553.70002013614,0.0,22553.70002013614,0.0,22553.70002013614,68646.73876965264,68646.73876965264,68646.73876965264,0.0,0.05545382204534587,3264764.1938816155,0.0,0.0,0.0,6.1291352686141645,1.0,5.632680043150034,0.0,0.0,0.0,53.7395060632061,53.7395060632061,43493.30859375,0.0,0.0,2585.6193421167213,0.0,0.00015146593107404074,False,10.019267822736055,10.019267822736055,-1.0,3.0,1.8297057338841185e-07,2601519.0964167616,139804351.25543502
Hambantota,PF,50.0,33211036071,a,helped,79100,38028.39546684645,36346.798828125,0.010255952360698855,29526.145536935586,29526.145536935586,0.0,29526.145536935586,166311.33071704055,0.0,29526.145536935586,29526.145536935586,29526.145536935586,0.0,29526.145536935586,0.0,29526.145536935586,89868.78417905496,89868.78417905496,89868.78417905496,0.0,0.05545382204534587,3689617.881991806,0.0,0.0,0.0,7.668490110354915,1.0,5.632680043150034,0.0,0.0,0.0,35.826337375470736,35.826337375470736,43493.30859375,0.0,0.0,3169.0329555705375,0.0,0.00015146593107404074,False,10.019267822736055,10.019267822736055,-1.0,3.0,1.3484597804869393e-07,2601519.0964167616,93202900.83695668
Hambantota,PF,100.0,33207001101,a,helped,79765,29040.668946569254,36346.798828125,0.011736177997618958,24293.89376104235,24293.89376104235,0.0,24293.89376104235,136839.73055823037,0.0,24293.89376104235,24293.89376104235,24293.89376104235,0.0,24293.89376104235,0.0,24293.89376104235,73943.36970089316,73943.36970089316,73943.36970089316,0.0,0.05545382204534587,5502391.664627857,0.0,0.0,0.0,9.993768364942357,1.0,5.632680043150034,0.0,0.0,0.0,41.276516545339575,41.276516545339575,43493.30859375,0.0,0.0,2420.0557455474377,0.0,0.00015764512139598272,False,10.019267822736055,10.019267822736055,-1.0,3.0,2.0206452577266515e-07,2601519.0964167616,107381646.02626333
Hambantota,PF,100.0,33211033041,a,helped,79972,31027.432105400658,36346.798828125,0.011354214086190353,22490.687432779032,22490.687432779032,0.0,22490.687432779032,126682.84625933973,0.0,22490.687432779032,22490.687432779032,22490.687432779032,0.0,22490.687432779032,0.0,22490.687432779032,68454.94724011906,68454.94724011906,68454.94724011906,0.0,0.05545382204534587,3242456.2666692417,0.0,0.0,0.0,6.087255275044254,1.0,5.632680043150034,0.0,0.0,0.0,55.03524701060478,55.03524701060478,43493.30859375,0.0,-2.842170943040401e-14,2585.6193421167213,0.0,0.00015764512139598272,False,10.019267822736055,10.019267822736055,-1.0,3.0,1.8297057338841185e-07,2601519.0964167616,143175246.07410184
Hambantota,PF,100.0,33211036071,a,helped,79983,38028.39546684645,36346.798828125,0.010255952360698855,26380.387783177695,26380.387783177695,0.0,26380.387783177695,148592.28379686398,0.0,26380.387783177695,26380.387783177695,26380.387783177695,0.0,26380.387783177695,0.0,26380.387783177695,80294.03544328085,80294.03544328085,80294.03544328085,0.0,0.05545382204534587,2645356.727968796,0.0,0.0,0.0,5.498101037996487,1.0,5.632680043150034,0.0,0.0,0.0,36.69016467373652,36.69016467373652,43493.30859375,0.0,7.105427357601002e-15,3169.0329555705375,0.0,0.00015764512139598272,False,10.019267822736055,10.019267822736055,-1.0,3.0,1.3484597804869393e-07,2601519.0964167616,95450164.04940121
Hambantota,PF,250.0,33207001101,a,helped,80648,29040.668946569254,36346.798828125,0.011736177997618958,21586.989437956945,21586.989437956945,0.0,21586.989437956945,121592.60459887066,0.0,21586.989437956945,21586.989437956945,21586.989437956945,0.0,21586.989437956945,0.0,21586.989437956945,65704.35996965681,65704.35996965681,65704.35996965681,0.0,0.05545382204534587,3583206.112941095,0.0,0.0,0.0,6.50803034011224,1.0,5.632680043150034,0.0,0.0,0.0,45.91453591926716,45.91453591926716,43493.30859375,0.0,1.4210854715202004e-14,2420.0557455474377,0.0,0.0001722881845610591,False,10.019267822736055,10.019267822736055,-1.0,3.0,2.0206452577266515e-07,2601519.0964167616,119447541.99708685
Hambantota,PF,250.0,33211033041,a,helped,80855,31027.432105400658,36346.798828125,0.011354214086190353,26040.691452740608,26040.691452740608,0.0,26040.691452740608,146678.8830556797,0.0,26040.691452740608,26040.691452740608,26040.691452740608,0.0,26040.691452740608,0.0,26040.691452740608,79260.10108946286,79260.10108946286,79260.10108946286,0.0,0.05545382204534587,5428257.101006734,0.0,0.0,0.0,10.190788696848863,1.0,5.632680043150034,0.0,0.0,0.0,61.219260664075136,61.219260664075136,43493.30859375,0.0,0.0,2585.6193421167213,0.0,0.0001722881845610591,False,10.019267822736055,10.019267822736055,-1.0,3.0,1.8297057338841185e-07,2601519.0964167616,159263075.68610695
Hambantota,PF,250.0,33211036071,a,helped,80866,38028.39546684645,36346.798828125,0.010255952360698855,29648.932612490833,29648.932612490833,0.0,29648.932612490833,167002.95102707733,0.0,29648.932612490833,29648.932612490833,29648.932612490833,0.0,29648.932612490833,0.0,29648.932612490833,90242.51142967926,90242.51142967926,90242.51142967926,0.0,0.05545382204534587,3743730.8203213797,0.0,0.0,0.0,7.7809582698485915,1.0,5.632680043150034,0.0,0.0,0.0,40.81284044271676,40.81284044271676,43493.30859375,0.0,1.4210854715202004e-14,3169.0329555705375,0.0,0.0001722881845610591,False,10.019267822736055,10.019267822736055,-1.0,3.0,1.3484597804869393e-07,2601519.0964167616,106175383.79073797
Hambantota,PF,500.0,33207001101,a,helped,81531,29040.668946569254,36346.798828125,0.011736177997618958,20489.361262296195,20489.361262296195,0.0,20489.361262296195,115410.01627902717,0.0,20489.361262296195,20489.361262296195,20489.361262296195,0.0,20489.361262296195,0.0,20489.361262296195,62363.50704647693,62363.50704647693,62363.50704647693,0.0,0.05545382204534587,3095234.710117161,0.0,0.0,0.0,5.621747889539321,1.0,5.632680043150034,0.0,0.0,0.0,47.581455941617264,47.581455941617264,43493.30859375,0.0,1.0658141036401503e-14,2420.0557455474377,0.0,0.00017682032054955994,False,10.019267822736055,10.019267822736055,-1.0,3.0,2.0206452577266515e-07,2601519.0964167616,123784066.2674301
Hambantota,PF,500.0,33211036071,a,helped,81749,38028.39546684645,36346.798828125,0.010255952360698855,30192.12627418127,30192.12627418127,0.0,30192.12627418127,170062.58712484664,0.0,30192.12627418127,30192.12627418127,30192.12627418127,0.0,30192.12627418127,0.0,30192.12627418127,91895.83098975601,91895.83098975601,91895.83098975601,0.0,0.05545382204534587,4002046.898565076,0.0,0.0,0.0,8.317841588044157,1.0,5.632680043150034,0.0,0.0,0.0,42.29454421126986,42.29454421126986,43493.30859375,0.0,0.0,3169.0329555705375,0.0,0.00017682032054955994,False,10.019267822736055,10.019267822736055,-1.0,3.0,1.3484597804869393e-07,2601519.0964167616,110030064.43986154
Hambantota,PF,1000.0,33211033041,a,helped,82621,31027.432105400658,36346.798828125,0.011354214086190353,20679.12481919547,20679.12481919547,0.0,20679.12481919547,116478.89367889088,0.0,20679.12481919547,20679.12481919547,20679.12481919547,0.0,20679.12481919547,0.0,20679.12481919547,62941.09073814767,62941.09073814767,62941.09073814767,0.0,0.05545382204534587,2600532.077559108,0.0,0.0,0.0,4.882132958821578,1.0,5.632680043150034,0.0,0.0,0.0,66.38197850136669,66.38197850136669,43493.30859375,0.0,0.0,2585.6193421167213,0.0,0.00018568573913529992,False,10.019267822736055,10.019267822736055,-1.0,3.0,1.8297057338841185e-07,2601519.0964167616,172693984.72923237
Hambantota,PF,1000.0,33211036071,a,helped,82632,38028.39546684645,36346.798828125,0.010255952360698855,30971.607799036083,30971.607799036083,0.0,30971.607799036083,174453.1571539005,0.0,30971.607799036083,30971.607799036083,30971.607799036083,0.0,30971.607799036083,0.0,30971.607799036083,94268.34035915906,94268.34035915906,94268.34035915906,0.0,0.05545382204534587,4407904.42208656,0.0,0.0,0.0,9.161374578419162,1.0,5.632680043150034,0.0,0.0,0.0,44.25465233424446,44.25465233424446,43493.30859375,0.0,0.0,3169.0329555705375,0.0,0.00018568573913529992,False,10.019267822736055,10.019267822736055,-1.0,3.0,1.3484597804869393e-07,2601519.0964167616,115129323.15282159
Mannar,PF,5.0,42203025061,a,helped,121072,29396.838527545486,36346.798828125,0.011664864066618718,20805.709474813302,20805.709474813302,0.0,20805.709474813302,117191.90454235848,0.0,20805.709474813302,20805.709474813302,20805.709474813302,0.0,20805.709474813302,0.0,20805.709474813302,63326.37669028348,63326.37669028348,63326.37669028348,0.0,0.05545382204534587,3174534.766698923,0.0,0.0,0.0,5.801026798247924,1.0,5.632680043150034,0.0,0.0,0.0,30.78791762149484,30.78791762149484,43493.30859375,0.0,0.0,2449.736543962124,0.0,3.49736896762644e-05,False,10.019267822736055,10.019267822736055,-1.0,3.0,1.984033768748378e-07,2601519.0964167616,80095355.63122496
Mannar,PF,10.0,42203025061,a,helped,121389,29396.838527545486,36346.798828125,0.011664864066618718,24232.428475712597,24232.428475712597,0.0,24232.428475712597,136493.51627220697,0.0,24232.428475712597,24232.428475712597,24232.428475712597,0.0,24232.428475712597,0.0,24232.428475712597,73756.28769742293,73756.28769742293,73756.28769742293,0.0,0.05545382204534587,5261053.502118023,0.0,0.0,0.0,9.613853555158514,1.0,5.632680043150034,0.0,0.0,0.0,36.87407436735825,36.87407436735825,43493.30859375,0.0,0.0,2449.736543962124,0.0,4.2531107885000565e-05,False,10.019267822736055,10.019267822736055,-1.0,3.0,1.984033768748378e-07,2601519.0964167616,95928608.6293743
Mannar,PF,10.0,42210012101,a,helped,121513,48017.55578284819,36346.798828125,0.009127040357480081,38773.99090264298,38773.99090264298,0.0,38773.99085121158,218401.48475059812,0.0,38773.99085121158,38773.99090264298,38773.99090264298,0.0,38773.99090264298,0.0,38773.99085121158,118016.46834773118,118016.46834773118,118016.46834773118,0.0,0.05545382204534587,3743441.017691039,0.0,12143.668788016093,0.0,8.742698267527901,0.0,5.632680043150034,0.0,0.0,0.0,58.07674127431197,58.07674127431197,43493.30859375,0.0,1.4210854715202004e-14,4001.462981904016,0.0,4.2531107885000565e-05,True,9.768786127167646,10.019267822736055,-1.0,3.0,9.503857712745396e-08,2601519.0964167616,151087751.48277813
Mannar,PF,25.0,42203025061,a,helped,121706,29396.838527545486,36346.798828125,0.011664864066618718,20253.31415968713,20253.31415968713,0.0,20253.31415968713,114080.4384749177,0.0,20253.31415968713,20253.31415968713,20253.31415968713,0.0,20253.31415968713,0.0,20253.31415968713,61645.05004050137,61645.05004050137,61645.05004050137,0.0,0.05545382204534587,2958932.5800760607,0.0,0.0,0.0,5.40704337885679,1.0,5.632680043150034,0.0,0.0,0.0,39.38145190202325,39.38145190202325,43493.30859375,0.0,0.0,2449.736543962124,0.0,4.428067051657804e-05,False,10.019267822736055,10.019267822736055,-1.0,3.0,1.984033768748378e-07,2601519.0964167616,102451599.16773169
Mannar,PF,50.0,42203025061,a,helped,122023,29396.838527545486,36346.798828125,0.011664864066618718,20925.81140139814,20925.81140139814,0.0,20925.81140139814,117868.40026737675,0.0,20925.81140139814,20925.81140139814,20925.81140139814,0.0,20925.81140139814,0.0,20925.81140139814,63691.93114798402,63691.93114798402,63691.93114798402,0.0,0.05545382204534587,3229147.0467384136,0.0,0.0,0.0,5.9008232482178,1.0,5.632680043150034,0.0,0.0,0.0,40.47517444681778,40.47517444681778,43493.30859375,0.0,0.0,2449.736543962124,0.0,4.481655938640854e-05,False,10.019267822736055,10.019267822736055,-1.0,3.0,1.984033768748378e-07,2601519.0964167616,105296939.2541962
Mannar,PF,50.0,42210012101,a,helped,122147,48017.55578284819,36346.798828125,0.009127040357480081,39670.28018806334,39670.28018806334,0.0,39670.28013567612,223449.99552147457,0.0,39670.28013567612,39670.28018806334,39670.28018806334,0.0,39670.28018806334,0.0,39670.28013567612,120744.50571558469,120744.50571558469,120744.50571558469,0.0,0.05545382204534587,4080400.446048896,0.0,12369.351407839553,0.0,9.529657270383645,0.0,5.632680043150034,0.0,0.0,0.0,63.748481140487726,63.748481140487726,43493.30859375,0.0,-5.684341886080802e-14,4001.462981904016,0.0,4.481655938640854e-05,True,9.788053949903677,10.019267822736055,-1.0,3.0,9.503857712745396e-08,2601519.0964167616,165842891.0545426
Mannar,PF,100.0,42210012031,a,helped,122459,66749.4191113997,36346.798828125,0.007741163680783697,51799.57841963637,51799.57841963637,0.0,51799.465412809725,291770.451607871,0.0,51799.465412809725,51799.57841963637,51799.57841963637,0.0,51799.465412809725,0.0,51799.465412809725,157662.12936541878,157662.12936541878,157662.12936541878,0.0,0.05545382204534587,2992237.4327137577,0.0,0.0,0.0,8.239374963498388,0.0,5.632680043150034,0.0,0.0,2333.333312988281,28.661705504366864,28.661705504366864,43493.30859375,0.0,-5.684341886080802e-14,5562.451592616641,0.0,4.84337279442151e-05,True,9.884393063583834,10.019267822736055,-1.0,3.0,5.798674942671999e-08,2601519.0964167616,74563974.20548381
Mannar,PF,100.0,42210012101,a,helped,122464,48017.55578284819,36346.798828125,0.009127040357480081,36416.00195187602,36416.00195187602,0.0,36416.00190014971,205119.68744564473,0.0,36416.00190014971,36416.00195187602,36416.00195187602,0.0,36416.00195187602,0.0,36416.00190014971,110839.4529852625,110839.4529852625,110839.4529852625,0.0,0.05545382204534587,3035729.446320035,0.0,12213.300124781661,0.0,7.089858353744227,0.0,5.632680043150034,0.0,0.0,0.0,66.87731284352269,66.87731284352269,43493.30859375,0.0,0.0,4001.462981904016,0.0,4.84337279442151e-05,True,9.749518304431614,10.019267822736055,-1.0,3.0,9.503857712745396e-08,2601519.0964167616,173982606.47946224
Mannar,PF,250.0,42203025061,a,helped,122657,29396.838527545486,36346.798828125,0.011664864066618718,24482.43538499443,24482.43538499443,0.0,24482.43538499443,137901.72520076836,0.0,24482.43538499443,24482.43538499443,24482.43538499443,0.0,24482.43538499443,0.0,24482.43538499443,74517.23419297603,74517.23419297603,74517.23419297603,0.0,0.05545382204534587,5484392.730018566,0.0,0.0,0.0,10.021975356104575,1.0,5.632680043150034,0.0,0.0,0.0,45.53457125267,45.53457125267,43493.30859375,0.0,0.0,2449.736543962124,0.0,5.198336698405641e-05,False,10.019267822736055,10.019267822736055,-1.0,3.0,1.984033768748378e-07,2601519.0964167616,118459056.6609707
Mannar,PF,500.0,42203025061,a,helped,122974,29396.838527545486,36346.798828125,0.011664864066618718,24476.482310362764,24476.482310362764,0.0,24476.482310362764,137868.1934360952,0.0,24476.482310362764,24476.482310362764,24476.482310362764,0.0,24476.482310362764,0.0,24476.482310362764,74499.11480862882,74499.11480862882,74499.11480862882,0.0,0.05545382204534587,5462676.976984728,0.0,0.0,0.0,9.98229279643791,1.0,5.632680043150034,0.0,0.0,0.0,53.503121221887234,53.503121221887234,43493.30859375,0.0,0.0,2449.736543962124,0.0,6.160657653165684e-05,False,10.019267822736055,10.019267822736055,-1.0,3.0,1.984033768748378e-07,2601519.0964167616,139189391.57664055
Mannar,PF,500.0,42210012031,a,helped,123093,66749.4191113997,36346.798828125,0.007741163680783697,49758.06944573066,49758.06944573066,0.0,49757.92570367302,280271.2847526406,0.0,49757.92570367302,49758.06944573066,49758.06944573066,0.0,49757.92570367302,0.0,49757.92570367302,151448.2911449484,151448.2911449484,151448.2911449484,0.0,0.05545382204534587,2639253.9708710685,0.0,0.0,0.0,7.267405604971264,0.0,5.632680043150034,0.0,0.0,2333.333312988281,36.11465293182094,36.11465293182094,43493.30859375,0.0,0.0,5562.451592616641,0.0,6.160657653165684e-05,True,9.865125240847803,10.019267822736055,-1.0,3.0,5.798674942671999e-08,2601519.0964167616,93952959.26259577
Mannar,PF,1000.0,42203025061,a,helped,123291,29396.838527545486,36346.798828125,0.011664864066618718,23583.38667976286,23583.38667976286,0.0,23583.38667976286,132837.67150099063,0.0,23583.38667976286,23583.38667976286,23583.38667976286,0.0,23583.38667976286,0.0,23583.38667976286,71780.79797390223,71780.79797390223,71780.79797390223,0.0,0.05545382204534587,4724005.822557984,0.0,0.0,0.0,8.632472593845474,1.0,5.632680043150034,0.0,0.0,0.0,56.4494758323541,56.4494758323541,43493.30859375,0.0,0.0,2449.736543962124,0.0,6.352706176064124e-05,False,10.019267822736055,10.019267822736055,-1.0,3.0,1.984033768748378e-07,2601519.0964167616,146854389.36058566
Mullaitivu,PF,50.0,44202023011,a,helped,135809,24116.32485689214,36346.798828125,0.012878771355659839,15718.042808122265,15718.042808122265,0.0,15718.042808122265,88534.70604268821,0.0,15718.042808122265,15718.042808122265,15718.042808122265,0.0,15718.042808122265,0.0,15718.042808122265,47841.03617836775,47841.03617836775,47841.03617836775,0.0,0.05545382204534587,2611189.0522899795,0.0,0.0,0.0,4.321836664117593,1.0,5.632680043150034,0.0,0.0,0.0,4.0617531726614615,4.0617531726614615,43493.30859375,0.0,0.0,2009.693738074345,0.0,3.726996351986539e-06,False,10.019267822736055,10.019267822736055,-1.0,3.0,2.670135568351172e-07,2601519.0964167616,10566728.44361016
Mullaitivu,PF,500.0,44202023011,a,helped,136673,24116.32485689214,36346.798828125,0.012878771355659839,15707.905870529634,15707.905870529634,0.0,15707.905870529634,88477.60791661154,0.0,15707.905870529634,15707.905870529634,15707.905870529634,0.0,15707.905870529634,0.0,15707.905870529634,47810.182362531574,47810.182362531574,47810.182362531574,0.0,0.05545382204534587,2647777.2161344127,0.0,0.0,0.0,4.38239454208393,1.0,5.632680043150034,0.0,0.0,0.0,4.412387942400883,4.412387942400883,43493.30859375,0.0,-1.4210854715202004e-14,2009.693738074345,0.0,3.996083269233557e-06,False,10.019267822736055,10.019267822736055,-1.0,3.0,2.670135568351172e-07,2601519.0964167616,11478911.49295496
Puttalam,PF,5.0,62211031021,a,helped,151490,26999.01829545263,36346.798828125,0.012171833671468194,18016.10910407612,18016.10910407612,0.0,18016.10910407612,101478.9782057432,0.0,18016.10910407612,18016.10910407612,18016.10910407612,0.0,18016.10910407612,0.0,18016.10910407612,54835.664844743675,54835.664844743675,54835.664844743675,0.0,0.05545382204534587,2630166.7073516636,0.0,0.0,0.0,4.606082721982369,1.0,5.632680043150034,0.0,0.0,0.0,58.4011637250901,58.4011637250901,43493.30859375,0.0,2.842170943040401e-14,2249.9181912877193,0.0,0.0002114494111574399,False,10.019267822736055,10.019267822736055,-1.0,3.0,2.254125231197436e-07,2601519.0964167616,151931742.68378377
Puttalam,PF,10.0,62211031021,a,helped,152211,26999.01829545263,36346.798828125,0.012171833671468194,21915.836709797433,21915.836709797433,0.0,21915.836709797433,123444.89606421092,0.0,21915.836709797433,21915.836709797433,21915.836709797433,0.0,21915.836709797433,0.0,21915.836709797433,66705.27302361214,66705.27302361214,66705.27302361214,0.0,0.05545382204534587,4837928.45098495,0.0,0.0,0.0,8.47242822517001,1.0,5.632680043150034,0.0,0.0,0.0,71.5000326478927,71.5000326478927,43493.30859375,0.0,0.0,2249.9181912877193,0.0,0.00026331873148475484,False,10.019267822736055,10.019267822736055,-1.0,3.0,2.254125231197436e-07,2601519.0964167616,186008700.32791477
Puttalam,PF,25.0,62211031021,a,helped,152932,26999.01829545263,36346.798828125,0.012171833671468194,20373.142865054175,20373.142865054175,0.0,20373.142865054175,114755.39523223517,0.0,20373.142865054175,20373.142865054175,20373.142865054175,0.0,20373.142865054175,0.0,20373.142865054175,62009.77289427229,62009.77289427229,62009.77289427229,0.0,0.05545382204534587,3730289.812073699,0.0,0.0,0.0,6.532674679271659,1.0,5.632680043150034,0.0,0.0,0.0,85.4993176805783,85.4993176805783,43493.30859375,0.0,-1.4210854715202004e-14,2249.9181912877193,0.0,0.00031774882614697426,False,10.019267822736055,10.019267822736055,-1.0,3.0,2.254125231197436e-07,2601519.0964167616,222428107.67662773
Puttalam,PF,50.0,62202049061,a,helped,153270,96839.51874646683,36346.798828125,0.006426931696906565,79322.31295760654,79322.31295760654,0.0,79322.31295760654,446797.2091728117,0.0,79322.31295760654,79322.31295760654,79322.31295760654,0.0,79322.31295760654,0.0,79322.31295760654,241433.47172942403,241433.47172942403,241433.47172942403,0.0,0.05545382204534587,3019007.770497942,0.0,0.0,0.0,10.0130183637518,0.0,5.632680043150034,0.0,0.0,0.0,40.823168757423964,40.823168757423964,43493.30859375,0.0,-1.2079226507921703e-13,8069.959895538902,0.0,0.0003317580428403172,True,9.884393063583834,10.019267822736055,-1.0,3.0,3.318341406535052e-08,2601519.0964167616,106202253.09868257
Puttalam,PF,50.0,62207005031,a,helped,153486,63893.26561373121,36346.798828125,0.007912294668495398,53170.62692005273,53170.62692005273,0.0,51486.16347502741,299493.129134357,0.0,51486.16347502741,53170.62692005273,53170.62692005273,0.0,51486.16356520548,0.0,51486.16347502741,161835.5362153783,161835.5362153783,156708.53196401315,0.0,0.05545382204534587,3201074.5783882714,0.0,21292.296393447123,0.0,8.623782721822538,0.0,5.632680043150034,0.0,0.0,0.0,40.823168757423964,40.823168757423964,43493.30859375,0.0,2.6756374893466273e-14,5324.438801144267,0.0,0.0003317580428403172,True,9.845857418111772,9.865125240847803,0.0,3.0,6.191806438826769e-08,2601519.0964167616,106202253.09868257
Puttalam,PF,50.0,62211031021,a,helped,153653,26999.01829545263,36346.798828125,0.012171833671468194,18729.249002128603,18729.249002128603,0.0,18729.249002128603,105495.86707747748,0.0,18729.249002128603,18729.249002128603,18729.249002128603,0.0,18729.249002128603,0.0,18729.249002128603,57006.25008105161,57006.25008105161,57006.25008105161,0.0,0.05545382204534587,2911776.733683811,0.0,0.0,0.0,5.099252631326855,1.0,5.632680043150034,0.0,0.0,0.0,90.71823435630782,90.71823435630782,43493.30859375,0.0,1.4210854715202004e-14,2249.9181912877193,0.0,0.0003317580428403172,False,10.019267822736055,10.019267822736055,-1.0,3.0,2.254125231197436e-07,2601519.0964167616,236005219.07114592
Puttalam,PF,100.0,62202049061,a,helped,153991,96839.51874646683,36346.798828125,0.006426931696906565,77025.06295285189,77025.06295285189,0.0,77025.06295285189,433857.5349169039,0.0,77025.06295285189,77025.06295285189,77025.06295285189,0.0,77025.06295285189,0.0,77025.06295285189,234441.3276100919,234441.3276100919,234441.3276100919,0.0,0.05545382204534587,2703144.2292111847,0.0,0.0,0.0,8.965406804003374,0.0,5.632680043150034,0.0,0.0,0.0,42.60992490536294,42.60992490536294,43493.30859375,0.0,0.0,8069.959895538902,0.0,0.00035028821809473723,True,9.884393063583834,10.019267822736055,-1.0,3.0,3.318341406535052e-08,2601519.0964167616,110850533.33818586
Puttalam,PF,100.0,62211031021,a,helped,154374,26999.01829545263,36346.798828125,0.012171833671468194,17927.32448247893,17927.32448247893,0.0,17927.32448247893,100978.88283953408,0.0,17927.32448247893,17927.32448247893,17927.32448247893,0.0,17927.32448247893,0.0,17927.32448247893,54565.43092657933,54565.43092657933,54565.43092657933,0.0,0.05545382204534587,2601983.826832319,0.0,0.0,0.0,4.556727417372588,1.0,5.632680043150034,0.0,0.0,0.0,94.68880714377241,94.68880714377241,43493.30859375,0.0,-1.4210854715202004e-14,2249.9181912877193,0.0,0.00035028821809473723,False,10.019267822736055,10.019267822736055,-1.0,3.0,2.254125231197436e-07,2601519.0964167616,246334740.0014478
Puttalam,PF,250.0,62211031021,a,helped,155095,26999.01829545263,36346.798828125,0.012171833671468194,21265.62675256097,21265.62675256097,0.0,21265.62675256097,119782.47141422765,0.0,21265.62675256097,21265.62675256097,21265.62675256097,0.0,21265.62675256097,0.0,21265.62675256097,64726.22776540669,64726.22776540669,64726.22776540669,0.0,0.05545382204534587,4316190.750446995,0.0,0.0,0.0,7.558734427306353,1.0,5.632680043150034,0.0,0.0,0.0,100.49343138612485,100.49343138612485,43493.30859375,0.0,-2.842170943040401e-14,2249.9181912877193,0.0,0.0003645757052243536,False,10.019267822736055,10.019267822736055,-1.0,3.0,2.254125231197436e-07,2601519.0964167616,261435580.81545135
Puttalam,PF,500.0,62211031021,a,helped,155816,26999.01829545263,36346.798828125,0.012171833671468194,19590.841885096233,19590.841885096233,0.0,19590.841885096233,110348.94411468935,0.0,19590.841885096233,19590.841885096233,19590.841885096233,0.0,19590.841885096233,0.0,19590.841885096233,59628.681944119104,59628.681944119104,59628.681944119104,0.0,0.05545382204534587,3307151.197070639,0.0,0.0,0.0,5.791652652750906,1.0,5.632680043150034,0.0,0.0,0.0,104.1807664846554,104.1807664846554,43493.30859375,0.0,0.0,2249.9181912877193,0.0,0.0003862096371502613,False,10.019267822736055,10.019267822736055,-1.0,3.0,2.254125231197436e-07,2601519.0964167616,271028253.4891663
Puttalam,PF,1000.0,62211031021,a,helped,156537,26999.01829545263,36346.798828125,0.012171833671468194,22047.682651084033,22047.682651084033,0.0,22047.682651084033,124187.54206646627,0.0,22047.682651084033,22047.682651084033,22047.682651084033,0.0,22047.682651084033,0.0,22047.682651084033,67106.57276073996,67106.57276073996,67106.57276073996,0.0,0.05545382204534587,4962073.645914821,0.0,0.0,0.0,8.689837652407185,1.0,5.632680043150034,0.0,0.0,0.0,110.07980328998588,110.07980328998588,43493.30859375,0.0,0.0,2249.9181912877193,0.0,0.0004106374577327444,False,10.019267822736055,10.019267822736055,-1.0,3.0,2.254125231197436e-07,2601519.0964167616,286374710.38869894
Trincomalee,PF,250.0,53212031101,a,helped,167286,82728.26234985763,36346.798828125,0.006953493363294853,69236.59450733408,69236.59450733408,0.0,69236.59450733408,389987.584137132,0.0,69236.59450733408,69236.59450733408,69236.59450733408,0.0,69236.59450733408,0.0,69236.59450733408,210735.55169226907,210735.55169226907,210735.55169226907,0.0,0.05545382204534587,3569546.7970576496,0.0,0.0,0.0,10.942448258401932,0.0,5.632680043150034,0.0,0.0,0.0,50.11986355804735,50.11986355804735,43493.30859375,0.0,1.1368683772161603e-13,6894.021862488135,0.0,0.000158205432012181,True,9.884393063583834,10.019267822736055,-1.0,3.0,4.202610550363397e-08,2601519.0964167616,130387782.15606272
Trincomalee,PF,1000.0,53212031101,a,helped,168448,82728.26234985763,36346.798828125,0.006953493363294853,67321.97269733257,67321.97269733257,0.0,67321.97269733257,379203.1320777567,0.0,67321.97269733257,67321.97269733257,67321.97269733257,0.0,67321.97269733257,0.0,67321.97269733257,204908.0137221573,204908.0137221573,204908.0137221573,0.0,0.05545382204534587,3183581.465990586,0.0,0.0,0.0,9.759271260072722,0.0,5.632680043150034,0.0,0.0,0.0,55.64822736796855,55.64822736796855,43493.30859375,0.0,7.105427357601002e-14,6894.021862488135,0.0,0.0001753399962360422,True,9.884393063583834,10.019267822736055,-1.0,3.0,4.202610550363397e-08,2601519.0964167616,144769926.17951205
