,region,hazard,rp,index_x,hhid,helped_cat,affected_cat,pcwgt,pcexp,pcsoc,c,pov_line,k,optimal_hh_reco_rate,dk_private,dk_public,dk0,scale_fac_soc,di0_pub,hh_reco_rate,dc0_prv,dc0_pub,dc0,welf_class,c_min,sub_savings_q1,sub_savings_q3,dc_pre_reco,dw,const,integ,t_start_prv_reco,t_pov_inc,t_pov_cons,dk_prv_t,index_y,sav_f,sav_i,sav_offset_to,t_exhaust_sav,intermed_sf_num,di_t,di_prv_t,di_pub_t,dc_t,dc_net,sav_delta,dc_net_t0
0,ARMM,EQ,1,0,153829114,helped,a,0.7588140140153177,202556.04127608586,822.4791037502216,243302.08999999997,22302.6775,939313.916536356,0.7850000000000005,87437,9997,97434.0,4.7652850441127067e-07,2580.680034070361,0.7850000000000005,91209.51081099751,2580.680034070361,93790.19084506787,1,15573.959716184301,1538.5808249715756,9071.979577145335,0,0,0.004054684583948998,0.1744498431935843,-1,0.0,0.0,921.4400000000086,10513,0.13999999999349932,30381.19,0.0,1.267,733.4711795002369,249.52,241.49,8.03,983.87,976.6,-0.0,34702.0
1,ARMM,EQ,1,2248,153829114,not_helped,na,1005.7016859859847,202556.04127608586,822.4791037502216,243302.08999999997,22302.6775,939313.916536356,0.0,0,0,0.0,4.7652850441127067e-07,0.0,0.0,0.002358060563469492,0.0,0.002358060563469492,0,15573.959716184301,1538.5808249715756,9071.979577145335,0,0,0.004054684583948998,0.0,-1,0.0,0.0,0.0,10513,30380.94,30381.22,0.0,10.0,0.0,0.0,0.0,0.0,0.0,0.0,0.0,0.0
2,ARMM,EQ,10,3225,153829114,helped,a,1.2561297817449977,202556.04127608586,822.4791037502216,243302.08999999997,22302.6775,939313.916536356,0.7850000000000005,83013,7111,90124.0,8.065142748161057e-07,1835.672273909607,0.7850000000000005,86594.63687484375,1835.672273909607,88430.30914875335,1,15573.959716184301,1538.5808249715756,9071.979577145335,0,0,0.004054684583948998,0.1596988890310273,-1,0.0,0.0,874.8400000000005,10513,0.13999999999632906,30381.26,0.0,1.301,1143.4643978803388,234.99,229.28,5.71,932.2,924.93,0.0,31835.0
3,ARMM,EQ,10,5473,153829114,not_helped,na,1005.204370218255,202556.04127608586,822.4791037502216,243302.08999999997,22302.6775,939313.916536356,0.0,0,0,0.0,8.065142748161057e-07,0.0,0.0,0.003879616854433471,0.0,0.003879616854433471,0,15573.959716184301,1538.5808249715756,9071.979577145335,0,0,0.004054684583948998,0.0,-1,0.0,0.0,0.0,10513,30380.94,30381.29,0.0,10.0,0.0,0.0,0.0,0.0,0.0,0.0,0.0,0.0
4,ARMM,EQ,25,6450,153829114,helped,a,9.273290641531224,202556.04127608586,822.4791037502216,243302.08999999997,22302.6775,939313.916536356,0.4950000000000002,147628,19099,166727.0,5.769704356548469e-06,4930.319893038895,0.4950000000000002,111185.38472393321,4930.319893038895,116115.7046169721,1,15573.959716184301,1538.5808249715756,9071.979577145335,0,0,0.004054684583948998,0.3904134871394399,-1,0.0,0.0,8363.610000000004,10513,0.5800000000022243,30384.02,0.0,1.283,78852.81037751345,2195.07,2179.72,15.35,6374.73,6344.11,0.01,61541.0
5,ARMM,EQ,25,8698,153829114,not_helped,na,997.1872093584687,202556.04127608586,822.4791037502216,243302.08999999997,22302.6775,939313.916536356,0.0,0,0,0.0,5.769704356548469e-06,0.0,0.0,0.02866814250288061,0.0,0.02866814250288061,0,15573.959716184301,1538.5808249715756,9071.979577145335,0,0,0.004054684583948998,0.0,-1,0.0,0.0,0.0,10513,30380.94,30384.69,0.0,10.0,0.0,0.0,0.0,0.0,0.0,0.0,0.0,0.0
6,ARMM,EQ,30,9675,153829114,helped,a,12.358691602772117,202556.04127608586,822.4791037502216,243302.08999999997,22302.6775,939313.916536356,0.7350000000000004,89830,13161,102991.0,7.620985778092248e-06,3397.4522285085554,0.7350000000000004,89214.29410206425,3397.4522285085554,92611.7463305728,1,15573.959716184301,1538.5808249715756,9071.979577145335,0,0,0.004054684583948998,0.18506238839262498,-1,0.0,0.0,1265.1500000000492,10513,0.1700000000020443,30385.95,0.0,1.281,16364.910013980354,341.84,331.26,10.58,1284.98,1275.64,0.01,36119.0
7,ARMM,EQ,30,11923,153829114,not_helped,na,994.1018083972278,202556.04127608586,822.4791037502216,243302.08999999997,22302.6775,939313.916536356,0.0,0,0,0.0,7.620985778092248e-06,0.0,0.0,0.03859435785329839,0.0,0.03859435785329839,0,15573.959716184301,1538.5808249715756,9071.979577145335,0,0,0.004054684583948998,0.0,-1,0.0,0.0,0.0,10513,30380.94,30386.57,0.0,10.0,0.0,0.01,0.01,0.0,0.01,0.0,0.0,0.0
8,ARMM,EQ,50,12900,153829114,helped,a,29.762639418694498,202556.04127608586,822.4791037502216,243302.08999999997,22302.6775,939313.916536356,0.6450000000000004,109669,16292,125961.0,1.819412814882797e-05,4205.705623194391,0.6450000000000004,99047.15071543753,4205.705623194391,103252.85633863191,1,15573.959716184301,1538.5808249715756,9071.979577145335,0,0,0.004054684583948998,0.2522169039184374,-1,0.0,0.0,2603.160000000082,10513,0.2899999999958842,30392.8,0.0,1.238,79955.22524959041,693.5,680.41,13.09,2393.53,2378.48,0.0,46464.0
9,ARMM,EQ,50,15148,153829114,not_helped,na,976.6978605813056,202556.04127608586,822.4791037502216,243302.08999999997,22302.6775,939313.916536356,0.0,0,0,0.0,1.819412814882797e-05,0.0,0.0,0.09268388177616944,0.0,0.09268388177616944,0,15573.959716184301,1538.5808249715756,9071.979577145335,0,0,0.004054684583948998,0.0,-1,0.0,0.0,0.0,10513,30380.94,30394.63,0.0,10.0,0.0,0.01,0.01,0.0,0.01,0.0,0.0,0.0
10,ARMM,EQ,100,16125,153829114,helped,a,76.41152659314464,202556.04127608586,822.4791037502216,243302.08999999997,22302.6775,939313.916536356,0.8450000000000005,73932,11204,85136.0,4.706601080643988e-05,2892.2615886490275,0.8450000000000005,81557.98541363995,2892.2615886490275,84450.24700228898,1,15573.959716184301,1538.5808249715756,9071.979577145335,0,0,0.004054684583948998,0.1344578688743421,-1,0.0,0.0,550.1500000000295,10513,0.0999999999998205,30413.23,0.0,1.312,45393.001360809365,153.39,144.39,9.0,625.9,625.9,0.0,27869.0
11,ARMM,EQ,100,18373,153829114,not_helped,na,930.0489734068555,202556.04127608586,822.4791037502216,243302.08999999997,22302.6775,939313.916536356,0.0,0,0,0.0,4.706601080643988e-05,0.0,0.0,0.23622299372973338,0.0,0.23622299372973338,0,15573.959716184301,1538.5808249715756,9071.979577145335,0,0,0.004054684583948998,0.0,-1,0.0,0.0,0.0,10513,30380.94,30416.45,0.0,10.0,0.0,0.04,0.04,0.0,0.04,0.0,0.0,0.0
12,ARMM,EQ,200,19350,153829114,helped,a,138.76742803671448,202556.04127608586,822.4791037502216,243302.08999999997,22302.6775,939313.916536356,0.4150000000000002,174173,31111,205284.0,8.211956617009025e-05,8031.163002897171,0.4150000000000002,117244.19510947342,8031.163002897171,125275.3581123706,1,15573.959716184301,1538.5808249715756,9071.979577145335,0,0,0.004054684583948998,0.5035607779464049,-1,0.0,0.0,15692.910000000104,10513,0.8199999999971839,30439.55,0.0,1.313,2208588.089282174,4108.64,4083.64,25.0,10673.48,10630.4,0.01,72660.0
13,ARMM,EQ,200,21598,153829114,not_helped,na,867.6930719632855,202556.04127608586,822.4791037502216,243302.08999999997,22302.6775,939313.916536356,0.0,0,0,0.0,8.211956617009025e-05,0.0,0.0,0.4331619754147939,0.0,0.4331619754147939,0,15573.959716184301,1538.5808249715756,9071.979577145335,0,0,0.004054684583948998,0.0,-1,0.0,0.0,0.0,10513,30380.280000000104,30455.94,0.0,10.0,0.0,0.07,0.07,0.0,0.07,0.0,0.0,0.0
14,ARMM,EQ,250,22575,153829114,helped,a,160.8459251393126,202556.04127608586,822.4791037502216,243302.08999999997,22302.6775,939313.916536356,0.7850000000000005,78937,14158,93095.0,9.703453634088843e-05,3654.8232392085806,0.7850000000000005,82343.27538974234,3654.8232392085806,85998.09862895092,1,15573.959716184301,1538.5808249715756,9071.979577145335,0,0,0.004054684583948998,0.1519629565496112,-1,0.0,0.0,831.8800000000032,10513,0.12999999999462908,30459.73,0.0,1.337,142933.45015749877,229.48,218.1,11.38,892.46,885.71,0.0,30099.0
15,ARMM,EQ,250,24823,153829114,not_helped,na,845.6145748606874,202556.04127608586,822.4791037502216,243302.08999999997,22302.6775,939313.916536356,0.0,0,0,0.0,9.703453634088843e-05,0.0,0.0,0.503236655176638,0.0,0.503236655176638,0,15573.959716184301,1538.5808249715756,9071.979577145335,0,0,0.004054684583948998,0.0,-1,0.0,0.0,0.0,10513,30380.070000000138,30468.39,0.0,10.0,0.0,0.08,0.08,0.0,0.08,0.0,0.0,0.0
16,ARMM,EQ,500,25800,153829114,helped,a,243.53233055557024,202556.04127608586,822.4791037502216,243302.08999999997,22302.6775,939313.916536356,0.5550000000000003,124473,24455,148928.0,0.00014432026962200292,6312.946907391286,0.5550000000000003,101215.41156946025,6312.946907391286,107528.35847685154,1,15573.959716184301,1538.5808249715756,9071.979577145335,0,0,0.004054684583948998,0.3102543286673725,-1,0.0,0.0,4979.370000000096,10513,0.41999999999551796,30500.7,0.0,1.285,1244214.4226758382,1318.99,1299.34,19.65,4112.25,4089.93,0.01,52689.0
17,ARMM,EQ,500,28048,153829114,not_helped,na,762.9281694444297,202556.04127608586,822.4791037502216,243302.08999999997,22302.6775,939313.916536356,0.0,0,0,0.0,0.00014432026962200292,0.0,0.0,0.758339907345121,0.0,0.758339907345121,0,15573.959716184301,1538.5808249715756,9071.979577145335,0,0,0.004054684583948998,0.0,-1,0.0,0.0,0.0,10513,30379.44000000024,30523.27,0.0,10.0,0.0,0.12,0.12,0.0,0.12,0.0,0.0,0.0
18,ARMM,EQ,1000,29025,153829114,helped,a,328.24839649730563,202556.04127608586,822.4791037502216,243302.08999999997,22302.6775,939313.916536356,0.6450000000000004,97374,21407,118781.0,0.00018830622053743343,5526.119584809866,0.6450000000000004,87943.90980885703,5526.119584809866,93470.0293936669,1,15573.959716184301,1538.5808249715756,9071.979577145335,0,0,0.004054684583948998,0.21615307363308855,-1,0.0,0.0,2311.3099999999986,10513,0.2500000000024123,30565.46,0.0,1.345,790045.6246054295,621.47,604.27,17.2,2130.91,2117.42,0.01,39257.0
19,ARMM,EQ,1000,31273,153829114,not_helped,na,678.2121035026944,202556.04127608586,822.4791037502216,243302.08999999997,22302.6775,939313.916536356,0.0,0,0,0.0,0.00018830622053743343,0.0,0.0,1.0250486722101182,0.0,1.0250486722101182,0,15573.959716184301,1538.5808249715756,9071.979577145335,0,0,0.004054684583948998,0.0,-1,0.0,0.0,0.0,10513,30378.620000000254,30592.17,0.0,10.0,0.0,0.15,0.15,0.0,0.15,0.0,0.0,0.0
20,ARMM,EQ,2000,32250,153829114,helped,a,548.4666464955212,202556.04127608586,822.4791037502216,243302.08999999997,22302.6775,939313.916536356,0.4750000000000002,128714,46818,175532.0,0.0002844029967706556,12085.85353957249,0.4750000000000002,94367.79493630317,12085.85353957249,106453.64847587566,1,15573.959716184301,1538.5808249715756,9071.979577145335,0,0,0.004054684583948998,0.34422336362159306,-1,0.0,0.0,8188.8800000000165,10513,0.5400000000062479,30805.81,0.0,1.377,4612561.127867128,2171.21,2133.59,37.62,6096.69,6068.66,0.0,55356.0
21,ARMM,EQ,2000,34498,153829114,not_helped,na,457.9938535044788,202556.04127608586,822.4791037502216,243302.08999999997,22302.6775,939313.916536356,0.0,0,0,0.0,0.0002844029967706556,0.0,0.0,1.7118658487454212,0.0,1.7118658487454212,0,15573.959716184301,1538.5808249715756,9071.979577145335,0,0,0.004054684583948998,0.0,-1,0.0,0.0,0.0,10513,30376.930000000313,30903.46,0.0,10.0,0.0,0.23,0.23,0.0,0.23,0.0,0.0,0.0
22,ARMM,HU,1,35475,153829114,helped,a,1.0064605e-05,202556.04127608586,822.4791037502216,243302.08999999997,22302.6775,939313.916536356,0.6850000000000004,114077,0,114077.0,5.031811663310454e-12,0.0,0.6850000000000004,107591.20316213966,0.0,107591.20316213966,1,15573.959716184301,1538.5808249715756,9071.979577145335,0,0,0.004054684583948998,0.25439978910823186,-1,0.0,0.0,2147.1299999999837,10513,0.2599999999861702,30380.94,0.0,1.199,0.02189715851429984,561.64,561.64,0.0,2051.97,2038.48,0.0,47340.0
23,ARMM,HU,1,37723,153829114,not_helped,na,1006.460489935395,202556.04127608586,822.4791037502216,243302.08999999997,22302.6775,939313.916536356,0.0,0,0,0.0,5.031811663310454e-12,0.0,0.0,2.6527759939528085e-08,0.0,2.6527759939528085e-08,0,15573.959716184301,1538.5808249715756,9071.979577145335,0,0,0.004054684583948998,0.0,-1,0.0,0.0,0.0,10513,30380.94,30380.94,0.0,10.0,0.0,0.0,0.0,0.0,0.0,0.0,0.0,0.0
24,ARMM,HU,10,38700,153829114,helped,a,1.0064605e-05,202556.04127608586,822.4791037502216,243302.08999999997,22302.6775,939313.916536356,0.7850000000000005,89422,0,89422.0,4.912950770799062e-12,0.0,0.7850000000000005,93280.15216534033,0.0,93280.15216534033,1,15573.959716184301,1538.5808249715756,9071.979577145335,0,0,0.004054684583948998,0.17435572428462545,-1,0.0,0.0,942.4099999999764,10513,0.1400000000011874,30380.94,0.0,1.267,0.009629512125849763,246.99,246.99,0.0,998.05,990.26,0.01,34514.0
25,ARMM,HU,10,40948,153829114,not_helped,na,1006.460489935395,202556.04127608586,822.4791037502216,243302.08999999997,22302.6775,939313.916536356,0.0,0,0,0.0,4.912950770799062e-12,0.0,0.0,2.670475541329215e-08,0.0,2.670475541329215e-08,0,15573.959716184301,1538.5808249715756,9071.979577145335,0,0,0.004054684583948998,0.0,-1,0.0,0.0,0.0,10513,30380.94,30380.94,0.0,10.0,0.0,0.0,0.0,0.0,0.0,0.0,0.0,0.0
26,ARMM,HU,25,41925,153829114,helped,a,0.10281384321331052,202556.04127608586,822.4791037502216,243302.08999999997,22302.6775,939313.916536356,0.9150000000000006,57897,19863,77760.0,3.727704446754324e-08,5127.543014578332,0.9150000000000006,67921.60222020248,5127.543014578332,73049.14523478081,1,15573.959716184301,1538.5808249715756,9071.979577145335,0,0,0.004054684583948998,0.09362681779671826,-1,0.0,0.0,287.0499999999849,10513,0.09000000000008673,30381.01,0.0,1.472,36.395717363849094,91.38,75.42,15.96,358.71,358.71,0.0,18993.0
27,ARMM,HU,25,44173,153829114,not_helped,na,1006.3576861567867,202556.04127608586,822.4791037502216,243302.08999999997,22302.6775,939313.916536356,0.0,0,0,0.0,3.727704446754324e-08,0.0,0.0,0.0002728610631345021,0.0,0.0002728610631345021,0,15573.959716184301,1538.5808249715756,9071.979577145335,0,0,0.004054684583948998,0.0,-1,0.0,0.0,0.0,10513,30380.94,30381.02,0.0,10.0,0.0,0.0,0.0,0.0,0.0,0.0,0.0,0.0
28,ARMM,HU,30,45150,153829114,helped,a,0.16705945246130902,202556.04127608586,822.4791037502216,243302.08999999997,22302.6775,939313.916536356,0.9150000000000006,58441,21373,79814.0,5.8455575350503925e-08,5517.342639610467,0.9150000000000006,68559.79351012822,5517.342639610467,74077.13614973868,1,15573.959716184301,1538.5808249715756,9071.979577145335,0,0,0.004054684583948998,0.09596712523716687,-1,0.0,0.0,289.790000000006,10513,0.09999999998890345,30381.06,0.0,1.431,60.38816856194126,93.32,76.14,17.18,363.19,363.19,0.0,20001.0
29,ARMM,HU,30,47398,153829114,not_helped,na,1006.2934405475387,202556.04127608586,822.4791037502216,243302.08999999997,22302.6775,939313.916536356,0.0,0,0,0.0,5.8455575350503925e-08,0.0,0.0,0.00043959642117247054,0.0,0.00043959642117247054,0,15573.959716184301,1538.5808249715756,9071.979577145335,0,0,0.004054684583948998,0.0,-1,0.0,0.0,0.0,10513,30380.94,30381.07,0.0,10.0,0.0,0.0,0.0,0.0,0.0,0.0,0.0,0.0
30,ARMM,HU,50,48375,153829114,helped,a,0.5916441284873046,202556.04127608586,822.4791037502216,243302.08999999997,22302.6775,939313.916536356,0.6850000000000004,86211,22957,109168.0,2.2403293921049877e-07,5926.245027723647,0.6850000000000004,81309.51369609522,5926.245027723647,87235.75872381887,1,15573.959716184301,1538.5808249715756,9071.979577145335,0,0,0.004054684583948998,0.1816642438980061,-1,0.0,0.0,1622.6499999999623,10513,0.199999999998826,30381.27,0.0,1.375,1015.0710071130997,442.9,424.45,18.45,1569.18,1558.8,0.0,34022.0
31,ARMM,HU,50,50623,153829114,not_helped,na,1005.8688558715127,202556.04127608586,822.4791037502216,243302.08999999997,22302.6775,939313.916536356,0.0,0,0,0.0,2.2403293921049877e-07,0.0,0.0,0.001561230737148338,0.0,0.001561230737148338,0,15573.959716184301,1538.5808249715756,9071.979577145335,0,0,0.004054684583948998,0.0,-1,0.0,0.0,0.0,10513,30380.94,30381.31,0.0,10.0,0.0,0.0,0.0,0.0,0.0,0.0,0.0,0.0
32,ARMM,HU,100,51600,153829114,helped,a,2.4324872773848627,202556.04127608586,822.4791037502216,243302.08999999997,22302.6775,939313.916536356,0.6850000000000004,95740,15767,111507.0,1.0193339037995347e-06,4070.1792634977883,0.6850000000000004,90296.7515149813,4070.1792634977883,94366.93077847909,1,15573.959716184301,1538.5808249715756,9071.979577145335,0,0,0.004054684583948998,0.20624055722357984,-1,0.0,0.0,1802.0300000000273,10513,0.219999999990395,30381.85,0.0,1.302,4561.047085277049,484.04,471.37,12.67,1734.83,1723.41,0.0,38690.0
33,ARMM,HU,100,53848,153829114,not_helped,na,1004.0280127226151,202556.04127608586,822.4791037502216,243302.08999999997,22302.6775,939313.916536356,0.0,0,0,0.0,1.0193339037995347e-06,0.0,0.0,0.006415261702060066,0.0,0.006415261702060066,0,15573.959716184301,1538.5808249715756,9071.979577145335,0,0,0.004054684583948998,0.0,-1,0.0,0.0,0.0,10513,30380.94,30381.98,0.0,10.0,0.0,0.0,0.0,0.0,0.0,0.0,0.0,0.0
34,ARMM,HU,200,54825,153829114,helped,a,6.994160732181908,202556.04127608586,822.4791037502216,243302.08999999997,22302.6775,939313.916536356,0.5550000000000003,122886,28541,151427.0,2.814391487222408e-06,7367.729204001419,0.5550000000000003,99924.20996964282,7367.729204001419,107291.93917364423,1,15573.959716184301,1538.5808249715756,9071.979577145335,0,0,0.004054684583948998,0.3077979589502258,-1,0.0,0.0,4915.890000000019,10513,0.4199999999987849,30384.29,0.0,1.285,35373.61200192123,1305.6,1282.66,22.94,4063.25,4041.45,0.0,52573.0
35,ARMM,HU,200,57073,153829114,not_helped,na,999.4663392678182,202556.04127608586,822.4791037502216,243302.08999999997,22302.6775,939313.916536356,0.0,0,0,0.0,2.814391487222408e-06,0.0,0.0,0.01856454420590578,0.0,0.01856454420590578,0,15573.959716184301,1538.5808249715756,9071.979577145335,0,0,0.004054684583948998,0.0,-1,0.0,0.0,0.0,10513,30380.94,30384.94,0.0,10.0,0.0,0.0,0.0,0.0,0.0,0.0,0.0,0.0
36,ARMM,HU,250,58050,153829114,helped,a,10.635060492014174,202556.04127608586,822.4791037502216,243302.08999999997,22302.6775,939313.916536356,0.6150000000000003,101136,26204,127340.0,4.0902023554994e-06,6764.443294266255,0.6150000000000003,88306.46619522385,6764.443294266255,95070.9094894901,1,15573.959716184301,1538.5808249715756,9071.979577145335,0,0,0.004054684583948998,0.2324349232701219,-1,0.0,0.0,2856.789999999979,10513,0.29000000000238924,30386.68,0.0,1.335,31611.831261645926,767.32,746.26,21.06,2545.19,2530.14,0.0,41831.0
37,ARMM,HU,250,60298,153829114,not_helped,na,995.8254395079858,202556.04127608586,822.4791037502216,243302.08999999997,22302.6775,939313.916536356,0.0,0,0,0.0,4.0902023554994e-06,0.0,0.0,0.028263270219407423,0.0,0.028263270219407423,0,15573.959716184301,1538.5808249715756,9071.979577145335,0,0,0.004054684583948998,0.0,-1,0.0,0.0,0.0,10513,30380.94,30387.58,0.0,10.0,0.0,0.0,0.0,0.0,0.0,0.0,0.0,0.0
38,ARMM,HU,500,61275,153829114,helped,a,27.046854572811508,202556.04127608586,822.4791037502216,243302.08999999997,22302.6775,939313.916536356,0.6850000000000004,90187,23297,113484.0,1.009344620062793e-05,6014.014479717636,0.6850000000000004,85059.52952331022,6014.014479717636,91073.54400302786,1,15573.959716184301,1538.5808249715756,9071.979577145335,0,0,0.004054684583948998,0.1938533661457851,-1,0.0,0.0,1697.4799999999896,10513,0.21000000000568853,30395.59,0.0,1.338,48483.02285953297,462.75,444.03,18.72,1640.97,1630.07,0.0,36429.0
39,ARMM,HU,500,63523,153829114,not_helped,na,979.4136454271885,202556.04127608586,822.4791037502216,243302.08999999997,22302.6775,939313.916536356,0.0,0,0,0.0,1.009344620062793e-05,0.0,0.0,0.07109101011844732,0.0,0.07109101011844732,0,15573.959716184301,1538.5808249715756,9071.979577145335,0,0,0.004054684583948998,0.0,-1,0.0,0.0,0.0,10513,30380.94,30397.61,0.0,10.0,0.0,0.01,0.01,0.0,0.01,0.0,0.0,0.0
40,ARMM,HU,1000,64500,153829114,helped,a,40.53469547946019,202556.04127608586,822.4791037502216,243302.08999999997,22302.6775,939313.916536356,0.9150000000000006,57365,14108,71473.0,1.5795507649378087e-05,3641.915966856523,0.9150000000000006,67297.59639730652,3641.915966856523,70939.51236416305,1,15573.959716184301,1538.5808249715756,9071.979577145335,0,0,0.004054684583948998,0.0890766383396389,-1,0.0,0.0,284.45999999999526,10513,0.09999999999777702,30403.4,0.0,1.515,13515.895364077827,86.09,74.75,11.34,351.0,351.0,0.0,17735.0
41,ARMM,HU,1000,66748,153829114,not_helped,na,965.9258045205398,202556.04127608586,822.4791037502216,243302.08999999997,22302.6775,939313.916536356,0.0,0,0,0.0,1.5795507649378087e-05,0.0,0.0,0.10782779100062512,0.0,0.10782779100062512,0,15573.959716184301,1538.5808249715756,9071.979577145335,0,0,0.004054684583948998,0.0,-1,0.0,0.0,0.0,10513,30380.94,30405.25,0.0,10.0,0.0,0.01,0.01,0.0,0.01,0.0,0.0,0.0
42,ARMM,HU,2000,67725,153829114,helped,a,226.798045221586,202556.04127608586,822.4791037502216,243302.08999999997,22302.6775,939313.916536356,0.8450000000000005,67766,13869,81635.0,8.954047680433107e-05,3580.219205013688,0.8450000000000005,74756.34925570883,3580.219205013688,78336.56846072253,1,15573.959716184301,1538.5808249715756,9071.979577145335,0,0,0.004054684583948998,0.11860368990117362,-1,0.0,0.0,504.2799999999726,10513,0.09000000000462466,30486.4,0.0,1.425,126039.86574236897,143.54,132.39,11.15,576.65,576.65,0.0,23501.0
43,ARMM,HU,2000,69973,153829114,not_helped,na,779.662454778414,202556.04127608586,822.4791037502216,243302.08999999997,22302.6775,939313.916536356,0.0,0,0,0.0,8.954047680433107e-05,0.0,0.0,0.5948915183233443,0.0,0.5948915183233443,0,15573.959716184301,1538.5808249715756,9071.979577145335,0,0,0.004054684583948998,0.0,-1,0.0,0.0,0.0,10513,30379.980000000152,30496.44,0.0,10.0,0.0,0.07,0.07,0.0,0.07,0.0,0.0,0.0
44,ARMM,PF,1,70950,153829114,helped,a,0.048252001865266195,202556.04127608586,822.4791037502216,243302.08999999997,22302.6775,939313.916536356,0.5850000000000003,127847,9332,137179.0,2.1938350422111418e-08,2409.0133117879977,0.5850000000000003,107793.61609567594,2409.0133117879977,110202.62940746394,1,15573.959716184301,1538.5808249715756,9071.979577145335,0,0,0.004054684583948998,0.31018284950282615,-1,0.0,0.0,4297.629999999971,10513,0.399999999998335,30380.95,0.0,1.255,211.12189630339557,1129.49,1121.99,7.5,3672.1,3651.34,0.0,52897.0
45,ARMM,PF,1,73198,153829114,not_helped,na,1006.4122479981347,202556.04127608586,822.4791037502216,243302.08999999997,22302.6775,939313.916536356,0.0,0,0,0.0,2.1938350422111418e-08,0.0,0.0,0.00012780620029370266,0.0,0.00012780620029370266,0,15573.959716184301,1538.5808249715756,9071.979577145335,0,0,0.004054684583948998,0.0,-1,0.0,0.0,0.0,10513,30380.94,30380.95,0.0,10.0,0.0,0.0,0.0,0.0,0.0,0.0,0.0,0.0
46,ARMM,PF,10,74175,153829114,helped,a,0.09391691586922608,202556.04127608586,822.4791037502216,243302.08999999997,22302.6775,939313.916536356,0.6150000000000003,130020,5943,135963.0,4.4281132022679605e-08,1534.1583917655455,0.6150000000000003,113526.37127291458,1534.1583917655455,115060.52966468013,1,15573.959716184301,1538.5808249715756,9071.979577145335,0,0,0.004054684583948998,0.31433401295858127,-1,0.0,0.0,3672.680000000034,10513,0.3699999999914414,30380.95,0.0,1.193,350.77605399622786,964.17,959.39,4.78,3249.79,3230.59,0.0,55229.0
47,ARMM,PF,10,76423,153829114,not_helped,na,1006.3665830841308,202556.04127608586,822.4791037502216,243302.08999999997,22302.6775,939313.916536356,0.0,0,0,0.0,4.4281132022679605e-08,0.0,0.0,0.000248624400447177,0.0,0.000248624400447177,0,15573.959716184301,1538.5808249715756,9071.979577145335,0,0,0.004054684583948998,0.0,-1,0.0,0.0,0.0,10513,30380.94,30380.95,0.0,10.0,0.0,0.0,0.0,0.0,0.0,0.0,0.0,0.0
48,ARMM,PF,25,77400,153829114,helped,a,0.6314465294294558,202556.04127608586,822.4791037502216,243302.08999999997,22302.6775,939313.916536356,0.7350000000000004,95253,3777,99030.0,2.9975260622858714e-07,975.0153534744178,0.7350000000000004,94600.08494927098,975.0153534744178,95575.1003027454,1,15573.959716184301,1538.5808249715756,9071.979577145335,0,0,0.004054684583948998,0.19571115009099443,-1,0.0,0.0,1341.560000000004,10513,0.1800000000025923,30381.01,0.0,1.281,866.627731503046,354.3,351.26,3.04,1354.41,1344.55,0.01,37274.0
49,ARMM,PF,25,79648,153829114,not_helped,na,1005.8290534705706,202556.04127608586,822.4791037502216,243302.08999999997,22302.6775,939313.916536356,0.0,0,0,0.0,2.9975260622858714e-07,0.0,0.0,0.0016822604201099474,0.0,0.0016822604201099474,0,15573.959716184301,1538.5808249715756,9071.979577145335,0,0,0.004054684583948998,0.0,-1,0.0,0.0,0.0,10513,30380.94,30381.01,0.0,10.0,0.0,0.0,0.0,0.0,0.0,0.0,0.0,0.0
50,ARMM,PF,30,80625,153829114,helped,a,1.0710185498229765,202556.04127608586,822.4791037502216,243302.08999999997,22302.6775,939313.916536356,0.6850000000000004,106352,4476,110828.0,5.045404750869645e-07,1155.4590209561807,0.6850000000000004,100305.40743008943,1155.4590209561807,101460.86645104561,1,15573.959716184301,1538.5808249715756,9071.979577145335,0,0,0.004054684583948998,0.23241683826240245,-1,0.0,0.0,2001.7300000000037,10513,0.2399999999964455,30381.06,0.0,1.232,2187.29235519004,527.2,523.6,3.6,1916.6,1903.63,0.01,43628.0
51,ARMM,PF,30,82873,153829114,not_helped,na,1005.3894814501771,202556.04127608586,822.4791037502216,243302.08999999997,22302.6775,939313.916536356,0.0,0,0,0.0,5.045404750869645e-07,0.0,0.0,0.002846369160920766,0.0,0.002846369160920766,0,15573.959716184301,1538.5808249715756,9071.979577145335,0,0,0.004054684583948998,0.0,-1,0.0,0.0,0.0,10513,30380.94,30381.07,0.0,10.0,0.0,0.0,0.0,0.0,0.0,0.0,0.0,0.0
52,ARMM,PF,50,83850,153829114,helped,a,2.911317302520151,202556.04127608586,822.4791037502216,243302.08999999997,22302.6775,939313.916536356,0.6850000000000004,105733,6242,111975.0,1.3317595741054312e-06,1611.343880430849,0.6850000000000004,99721.60522287886,1611.343880430849,101332.94910330971,1,15573.959716184301,1538.5808249715756,9071.979577145335,0,0,0.004054684583948998,0.23158196311792167,-1,0.0,0.0,1990.0900000000138,10513,0.24000000000639687,30381.37,0.0,1.232,5927.332013953052,525.58,520.56,5.02,1906.9,1894.44,-0.0,43573.0
53,ARMM,PF,50,86098,153829114,not_helped,na,1003.5491826974799,202556.04127608586,822.4791037502216,243302.08999999997,22302.6775,939313.916536356,0.0,0,0,0.0,1.3317595741054312e-06,0.0,0.0,0.007670877070031395,0.0,0.007670877070031395,0,15573.959716184301,1538.5808249715756,9071.979577145335,0,0,0.004054684583948998,0.0,-1,0.0,0.0,0.0,10513,30380.94,30381.43,0.0,10.0,0.0,0.0,0.0,0.0,0.0,0.0,0.0,0.0
54,ARMM,PF,100,87075,153829114,helped,a,6.511408173378341,202556.04127608586,822.4791037502216,243302.08999999997,22302.6775,939313.916536356,0.9950000000000008,56512,4692,61204.0,2.9603259415287754e-06,1211.2184375170687,0.9950000000000008,70817.77281501183,1211.2184375170687,72028.9912525289,1,15573.959716184301,1538.5808249715756,9071.979577145335,0,0,0.004054684583948998,0.08034452326658979,-1,0.0,0.0,176.21000000000876,10513,0.09999999999337743,30382.36,0.0,1.477,1264.6902768811199,50.14,46.37,3.77,228.86,228.86,0.0,16567.0
55,ARMM,PF,100,89323,153829114,not_helped,na,999.9490918266216,202556.04127608586,822.4791037502216,243302.08999999997,22302.6775,939313.916536356,0.0,0,0,0.0,2.9603259415287754e-06,0.0,0.0,0.01731182240444682,0.0,0.01731182240444682,0,15573.959716184301,1538.5808249715756,9071.979577145335,0,0,0.004054684583948998,0.0,-1,0.0,0.0,0.0,10513,30380.94,30382.46,0.0,10.0,0.0,0.0,0.0,0.0,0.0,0.0,0.0,0.0
56,ARMM,PF,200,90300,153829114,helped,a,10.244678084302404,202556.04127608586,822.4791037502216,243302.08999999997,22302.6775,939313.916536356,0.9150000000000006,67793,7294,75087.0,4.4141306403994844e-06,1882.912890718137,0.9150000000000006,79531.0762550713,1882.912890718137,81413.98914578944,1,15573.959716184301,1538.5808249715756,9071.979577145335,0,0,0.004054684583948998,0.11347544319550154,-1,0.0,0.0,336.1300000000115,10513,0.0900000000006525,30383.69,0.0,1.353,3737.4351168388216,94.18,88.32,5.86,407.21,407.21,0.0,23610.0
57,ARMM,PF,200,92548,153829114,not_helped,na,996.2158219156977,202556.04127608586,822.4791037502216,243302.08999999997,22302.6775,939313.916536356,0.0,0,0,0.0,4.4141306403994844e-06,0.0,0.0,0.026963810678802245,0.0,0.026963810678802245,0,15573.959716184301,1538.5808249715756,9071.979577145335,0,0,0.004054684583948998,0.0,-1,0.0,0.0,0.0,10513,30380.94,30383.93,0.0,10.0,0.0,0.0,0.0,0.0,0.0,0.0,0.0,0.0
58,ARMM,PF,250,93525,153829114,helped,a,12.069859473734267,202556.04127608586,822.4791037502216,243302.08999999997,22302.6775,939313.916536356,0.49500000000000016,151354,17035,168389.0,5.212760814934391e-06,4397.507690345965,0.49500000000000016,113991.6077571412,4397.507690345965,118389.11544748717,1,15573.959716184301,1538.5808249715756,9071.979577145335,0,0,0.004054684583948998,0.4031519246371824,-1,0.0,0.0,8574.639999999996,10513,0.5999999999943424,30383.95,0.0,1.245,105126.57280873868,2248.41,2234.72,13.69,6533.53,6502.39,0.0,63930.0
59,ARMM,PF,250,95773,153829114,not_helped,na,994.3906405262658,202556.04127608586,822.4791037502216,243302.08999999997,22302.6775,939313.916536356,0.0,0,0,0.0,5.212760814934391e-06,0.0,0.0,0.03176567517610012,0.0,0.03176567517610012,0,15573.959716184301,1538.5808249715756,9071.979577145335,0,0,0.004054684583948998,0.0,-1,0.0,0.0,0.0,10513,30380.94,30384.61,0.0,10.0,0.0,0.0,0.0,0.0,0.0,0.0,0.0,0.0
60,ARMM,PF,500,96750,153829114,helped,a,19.384112693327417,202556.04127608586,822.4791037502216,243302.08999999997,22302.6775,939313.916536356,0.6150000000000003,117122,15328,132450.0,8.320231173065255e-06,3956.853412246724,0.6150000000000003,102264.59263277642,3956.853412246724,106221.44604502314,1,15573.959716184301,1538.5808249715756,9071.979577145335,0,0,0.004054684583948998,0.27692437660135283,-1,0.0,0.0,3308.3599999999756,10513,0.33000000000529406,30386.8,0.0,1.263,65819.10723993705,876.55,864.23,12.32,2935.45,2917.8,0.01,48862.0
61,ARMM,PF,500,98998,153829114,not_helped,na,987.0763873066726,202556.04127608586,822.4791037502216,243302.08999999997,22302.6775,939313.916536356,0.0,0,0,0.0,8.320231173065255e-06,0.0,0.0,0.05158442297576488,0.0,0.05158442297576488,0,15573.959716184301,1538.5808249715756,9071.979577145335,0,0,0.004054684583948998,0.0,-1,0.0,0.0,0.0,10513,30380.94,30387.76,0.0,10.0,0.0,0.01,0.01,0.0,0.01,0.0,0.0,0.0
62,ARMM,PF,1000,99975,153829114,helped,a,27.571861592077525,202556.04127608586,822.4791037502216,243302.08999999997,22302.6775,939313.916536356,0.8450000000000005,76775,11378,88153.0,1.1665474767373086e-05,2937.1788964341877,0.8450000000000005,84694.06437155163,2937.1788964341877,87631.24326798582,1,15573.959716184301,1538.5808249715756,9071.979577145335,0,0,0.004054684583948998,0.14264682232381723,-1,0.0,0.0,571.3099999999919,10513,0.10000000000051194,30390.65,0.0,1.277,16987.33526434518,159.05,149.91,9.14,649.73,644.54,-0.0,29795.0
63,ARMM,PF,1000,102223,153829114,not_helped,na,978.8886384079225,202556.04127608586,822.4791037502216,243302.08999999997,22302.6775,939313.916536356,0.0,0,0,0.0,1.1665474767373086e-05,0.0,0.0,0.07267496741496728,0.0,0.07267496741496728,0,15573.959716184301,1538.5808249715756,9071.979577145335,0,0,0.004054684583948998,0.0,-1,0.0,0.0,0.0,10513,30380.94,30391.65,0.0,10.0,0.0,0.01,0.01,0.0,0.01,0.0,0.0,0.0
64,ARMM,PF,2000,103200,153829114,helped,a,53.87405660535084,202556.04127608586,822.4791037502216,243302.08999999997,22302.6775,939313.916536356,0.6850000000000004,92098,21270,113368.0,2.104247575386489e-05,5490.753658565229,0.6850000000000004,86861.95109691288,5490.753658565229,92352.7047554781,1,15573.959716184301,1538.5808249715756,9071.979577145335,0,0,0.004054684583948998,0.19839507516125396,-1,0.0,0.0,1733.4599999999796,10513,0.20999999999540453,30407.64,0.0,1.338,98196.5909814619,470.54,453.45,17.09,1673.74,1662.84,-0.0,36941.0
65,ARMM,PF,2000,105448,153829114,not_helped,na,952.5864433946491,202556.04127608586,822.4791037502216,243302.08999999997,22302.6775,939313.916536356,0.0,0,0,0.0,2.104247575386489e-05,0.0,0.0,0.1417153171526807,0.0,0.1417153171526807,0,15573.959716184301,1538.5808249715756,9071.979577145335,0,0,0.004054684583948998,0.0,-1,0.0,0.0,0.0,10513,30380.94,30411.31,0.0,10.0,0.0,0.02,0.02,0.0,0.02,0.0,0.0,0.0
66,ARMM,SS,1,106425,153829114,helped,a,1.0064605e-05,202556.04127608586,822.4791037502216,243302.08999999997,22302.6775,939313.916536356,0.9950000000000008,65907,0,65907.0,4.982878784192199e-12,0.0,0.9950000000000008,82591.05697816778,0.0,82591.05697816778,1,15573.959716184301,1538.5808249715756,9071.979577145335,0,0,0.004054684583948998,0.10273444336733237,-1,0.0,0.0,205.47999999998393,10513,0.09999999999844893,30380.94,0.0,1.316,0.0021081321632998385,54.07,54.07,0.0,262.48,262.48,0.0,22300.0
67,ARMM,SS,1,108673,153829114,not_helped,na,1006.460489935395,202556.04127608586,822.4791037502216,243302.08999999997,22302.6775,939313.916536356,0.0,0,0,0.0,4.982878784192199e-12,0.0,0.0,2.674823390539141e-08,0.0,2.674823390539141e-08,0,15573.959716184301,1538.5808249715756,9071.979577145335,0,0,0.004054684583948998,0.0,-1,0.0,0.0,0.0,10513,30380.94,30380.94,0.0,10.0,0.0,0.0,0.0,0.0,0.0,0.0,0.0,0.0
68,ARMM,SS,10,109650,153829114,helped,a,1.0064605e-05,202556.04127608586,822.4791037502216,243302.08999999997,22302.6775,939313.916536356,0.9950000000000008,62138,0,62138.0,4.991410840760236e-12,0.0,0.9950000000000008,77867.95178826971,0.0,77867.95178826971,1,15573.959716184301,1538.5808249715756,9071.979577145335,0,0,0.004054684583948998,0.09267549314294807,-1,0.0,0.0,193.73999999998966,10513,0.09999999999476432,30380.94,0.0,1.354,0.001987658841449896,50.98,50.98,0.0,247.48,247.48,0.0,20246.0
69,ARMM,SS,10,111898,153829114,not_helped,na,1006.460489935395,202556.04127608586,822.4791037502216,243302.08999999997,22302.6775,939313.916536356,0.0,0,0,0.0,4.991410840760236e-12,0.0,0.0,2.678564258481464e-08,0.0,2.678564258481464e-08,0,15573.959716184301,1538.5808249715756,9071.979577145335,0,0,0.004054684583948998,0.0,-1,0.0,0.0,0.0,10513,30380.94,30380.94,0.0,10.0,0.0,0.0,0.0,0.0,0.0,0.0,0.0,0.0
70,ARMM,SS,25,112875,153829114,helped,a,1.0064605e-05,202556.04127608586,822.4791037502216,243302.08999999997,22302.6775,939313.916536356,0.5250000000000004,158919,0,158919.0,4.918069895272449e-12,0.0,0.5250000000000004,124456.69129835884,0.0,124456.69129835884,1,15573.959716184301,1538.5808249715756,9071.979577145335,0,0,0.004054684583948998,0.4173194977544971,-1,0.0,0.0,7565.4800000000205,10513,0.579999999996597,30380.94,0.0,1.209,0.07691773725200021,1972.85,1972.85,0.0,5985.11,5954.49,0.01,65962.0
71,ARMM,SS,25,115123,153829114,not_helped,na,1006.460489935395,202556.04127608586,822.4791037502216,243302.08999999997,22302.6775,939313.916536356,0.0,0,0,0.0,4.918069895272449e-12,0.0,0.0,2.6520431412009283e-08,0.0,2.6520431412009283e-08,0,15573.959716184301,1538.5808249715756,9071.979577145335,0,0,0.004054684583948998,0.0,-1,0.0,0.0,0.0,10513,30380.94,30380.94,0.0,10.0,0.0,0.0,0.0,0.0,0.0,0.0,0.0,0.0
72,ARMM,SS,30,116100,153829114,helped,a,1.0064605e-05,202556.04127608586,822.4791037502216,243302.08999999997,22302.6775,939313.916536356,0.9150000000000006,72325,0,72325.0,4.936502308649758e-12,0.0,0.9150000000000006,84847.7444572777,0.0,84847.7444572777,1,15573.959716184301,1538.5808249715756,9071.979577145335,0,0,0.004054684583948998,0.12188564012076734,-1,0.0,0.0,358.6099999999674,10513,0.09999999998928115,30380.94,0.0,1.316,0.0036734801789496717,94.22,94.22,0.0,428.19,428.19,0.0,25454.0
73,ARMM,SS,30,118348,153829114,not_helped,na,1006.460489935395,202556.04127608586,822.4791037502216,243302.08999999997,22302.6775,939313.916536356,0.0,0,0,0.0,4.936502308649758e-12,0.0,0.0,2.6590662164593263e-08,0.0,2.6590662164593263e-08,0,15573.959716184301,1538.5808249715756,9071.979577145335,0,0,0.004054684583948998,0.0,-1,0.0,0.0,0.0,10513,30380.94,30380.94,0.0,10.0,0.0,0.0,0.0,0.0,0.0,0.0,0.0,0.0
74,ARMM,SS,50,119325,153829114,helped,a,1.0064605e-05,202556.04127608586,822.4791037502216,243302.08999999997,22302.6775,939313.916536356,0.6450000000000004,125949,0,125949.0,5.008616357914675e-12,0.0,0.6450000000000004,113750.26590941232,0.0,113750.26590941232,1,15573.959716184301,1538.5808249715756,9071.979577145335,0,0,0.004054684583948998,0.29530347993304856,-1,0.0,0.0,2989.539999999972,10513,0.32999999999722407,30380.94,0.0,1.171,0.03046485481264972,781.39,781.39,0.0,2733.76,2716.63,0.0,53463.0
75,ARMM,SS,50,121573,153829114,not_helped,na,1006.460489935395,202556.04127608586,822.4791037502216,243302.08999999997,22302.6775,939313.916536356,0.0,0,0,0.0,5.008616357914675e-12,0.0,0.0,2.6675541568697153e-08,0.0,2.6675541568697153e-08,0,15573.959716184301,1538.5808249715756,9071.979577145335,0,0,0.004054684583948998,0.0,-1,0.0,0.0,0.0,10513,30380.94,30380.94,0.0,10.0,0.0,0.0,0.0,0.0,0.0,0.0,0.0,0.0
76,ARMM,SS,100,122550,153829114,helped,a,1.0064605e-05,202556.04127608586,822.4791037502216,243302.08999999997,22302.6775,939313.916536356,0.8450000000000005,84601,0,84601.0,4.872808934932651e-12,0.0,0.8450000000000005,93327.20796515484,0.0,93327.20796515484,1,15573.959716184301,1538.5808249715756,9071.979577145335,0,0,0.004054684583948998,0.15853177778206506,-1,0.0,0.0,629.580000000017,10513,0.10999999999726698,30380.94,0.0,1.242,0.0064404413855501715,165.19,165.19,0.0,705.91,700.2,-0.0,32665.0
77,ARMM,SS,100,124798,153829114,not_helped,na,1006.460489935395,202556.04127608586,822.4791037502216,243302.08999999997,22302.6775,939313.916536356,0.0,0,0,0.0,4.872808934932651e-12,0.0,0.0,2.658245296129537e-08,0.0,2.658245296129537e-08,0,15573.959716184301,1538.5808249715756,9071.979577145335,0,0,0.004054684583948998,0.0,-1,0.0,0.0,0.0,10513,30380.94,30380.94,0.0,10.0,0.0,0.0,0.0,0.0,0.0,0.0,0.0,0.0
78,ARMM,SS,200,125775,153829114,helped,a,1.0064605e-05,202556.04127608586,822.4791037502216,243302.08999999997,22302.6775,939313.916536356,0.8450000000000005,84200,0,84200.0,4.926935827690778e-12,0.0,0.8450000000000005,92884.8466408914,0.0,92884.8466408914,1,15573.959716184301,1538.5808249715756,9071.979577145335,0,0,0.004054684583948998,0.15736454533088232,-1,0.0,0.0,626.5699999999861,10513,0.10999999999913326,30380.94,0.0,1.242,0.0064096436942498594,164.4,164.4,0.0,702.54,696.83,0.0,32510.0
79,ARMM,SS,200,128023,153829114,not_helped,na,1006.460489935395,202556.04127608586,822.4791037502216,243302.08999999997,22302.6775,939313.916536356,0.0,0,0,0.0,4.926935827690778e-12,0.0,0.0,2.6643291002382974e-08,0.0,2.6643291002382974e-08,0,15573.959716184301,1538.5808249715756,9071.979577145335,0,0,0.004054684583948998,0.0,-1,0.0,0.0,0.0,10513,30380.94,30380.94,0.0,10.0,0.0,0.0,0.0,0.0,0.0,0.0,0.0,0.0
80,ARMM,SS,250,129000,153829114,helped,a,1.0064605e-05,202556.04127608586,822.4791037502216,243302.08999999997,22302.6775,939313.916536356,0.6150000000000003,128636,0,128636.0,5.000551534583831e-12,0.0,0.6150000000000003,112317.93772561185,0.0,112317.93772561185,1,15573.959716184301,1538.5808249715756,9071.979577145335,0,0,0.004054684583948998,0.3054780072877653,-1,0.0,0.0,3633.599999999946,10513,0.369999999993432,30380.94,0.0,1.193,0.037006646770549455,949.18,949.18,0.0,3210.48,3191.28,0.0,53913.0
81,ARMM,SS,250,131248,153829114,not_helped,na,1006.460489935395,202556.04127608586,822.4791037502216,243302.08999999997,22302.6775,939313.916536356,0.0,0,0,0.0,5.000551534583831e-12,0.0,0.0,2.662605068172905e-08,0.0,2.662605068172905e-08,0,15573.959716184301,1538.5808249715756,9071.979577145335,0,0,0.004054684583948998,0.0,-1,0.0,0.0,0.0,10513,30380.94,30380.94,0.0,10.0,0.0,0.0,0.0,0.0,0.0,0.0,0.0,0.0
82,ARMM,SS,500,132225,153829114,helped,a,1.0064605e-05,202556.04127608586,822.4791037502216,243302.08999999997,22302.6775,939313.916536356,0.8450000000000005,84003,0,84003.0,5.026321860588394e-12,0.0,0.8450000000000005,92667.52698782421,0.0,92667.52698782421,1,15573.959716184301,1538.5808249715756,9071.979577145335,0,0,0.004054684583948998,0.15679273411699088,-1,0.0,0.0,625.1199999999901,10513,0.11000000000616275,30380.94,0.0,1.242,0.0063948487248999,164.02,164.02,0.0,700.92,695.21,0.0,32434.0
83,ARMM,SS,500,134473,153829114,not_helped,na,1006.460489935395,202556.04127608586,822.4791037502216,243302.08999999997,22302.6775,939313.916536356,0.0,0,0,0.0,5.026321860588394e-12,0.0,0.0,2.6572649425979278e-08,0.0,2.6572649425979278e-08,0,15573.959716184301,1538.5808249715756,9071.979577145335,0,0,0.004054684583948998,0.0,-1,0.0,0.0,0.0,10513,30380.94,30380.94,0.0,10.0,0.0,0.0,0.0,0.0,0.0,0.0,0.0,0.0
84,ARMM,SS,1000,135450,153829114,helped,a,1.0064605e-05,202556.04127608586,822.4791037502216,243302.08999999997,22302.6775,939313.916536356,0.8450000000000005,81066,0,81066.0,4.944022858191394e-12,0.0,0.8450000000000005,89427.58880986442,0.0,89427.58880986442,1,15573.959716184301,1538.5808249715756,9071.979577145335,0,0,0.004054684583948998,0.14827044344816448,-1,0.0,0.0,603.2699999999958,10513,0.10999999999541601,30380.94,0.0,1.277,0.006171313847849957,158.29,158.29,0.0,676.42,670.71,0.0,30405.0
85,ARMM,SS,1000,137698,153829114,not_helped,na,1006.460489935395,202556.04127608586,822.4791037502216,243302.08999999997,22302.6775,939313.916536356,0.0,0,0,0.0,4.944022858191394e-12,0.0,0.0,2.6621581326412124e-08,0.0,2.6621581326412124e-08,0,15573.959716184301,1538.5808249715756,9071.979577145335,0,0,0.004054684583948998,0.0,-1,0.0,0.0,0.0,10513,30380.94,30380.94,0.0,10.0,0.0,0.0,0.0,0.0,0.0,0.0,0.0,0.0
86,ARMM,SS,2000,138675,153829114,helped,a,0.2838354154089845,202556.04127608586,822.4791037502216,243302.08999999997,22302.6775,939313.916536356,0.9150000000000006,63416,9697,73113.0,1.1801039854629134e-07,2503.236399958017,0.9150000000000006,74396.19241239803,2503.236399958017,76899.42881235604,1,15573.959716184301,1538.5808249715756,9071.979577145335,0,0,0.004054684583948998,0.10292411466850293,-1,0.0,0.0,314.4400000000236,10513,0.09999999999834434,30381.04,0.0,1.391,99.4043015267008,90.4,82.61,7.79,383.23,383.23,0.0,21532.0
87,ARMM,SS,2000,140923,153829114,not_helped,na,1006.176664584591,202556.04127608586,822.4791037502216,243302.08999999997,22302.6775,939313.916536356,0.0,0,0,0.0,1.1801039854629134e-07,0.0,0.0,0.0007428365133786353,0.0,0.0007428365133786353,0,15573.959716184301,1538.5808249715756,9071.979577145335,0,0,0.004054684583948998,0.0,-1,0.0,0.0,0.0,10513,30380.94,30381.05,0.0,10.0,0.0,0.0,0.0,0.0,0.0,0.0,0.0,0.0
88,ARMM,EQ,1,1,153893114,helped,a,0.6112497548262044,64055.99846989873,0.0,98041.71899999998,22302.6775,379792.5554130422,0.8450000000000005,31471,3598,35069.0,4.7652850441127067e-07,928.8073184540523,0.8450000000000005,34717.090363832,928.8073184540523,35645.89768228606,1,15573.959716184301,1538.5808249715756,9071.979577145335,0,0,0.006387406222212574,0.0494801469166779,-1,0.0,0.0,234.220000000004,10532,0.09000000000122327,30381.04,0.0,3.147,152.36076973214648,64.34,61.45,2.89,265.5,265.5,0.0,2495.0
89,ARMM,EQ,10,3226,153893114,helped,a,1.0118540339794309,64055.99846989873,0.0,98041.71899999998,22302.6775,379792.5554130422,0.6850000000000004,43527,3729,47256.0,8.065142748161057e-07,962.6243720164427,0.6850000000000004,41052.29187336009,962.6243720164427,42014.91624537653,1,15573.959716184301,1538.5808249715756,9071.979577145335,0,0,0.006387406222212574,0.13466925458086598,-1,0.0,0.0,819.2800000000042,10532,0.0999999999943764,30381.06,0.0,2.503,851.7472511964321,217.3,214.3,3.0,785.96,785.96,0.0,7563.0
90,ARMM,EQ,25,6451,153893114,helped,a,7.469941944105522,64055.99846989873,0.0,98041.71899999998,22302.6775,379792.5554130422,0.5550000000000003,52211,6754,58965.0,5.769704356548469e-06,1743.5143493159171,0.5550000000000003,42455.136935465416,1743.5143493159171,44198.651284781336,1,15573.959716184301,1538.5808249715756,9071.979577145335,0,0,0.006387406222212574,0.20943350920289716,-1,0.0,0.0,2088.6300000000006,10532,0.17999999999658,30382.22,0.0,2.427,15926.709074143435,550.4,544.97,5.43,1722.05,1712.71,0.0,11492.0
91,ARMM,EQ,30,9676,153893114,helped,a,9.955334341011044,64055.99846989873,0.0,98041.71899999998,22302.6775,379792.5554130422,0.4950000000000002,58796,8614,67410.0,7.620985778092248e-06,2223.6648808124532,0.4950000000000002,44281.93970423138,2223.6648808124532,46505.60458504383,1,15573.959716184301,1538.5808249715756,9071.979577145335,0,0,0.006387406222212574,0.2677916205375478,-1,0.0,0.0,3330.980000000003,10532,0.22999999998490717,30382.81,0.0,2.366,33745.76184086996,875.04,868.12,6.92,2539.68,2527.74,-0.0,14417.0
92,ARMM,EQ,50,12901,153893114,helped,a,23.974789225875448,64055.99846989873,0.0,98041.71899999998,22302.6775,379792.5554130422,0.8450000000000005,30322,4504,34826.0,1.819412814882797e-05,1162.6870934733329,0.8450000000000005,33449.57624518172,1162.6870934733329,34612.26333865505,1,15573.959716184301,1538.5808249715756,9071.979577145335,0,0,0.006387406222212574,0.044028022403977886,-1,0.0,0.0,225.61999999999875,10532,0.09000000000786496,30385.97,0.0,3.147,5834.063008794286,62.82,59.2,3.62,256.6,256.6,0.0,2423.0
93,ARMM,EQ,100,16126,153893114,helped,a,61.55200883653267,64055.99846989873,0.0,98041.71899999998,22302.6775,379792.5554130422,0.7350000000000004,35351,5357,40708.0,4.706601080643988e-05,1382.8851597994326,0.7350000000000004,35108.68469835166,1382.8851597994326,36491.569858151095,1,15573.959716184301,1538.5808249715756,9071.979577145335,0,0,0.006387406222212574,0.08039507482680869,-1,0.0,0.0,497.8799999999813,10532,0.09999999998982627,30393.76,0.0,2.885,32109.0414370599,134.67,130.36,4.31,505.83,505.83,0.0,4379.0
94,ARMM,EQ,200,19351,153893114,helped,a,111.7817473038821,64055.99846989873,0.0,98041.71899999998,22302.6775,379792.5554130422,0.6150000000000003,44503,7949,52452.0,8.211956617009025e-05,2051.9981585300893,0.6150000000000003,38857.591829672245,2051.9981585300893,40909.58998820234,1,15573.959716184301,1538.5808249715756,9071.979577145335,0,0,0.006387406222212574,0.15178701080812596,-1,0.0,0.0,1257.0999999999847,10532,0.13000000000085365,30407.08,0.0,2.538,144961.5141605883,334.77,328.38,6.39,1117.1,1110.35,0.0,8591.0
95,ARMM,EQ,250,22576,153893114,helped,a,129.56670605745322,64055.99846989873,0.0,98041.71899999998,22302.6775,379792.5554130422,0.6850000000000004,40107,7194,47301.0,9.703453634088843e-05,1857.0983460140224,0.6850000000000004,37826.734444479356,1857.0983460140224,39683.832790493376,1,15573.959716184301,1538.5808249715756,9071.979577145335,0,0,0.006387406222212574,0.11659931041326667,-1,0.0,0.0,754.8999999999934,10532,0.0999999999957049,30411.9,0.0,2.587,102011.22600074632,203.24,197.46,5.78,727.22,727.22,0.0,6746.0
96,ARMM,EQ,500,25801,153893114,helped,a,196.17333706931453,64055.99846989873,0.0,98041.71899999998,22302.6775,379792.5554130422,0.7350000000000004,34923,6861,41784.0,0.00014432026962200292,1771.13591214932,0.7350000000000004,34683.618447018045,1771.13591214932,36454.75435916737,1,15573.959716184301,1538.5808249715756,9071.979577145335,0,0,0.006387406222212574,0.07959920486054041,-1,0.0,0.0,491.8499999999933,10532,0.0900000000092041,30432.16,0.0,2.885,102055.10692593899,134.29,128.78,5.51,500.96,500.96,0.0,4375.0
97,ARMM,EQ,1000,29026,153893114,helped,a,264.4149266819189,64055.99846989873,0.0,98041.71899999998,22302.6775,379792.5554130422,0.6450000000000004,41840,9198,51038.0,0.00018830622053743343,2374.421821884484,0.6450000000000004,37787.60550420167,2374.421821884484,40162.02732608615,1,15573.959716184301,1538.5808249715756,9071.979577145335,0,0,0.006387406222212574,0.1332551075148773,-1,0.0,0.0,993.110000000014,10532,0.1100000000051096,30454.87,0.0,2.575,273448.56998555624,266.96,259.57,7.39,915.53,909.82,0.0,7631.0
98,ARMM,EQ,2000,32251,153893114,helped,a,441.80800170879604,64055.99846989873,0.0,98041.71899999998,22302.6775,379792.5554130422,0.8450000000000005,25540,9289,34829.0,0.0002844029967706556,2397.9130575652284,0.8450000000000005,28174.334717430946,2397.9130575652284,30572.247774996173,1,15573.959716184301,1538.5808249715756,9071.979577145335,0,0,0.006387406222212574,0.021355770095814863,-1,0.0,0.0,190.09000000000103,10532,0.09000000000347247,30572.83,0.0,4.15,98137.90357527595,57.35,49.88,7.47,220.61,220.61,0.0,917.0
99,ARMM,HU,1,35476,153893114,helped,a,8.1073718e-06,64055.99846989873,0.0,98041.71899999998,22302.6775,379792.5554130422,0.5850000000000003,58029,0,58029.0,5.031811663310454e-12,0.0,0.5850000000000003,48926.887146350826,0.0,48926.887146350826,1,15573.959716184301,1538.5808249715756,9071.979577145335,0,0,0.006387406222212574,0.24113987264541273,-1,0.0,0.0,1950.680000000004,10532,0.1799999999919326,30380.94,0.0,2.176,0.01599414201332203,509.27,509.27,0.0,1663.35,1654.01,0.0,13700.0
100,ARMM,HU,10,38701,153893114,helped,a,8.1073718e-06,64055.99846989873,0.0,98041.71899999998,22302.6775,379792.5554130422,0.8450000000000005,32873,0,32873.0,4.912950770799062e-12,0.0,0.8450000000000005,36263.70028058369,0.0,36263.70028058369,1,15573.959716184301,1538.5808249715756,9071.979577145335,0,0,0.006387406222212574,0.05373739242239616,-1,0.0,0.0,244.63999999999763,10532,0.09000000000859754,30380.94,0.0,2.989,0.0020159790717879807,64.19,64.19,0.0,274.31,274.31,0.0,2901.0
101,ARMM,HU,25,41926,153893114,helped,a,0.08281994704384474,64055.99846989873,0.0,98041.71899999998,22302.6775,379792.5554130422,0.8450000000000005,26489,9088,35577.0,3.727704446754324e-08,2346.0258227099575,0.8450000000000005,29221.219746672996,2346.0258227099575,31567.245569382954,1,15573.959716184301,1538.5808249715756,9071.979577145335,0,0,0.006387406222212574,0.026674828024537543,-1,0.0,0.0,197.120000000013,10532,0.0900000000052415,30380.97,0.0,3.809,18.936963450522104,59.02,51.72,7.3,228.32,228.32,0.0,1263.0
102,ARMM,HU,30,45151,153893114,helped,a,0.13457190757195708,64055.99846989873,0.0,98041.71899999998,22302.6775,379792.5554130422,0.7350000000000004,30837,11278,42115.0,5.8455575350503925e-08,2911.3643517300725,0.7350000000000004,30625.62615040791,2911.3643517300725,33536.99050213798,1,15573.959716184301,1538.5808249715756,9071.979577145335,0,0,0.006387406222212574,0.05993302794513136,-1,0.0,0.0,434.3199999999878,10532,0.099999999998633,30380.99,0.0,3.133,64.00508771711142,122.78,113.72,9.06,446.55,446.55,0.0,3354.0
103,ARMM,HU,50,48376,153893114,helped,a,0.4765888897709895,64055.99846989873,0.0,98041.71899999998,22302.6775,379792.5554130422,0.7850000000000005,30359,8084,38443.0,2.2403293921049877e-07,2086.8477938806445,0.7850000000000005,31668.85262672224,2086.8477938806445,33755.70042060289,1,15573.959716184301,1538.5808249715756,9071.979577145335,0,0,0.006387406222212574,0.05068204594333344,-1,0.0,0.0,319.9099999999878,10532,0.0999999999924988,30381.08,0.0,3.217,166.78543368460393,90.34,83.84,6.5,345.3,345.3,0.0,2700.0
104,ARMM,HU,100,51601,153893114,helped,a,1.9594488563166474,64055.99846989873,0.0,98041.71899999998,22302.6775,379792.5554130422,0.8450000000000005,29448,4849,34297.0,1.0193339037995347e-06,1251.747272702529,0.8450000000000005,32485.42712446776,1251.747272702529,33737.17439717029,1,15573.959716184301,1538.5808249715756,9071.979577145335,0,0,0.006387406222212574,0.03908299192221459,-1,0.0,0.0,219.14000000000658,10532,0.09999999999989355,30381.32,0.0,3.329,466.0267129081027,61.4,57.5,3.9,249.62,249.62,0.0,2024.0
105,ARMM,HU,200,54826,153893114,helped,a,5.634027513723485,64055.99846989873,0.0,98041.71899999998,22302.6775,379792.5554130422,0.6450000000000004,38553,8954,47507.0,2.814391487222408e-06,2311.4343328064438,0.6450000000000004,34818.96641977741,2311.4343328064438,37130.40075258385,1,15573.959716184301,1538.5808249715756,9071.979577145335,0,0,0.006387406222212574,0.11107837866559751,-1,0.0,0.0,915.1100000000109,10532,0.10000000000982094,30382.35,0.0,2.747,5377.256956018414,246.38,239.18,7.2,844.0,838.81,-0.0,6312.0
106,ARMM,HU,250,58051,153893114,helped,a,8.566892543149963,64055.99846989873,0.0,98041.71899999998,22302.6775,379792.5554130422,0.6850000000000004,37431,9698,47129.0,4.0902023554994e-06,2503.494545405058,0.6850000000000004,35302.87722819725,2503.494545405058,37806.37177360231,1,15573.959716184301,1538.5808249715756,9071.979577145335,0,0,0.006387406222212574,0.1018667408371706,-1,0.0,0.0,704.5499999999913,10532,0.09999999999556212,30383.29,0.0,2.77,6374.635183367503,192.08,184.29,7.79,681.11,681.11,0.0,5671.0
107,ARMM,HU,500,61276,153893114,helped,a,21.78713481972845,64055.99846989873,0.0,98041.71899999998,22302.6775,379792.5554130422,0.6150000000000003,41266,10660,51926.0,1.009344620062793e-05,2751.830465458643,0.6150000000000003,36031.22001760005,2751.830465458643,38783.050483058694,1,15573.959716184301,1538.5808249715756,9071.979577145335,0,0,0.006387406222212574,0.1329275827077707,-1,0.0,0.0,1165.6200000000006,10532,0.11999999999367673,30386.76,0.0,2.7,26421.172517225492,313.06,304.49,8.57,1038.46,1032.23,0.0,7369.0
108,ARMM,HU,1000,64501,153893114,helped,a,32.65203622514376,64055.99846989873,0.0,98041.71899999998,22302.6775,379792.5554130422,0.9150000000000006,22986,5653,28639.0,1.5795507649378087e-05,1459.2962121236126,0.9150000000000006,26965.921245687852,1459.2962121236126,28425.217457811465,1,15573.959716184301,1538.5808249715756,9071.979577145335,0,0,0.006387406222212574,0.0013838040965980156,-1,0.0,0.0,113.99000000001132,10532,0.08999999999693742,30390.03,0.0,10.0,4362.918483833333,34.49,29.95,4.54,140.65,140.65,0.0,0.0
109,ARMM,HU,2000,67726,153893114,helped,a,182.69331743517117,64055.99846989873,0.0,98041.71899999998,22302.6775,379792.5554130422,0.5850000000000003,47772,9777,57549.0,8.954047680433107e-05,2523.888035721309,0.5850000000000003,40278.74429604976,2523.888035721309,42802.63233177106,1,15573.959716184301,1538.5808249715756,9071.979577145335,0,0,0.006387406222212574,0.17983168591800971,-1,0.0,0.0,1605.8699999999958,10532,0.15000000000180713,30420.56,0.0,2.44,302267.40120240016,427.11,419.25,7.86,1377.19,1369.4,0.0,10273.0
110,ARMM,PF,1,70951,153893114,helped,a,0.03886858145113559,64055.99846989873,0.0,98041.71899999998,22302.6775,379792.5554130422,0.9950000000000008,26350,1923,28273.0,2.1938350422111418e-08,496.4136946601286,0.9950000000000008,33020.38252953428,496.4136946601286,33516.79622419441,1,15573.959716184301,1538.5808249715756,9071.979577145335,0,0,0.006387406222212574,0.01303711112306363,-1,0.0,0.0,82.17000000000237,10532,0.09000000000887926,30380.94,0.0,4.628,3.488321697854939,23.17,21.62,1.55,106.51,106.51,0.0,335.0
111,ARMM,PF,10,74176,153893114,helped,a,0.07565317816855564,64055.99846989873,0.0,98041.71899999998,22302.6775,379792.5554130422,0.9150000000000006,28927,1322,30249.0,4.4281132022679605e-08,341.2682809883983,0.9150000000000006,33935.57834655932,341.2682809883983,34276.84662754772,1,15573.959716184301,1538.5808249715756,9071.979577145335,0,0,0.006387406222212574,0.029397019350634948,-1,0.0,0.0,143.42999999998986,10532,0.09999999999026439,30380.94,0.0,3.518,11.355206848804105,38.74,37.68,1.06,172.31,172.31,0.0,1371.0
112,ARMM,PF,25,77401,153893114,helped,a,0.508651038555834,64055.99846989873,0.0,98041.71899999998,22302.6775,379792.5554130422,0.8450000000000005,33343,1322,34665.0,2.9975260622858714e-07,341.2682809883983,0.8450000000000005,36782.17864069303,341.2682809883983,37123.44692168143,1,15573.959716184301,1538.5808249715756,9071.979577145335,0,0,0.006387406222212574,0.05837237990269535,-1,0.0,0.0,248.12999999999545,10532,0.09999999999060942,30380.97,0.0,2.85,130.375180537541,66.16,65.1,1.06,279.27,279.27,0.0,3341.0
113,ARMM,PF,30,80626,153893114,helped,a,0.8627408217323674,64055.99846989873,0.0,98041.71899999998,22302.6775,379792.5554130422,0.6450000000000004,45630,1920,47550.0,5.045404750869645e-07,495.63925831900514,0.6450000000000004,41210.526748487624,495.63925831900514,41706.16600680663,1,15573.959716184301,1538.5808249715756,9071.979577145335,0,0,0.006387406222212574,0.1491855912513788,-1,0.0,0.0,1083.1100000000088,10532,0.11999999999674983,30380.99,0.0,2.495,951.2815192461868,284.64,283.1,1.54,991.98,985.75,0.0,8341.0
114,ARMM,PF,50,83851,153893114,helped,a,2.345162259155122,64055.99846989873,0.0,98041.71899999998,22302.6775,379792.5554130422,0.4950000000000002,63182,3730,66912.0,1.3317595741054312e-06,962.882517463484,0.4950000000000002,47585.23563495386,962.882517463484,48548.118152417344,1,15573.959716184301,1538.5808249715756,9071.979577145335,0,0,0.006387406222212574,0.29430051026884274,-1,0.0,0.0,3579.4599999999996,10532,0.249999999991942,30381.1,0.0,2.302,8502.085606826757,935.88,932.88,3.0,2724.69,2711.72,0.0,15535.0
115,ARMM,PF,100,87076,153893114,helped,a,5.245154380438882,64055.99846989873,0.0,98041.71899999998,22302.6775,379792.5554130422,0.6850000000000004,42766,3551,46317.0,2.9603259415287754e-06,916.6744824431183,0.6850000000000004,40334.55818816177,916.6744824431183,41251.232670604884,1,15573.959716184301,1538.5808249715756,9071.979577145335,0,0,0.006387406222212574,0.12941631957932884,-1,0.0,0.0,804.9500000000003,10532,0.10000000000506208,30381.48,0.0,2.503,4336.141617773304,213.4,210.55,2.85,772.11,766.92,0.0,7425.0
116,ARMM,PF,200,90301,153893114,helped,a,8.252426617910125,64055.99846989873,0.0,98041.71899999998,22302.6775,379792.5554130422,0.6450000000000004,43411,4671,48082.0,4.4141306403994844e-06,1205.7973831292047,0.6450000000000004,39206.447001503315,1205.7973831292047,40412.24438463252,1,15573.959716184301,1538.5808249715756,9071.979577145335,0,0,0.006387406222212574,0.13761215114905392,-1,0.0,0.0,1030.3999999999899,10532,0.10999999999716717,30382.0,0.0,2.575,8729.676586525025,273.07,269.32,3.75,945.99,940.28,-0.0,7678.0
117,ARMM,PF,250,93526,153893114,helped,a,9.72267051983819,64055.99846989873,0.0,98041.71899999998,22302.6775,379792.5554130422,0.5550000000000003,53040,5969,59009.0,5.212760814934391e-06,1540.8701733886153,0.5550000000000003,43129.23451106253,1540.8701733886153,44670.104684451144,1,15573.959716184301,1538.5808249715756,9071.979577145335,0,0,0.006387406222212574,0.214299616054842,-1,0.0,0.0,2121.8099999999763,10532,0.17999999998719463,30382.19,0.0,2.427,21032.10347135843,558.42,553.62,4.8,1748.68,1739.34,0.0,11614.0
118,ARMM,PF,500,96751,153893114,helped,a,15.614543106053814,64055.99846989873,0.0,98041.71899999998,22302.6775,379792.5554130422,0.6850000000000004,38923,5094,44017.0,8.320231173065255e-06,1314.9929072276104,0.6850000000000004,36710.05023518264,1314.9929072276104,38025.04314241026,1,15573.959716184301,1538.5808249715756,9071.979577145335,0,0,0.006387406222212574,0.10559051072471666,-1,0.0,0.0,732.6100000000093,10532,0.09000000000600755,30383.38,0.0,2.77,11838.92048197974,195.72,191.63,4.09,704.22,704.22,0.0,5704.0
119,ARMM,PF,1000,99976,153893114,helped,a,22.210045316742427,64055.99846989873,0.0,98041.71899999998,22302.6775,379792.5554130422,0.6150000000000003,47782,7081,54863.0,1.1665474767373086e-05,1827.9279104983725,0.6150000000000003,41720.635750520174,1827.9279104983725,43548.56366101855,1,15573.959716184301,1538.5808249715756,9071.979577145335,0,0,0.006387406222212574,0.17381243798859247,-1,0.0,0.0,1349.719999999992,10532,0.13999999998070112,30384.65,0.0,2.39,30824.303230589754,358.27,352.58,5.69,1198.24,1190.97,0.0,10016.0
120,ARMM,PF,2000,103201,153893114,helped,a,43.39733226230191,64055.99846989873,0.0,98041.71899999998,22302.6775,379792.5554130422,0.6150000000000003,41666,9622,51288.0,2.104247575386489e-05,2483.8754914299307,0.6150000000000003,36380.47819641651,2483.8754914299307,38864.35368784644,1,15573.959716184301,1538.5808249715756,9071.979577145335,0,0,0.006387406222212574,0.13415549953217845,-1,0.0,0.0,1176.9600000000114,10532,0.11999999998990686,30391.56,0.0,2.7,52985.739362770975,315.18,307.45,7.73,1047.64,1041.41,0.0,7384.0
121,ARMM,SS,1,106426,153893114,helped,a,8.1073718e-06,64055.99846989873,0.0,98041.71899999998,22302.6775,379792.5554130422,0.4750000000000002,70500,0,70500.0,4.982878784192199e-12,0.0,0.4750000000000002,51686.754016400984,0.0,51686.754016400984,1,15573.959716184301,1538.5808249715756,9071.979577145335,0,0,0.006387406222212574,0.3502054582996195,-1,0.0,0.0,4485.200000000012,10532,0.2899999999919942,30380.94,0.0,2.21,0.036697532010392095,1168.48,1168.48,0.0,3318.54,3303.49,-0.0,18090.0
122,ARMM,SS,10,109651,153893114,helped,a,8.1073718e-06,64055.99846989873,0.0,98041.71899999998,22302.6775,379792.5554130422,0.6450000000000004,49115,0,49115.0,4.991410840760236e-12,0.0,0.6450000000000004,44357.98863142602,0.0,44357.98863142602,1,15573.959716184301,1538.5808249715756,9071.979577145335,0,0,0.006387406222212574,0.17105424180033826,-1,0.0,0.0,1165.8299999999997,10532,0.1300000000023942,30380.94,0.0,2.347,0.009570022746437997,304.72,304.72,0.0,1066.08,1059.33,0.0,9759.0
123,ARMM,SS,25,112876,153893114,helped,a,8.1073718e-06,64055.99846989873,0.0,98041.71899999998,22302.6775,379792.5554130422,0.9150000000000006,29670,0,29670.0,4.918069895272449e-12,0.0,0.9150000000000006,34807.22541371089,0.0,34807.22541371089,1,15573.959716184301,1538.5808249715756,9071.979577145335,0,0,0.006387406222212574,0.03241050104241161,-1,0.0,0.0,147.1000000000084,10532,0.09999999999544222,30380.94,0.0,3.274,0.001213835705896068,38.65,38.65,0.0,175.64,175.64,0.0,1740.0
124,ARMM,SS,30,116101,153893114,helped,a,8.1073718e-06,64055.99846989873,0.0,98041.71899999998,22302.6775,379792.5554130422,0.7850000000000005,37656,0,37656.0,4.936502308649758e-12,0.0,0.7850000000000005,39280.68495378151,0.0,39280.68495378151,1,15573.959716184301,1538.5808249715756,9071.979577145335,0,0,0.006387406222212574,0.08590002076995377,-1,0.0,0.0,396.8600000000033,10532,0.09999999999892477,30380.94,0.0,2.701,0.0032665411719380267,104.01,104.01,0.0,420.29,420.29,0.0,4714.0
125,ARMM,SS,50,119326,153893114,helped,a,8.1073718e-06,64055.99846989873,0.0,98041.71899999998,22302.6775,379792.5554130422,0.5250000000000002,65388,0,65388.0,5.008616357914675e-12,0.0,0.5250000000000002,51208.314491126635,0.0,51208.314491126635,1,15573.959716184301,1538.5808249715756,9071.979577145335,0,0,0.006387406222212574,0.3037259865658689,-1,0.0,0.0,3112.8699999999585,10532,0.23999999999309862,30380.94,0.0,2.17,0.025493792772535665,811.74,811.74,0.0,2462.61,2450.15,0.0,16387.0
126,ARMM,SS,100,122551,153893114,helped,a,8.1073718e-06,64055.99846989873,0.0,98041.71899999998,22302.6775,379792.5554130422,0.6150000000000003,54523,0,54523.0,4.872808934932651e-12,0.0,0.6150000000000003,47606.50920902456,0.0,47606.50920902456,1,15573.959716184301,1538.5808249715756,9071.979577145335,0,0,0.006387406222212574,0.21228794213638466,-1,0.0,0.0,1540.1399999999824,10532,0.14999999999669167,30380.94,0.0,2.254,0.012635338950299856,402.32,402.32,0.0,1360.8,1352.5,0.01,11902.0
127,ARMM,SS,200,125776,153893114,helped,a,8.1073718e-06,64055.99846989873,0.0,98041.71899999998,22302.6775,379792.5554130422,0.9150000000000006,28554,0,28554.0,4.926935827690778e-12,0.0,0.9150000000000006,33497.99509481297,0.0,33497.99509481297,1,15573.959716184301,1538.5808249715756,9071.979577145335,0,0,0.006387406222212574,0.02596682322530038,-1,0.0,0.0,141.58000000000396,10532,0.09999999999822755,30380.94,0.0,3.518,0.0011682722763800323,37.2,37.2,0.0,169.05,169.05,0.0,1340.0
128,ARMM,SS,250,129001,153893114,helped,a,8.1073718e-06,64055.99846989873,0.0,98041.71899999998,22302.6775,379792.5554130422,0.8450000000000005,34920,0,34920.0,5.000551534583831e-12,0.0,0.8450000000000005,38521.83901067692,0.0,38521.83901067692,1,15573.959716184301,1538.5808249715756,9071.979577145335,0,0,0.006387406222212574,0.06639259752976182,-1,0.0,0.0,259.83999999999406,10532,0.09999999999563096,30380.94,0.0,2.725,0.002141237966097952,68.18,68.18,0.0,291.35,291.35,0.0,3852.0
129,ARMM,SS,500,132226,153893114,helped,a,8.1073718e-06,64055.99846989873,0.0,98041.71899999998,22302.6775,379792.5554130422,0.6850000000000004,44893,0,44893.0,5.026321860588394e-12,0.0,0.6850000000000004,42340.628554018294,0.0,42340.628554018294,1,15573.959716184301,1538.5808249715756,9071.979577145335,0,0,0.006387406222212574,0.13917340331983072,-1,0.0,0.0,844.9700000000126,10532,0.10000000000697899,30380.94,0.0,2.424,0.006941531735160103,221.02,221.02,0.0,807.52,802.33,-0.0,8045.0
130,ARMM,SS,1000,135451,153893114,helped,a,8.1073718e-06,64055.99846989873,0.0,98041.71899999998,22302.6775,379792.5554130422,0.7850000000000005,39613,0,39613.0,4.944022858191394e-12,0.0,0.7850000000000005,41322.12059364103,0.0,41322.12059364103,1,15573.959716184301,1538.5808249715756,9071.979577145335,0,0,0.006387406222212574,0.09864495418546658,-1,0.0,0.0,417.4800000000091,10532,0.09999999999508784,30380.94,0.0,2.505,0.003436228463712074,109.41,109.41,0.0,442.12,442.12,0.0,5785.0
131,ARMM,SS,2000,138676,153893114,helped,a,0.22863880328419112,64055.99846989873,0.0,98041.71899999998,22302.6775,379792.5554130422,0.7850000000000005,31757,4856,36613.0,1.1801039854629134e-07,1253.554290831817,0.7850000000000005,33127.169961685766,1253.554290831817,34380.72425251758,1,15573.959716184301,1538.5808249715756,9071.979577145335,0,0,0.006387406222212574,0.055035888111042985,-1,0.0,0.0,334.6699999999869,10532,0.09999999998953517,30380.98,0.0,3.217,81.14103075912578,91.61,87.71,3.9,358.33,358.33,0.0,2750.0
132,ARMM,EQ,1,2,156627419,helped,a,1.3274683323667258,54179.25679093233,0.0,116599.21,22302.6775,451680.2885212769,0.4750000000000002,76881,8790,85671.0,4.7652850441127067e-07,2269.0984794916953,0.4750000000000002,56364.95511397055,2269.0984794916953,58634.053593462246,1,15573.959716184301,1538.5808249715756,9071.979577145335,0,0,0.00585709396839272,0.3441036713660963,-1,0.0,0.0,4891.199999999995,10617,0.3200000000034433,30381.05,0.0,2.037,6588.934850706742,1281.31,1274.25,7.06,3625.99,3609.38,0.0,22281.0
133,ARMM,EQ,10,3227,156627419,helped,a,2.197471944127209,54179.25679093233,0.0,116599.21,22302.6775,451680.2885212769,0.6150000000000003,56910,4875,61785.0,8.065142748161057e-07,1258.459054325599,0.6150000000000003,49690.70739111178,1258.459054325599,50949.166445437375,1,15573.959716184301,1538.5808249715756,9071.979577145335,0,0,0.00585709396839272,0.19649054311414252,-1,0.0,0.0,1607.5299999999963,10617,0.16000000000871917,30381.09,0.0,2.129,3607.955681922997,423.84,419.92,3.92,1424.25,1415.95,-0.0,13756.0
134,ARMM,EQ,25,6452,156627419,helped,a,16.222683603754486,54179.25679093233,0.0,116599.21,22302.6775,451680.2885212769,0.6850000000000004,46285,5988,52273.0,5.769704356548469e-06,1545.7749368823972,0.6850000000000004,43653.48701629957,1545.7749368823972,45199.26195318197,1,15573.959716184301,1538.5808249715756,9071.979577145335,0,0,0.00585709396839272,0.13079281941954732,-1,0.0,0.0,871.1799999999811,10617,0.1100000000019801,30382.53,0.0,2.278,14622.98869217756,232.69,227.88,4.81,837.37,831.66,0.0,9492.0
135,ARMM,EQ,30,9677,156627419,helped,a,21.62028037061976,54179.25679093233,0.0,116599.21,22302.6775,451680.2885212769,0.7350000000000004,43311,6345,49656.0,7.620985778092248e-06,1637.9328614760873,0.7350000000000004,43014.1224567992,1637.9328614760873,44652.05531827529,1,15573.959716184301,1538.5808249715756,9071.979577145335,0,0,0.00585709396839272,0.11170734035557951,-1,0.0,0.0,609.9999999999935,10617,0.09999999999209423,30383.35,0.0,2.333,13803.529942541478,164.81,159.71,5.1,619.55,619.55,0.0,8037.0
136,ARMM,EQ,50,12902,156627419,helped,a,52.066725951596645,54179.25679093233,0.0,116599.21,22302.6775,451680.2885212769,0.6850000000000004,47734,7091,54825.0,1.819412814882797e-05,1830.509364968784,0.6850000000000004,45020.1047690622,1830.509364968784,46850.614134030984,1,15573.959716184301,1538.5808249715756,9071.979577145335,0,0,0.00585709396839272,0.1404134063615736,-1,0.0,0.0,898.4299999999872,10617,0.11000000000051571,30386.72,0.0,2.21,48549.37214797397,240.71,235.01,5.7,864.31,858.6,0.0,10307.0
137,ARMM,EQ,100,16127,156627419,helped,a,133.67423361549814,54179.25679093233,0.0,116599.21,22302.6775,451680.2885212769,0.7350000000000004,43556,6600,50156.0,4.706601080643988e-05,1703.7599504715802,0.7350000000000004,43257.44309132428,1703.7599504715802,44961.20304179587,1,15573.959716184301,1538.5808249715756,9071.979577145335,0,0,0.00585709396839272,0.1133189696174761,-1,0.0,0.0,613.4299999999992,10617,0.09999999999766111,30396.12,0.0,2.333,85916.00108676899,165.91,160.61,5.3,623.21,623.21,0.0,8093.0
138,ARMM,EQ,200,19352,156627419,helped,a,242.75957333465706,54179.25679093233,0.0,116599.21,22302.6775,451680.2885212769,0.9150000000000006,31096,5554,36650.0,8.211956617009025e-05,1433.7398128665386,0.9150000000000006,36480.130821191575,1433.7398128665386,37913.87063405811,1,15573.959716184301,1538.5808249715756,9071.979577145335,0,0,0.00585709396839272,0.03969988181797743,-1,0.0,0.0,154.2100000000102,10617,0.09000000000783409,30414.08,0.0,2.906,42298.51841447668,44.98,40.52,4.46,188.59,188.59,0.0,2654.0
139,ARMM,EQ,250,22577,156627419,helped,a,281.38366987033055,54179.25679093233,0.0,116599.21,22302.6775,451680.2885212769,0.49500000000000016,69392,12446,81838.0,9.703453634088843e-05,3212.878233874134,0.49500000000000016,52262.268861079385,3212.878233874134,55475.14709495352,1,15573.959716184301,1538.5808249715756,9071.979577145335,0,0,0.00585709396839272,0.2965516918019972,-1,0.0,0.0,3931.269999999992,10617,0.27000000000652435,30415.37,0.0,2.064,1127697.429248558,1034.56,1024.56,10.0,2999.19,2984.66,0.01,19971.0
140,ARMM,EQ,500,25802,156627419,helped,a,426.0351690255673,54179.25679093233,0.0,116599.21,22302.6775,451680.2885212769,0.9150000000000006,30570,6006,36576.0,0.00014432026962200292,1550.421554929138,0.9150000000000006,35863.05631604793,1550.421554929138,37413.47787097707,1,15573.959716184301,1538.5808249715756,9071.979577145335,0,0,0.00585709396839272,0.037688933131445675,-1,0.0,0.0,151.60000000000002,10617,0.09999999999580016,30443.84,0.0,2.906,73703.02379210324,44.66,39.83,4.83,185.84,185.84,0.0,2619.0
141,ARMM,EQ,1000,29027,156627419,helped,a,574.237353886738,54179.25679093233,0.0,116599.21,22302.6775,451680.2885212769,0.5550000000000003,60420,13283,73703.0,0.00018830622053743343,3428.9459730475755,0.5550000000000003,49130.2479102262,3428.9459730475755,52559.19388327378,1,15573.959716184301,1538.5808249715756,9071.979577145335,0,0,0.00585709396839272,0.23341564363327716,-1,0.0,0.0,2417.030000000015,10617,0.20999999999901342,30465.94,0.0,2.11,1426619.1005806774,641.32,630.65,10.67,1997.2,1986.3,0.0,16293.0
142,ARMM,EQ,2000,32252,156627419,helped,a,959.4868981524673,54179.25679093233,0.0,116599.21,22302.6775,451680.2885212769,0.6850000000000004,38599,14040,52639.0,0.0002844029967706556,3624.362076457725,0.6850000000000004,36404.4711103413,3624.362076457725,40028.83318679903,1,15573.959716184301,1538.5808249715756,9071.979577145335,0,0,0.00585709396839272,0.09649700782981308,-1,0.0,0.0,726.5100000000106,10617,0.09999999999925295,30602.92,0.0,2.587,748273.5763788676,201.32,190.04,11.28,705.59,705.59,0.0,6805.0
143,ARMM,HU,1,35477,156627419,helped,a,1.7607008e-05,54179.25679093233,0.0,116599.21,22302.6775,451680.2885212769,0.6850000000000004,53725,0,53725.0,5.031811663310454e-12,0.0,0.6850000000000004,50670.489142285725,0.0,50670.489142285725,1,15573.959716184301,1538.5808249715756,9071.979577145335,0,0,0.00585709396839272,0.16725261648574877,-1,0.0,0.0,1011.2199999999773,10617,0.11999999999071954,30380.94,0.0,2.083,0.018041196817279604,264.51,264.51,0.0,966.4,960.17,-0.0,12161.0
144,ARMM,HU,10,38702,156627419,helped,a,1.7607008e-05,54179.25679093233,0.0,116599.21,22302.6775,451680.2885212769,0.9150000000000006,35046,0,35046.0,4.912950770799062e-12,0.0,0.9150000000000006,41114.055337004116,0.0,41114.055337004116,1,15573.959716184301,1538.5808249715756,9071.979577145335,0,0,0.00585709396839272,0.053891685872079216,-1,0.0,0.0,173.73999999999057,10617,0.09999999999697166,30380.94,0.0,2.632,0.003113447224639834,45.65,45.65,0.0,207.45,207.45,0.0,3700.0
145,ARMM,HU,25,41927,156627419,helped,a,0.17986241486551177,54179.25679093233,0.0,116599.21,22302.6775,451680.2885212769,0.6150000000000003,46645,16003,62648.0,3.727704446754324e-08,4131.1015889995,0.6150000000000003,40727.86937723438,4131.1015889995,44858.97096623389,1,15573.959716184301,1538.5808249715756,9071.979577145335,0,0,0.00585709396839272,0.14859766906151312,-1,0.0,0.0,1317.6300000000215,10617,0.13000000000024814,30380.97,0.0,2.321,248.77841828782724,357.06,344.2,12.86,1177.06,1169.79,0.01,10766.0
146,ARMM,HU,30,45152,156627419,helped,a,0.2922536071670858,54179.25679093233,0.0,116599.21,22302.6775,451680.2885212769,0.5250000000000002,56838,20787,77625.0,5.8455575350503925e-08,5366.069407644353,0.5250000000000002,44512.420918924814,5366.069407644353,49878.49032656917,1,15573.959716184301,1538.5808249715756,9071.979577145335,0,0,0.00585709396839272,0.22244054859382406,-1,0.0,0.0,2705.7900000000236,10617,0.20999999999786056,30380.99,0.0,2.231,817.7293376910694,722.3,705.59,16.71,2157.28,2146.38,0.0,15462.0
147,ARMM,HU,50,48377,156627419,helped,a,1.0350215337242743,54179.25679093233,0.0,116599.21,22302.6775,451680.2885212769,0.6850000000000004,42181,11232,53413.0,2.2403293921049877e-07,2899.4896611661798,0.6850000000000004,39782.8181016427,2899.4896611661798,42682.30776280888,1,15573.959716184301,1538.5808249715756,9071.979577145335,0,0,0.00585709396839272,0.11331598212911063,-1,0.0,0.0,793.9399999999985,10617,0.10000000000643765,30381.1,0.0,2.424,868.855837315424,216.71,207.68,9.03,767.79,762.6,0.0,8110.0
148,ARMM,HU,100,51602,156627419,helped,a,4.255390345951331,54179.25679093233,0.0,116599.21,22302.6775,451680.2885212769,0.8450000000000005,35014,5766,40780.0,1.0193339037995347e-06,1488.4666476392622,0.8450000000000005,38625.534682698795,1488.4666476392622,40114.001330338055,1,15573.959716184301,1538.5808249715756,9071.979577145335,0,0,0.00585709396839272,0.062061046461235114,-1,0.0,0.0,260.559999999999,10617,0.09999999999884727,30381.39,0.0,2.612,1203.3833576830261,73.0,68.37,4.63,296.79,296.79,0.0,4413.0
149,ARMM,HU,200,54827,156627419,helped,a,12.235576454795067,54179.25679093233,0.0,116599.21,22302.6775,451680.2885212769,0.8450000000000005,34494,8011,42505.0,2.814391487222408e-06,2068.0031762466406,0.8450000000000005,38051.89905023739,2068.0031762466406,40119.90222648403,1,15573.959716184301,1538.5808249715756,9071.979577145335,0,0,0.00585709396839272,0.06171946244590286,-1,0.0,0.0,256.6700000000104,10617,0.0999999999928141,30382.68,0.0,2.612,3497.1645573092856,73.78,67.34,6.44,294.22,294.22,0.0,4413.0
150,ARMM,HU,250,58052,156627419,helped,a,18.604962158313963,54179.25679093233,0.0,116599.21,22302.6775,451680.2885212769,0.5850000000000003,55433,14362,69795.0,4.0902023554994e-06,3707.484910404975,0.5850000000000003,46738.081565832,3707.484910404975,50445.56647623697,1,15573.959716184301,1538.5808249715756,9071.979577145335,0,0,0.00585709396839272,0.20091242952331,-1,0.0,0.0,1863.3900000000176,10617,0.16999999999677784,30383.64,0.0,2.176,35893.081796071165,498.02,486.48,11.54,1600.46,1591.12,0.01,14125.0
151,ARMM,HU,500,61277,156627419,helped,a,47.315735176723656,54179.25679093233,0.0,116599.21,22302.6775,451680.2885212769,0.8450000000000005,33198,8576,41774.0,1.009344620062793e-05,2213.85535382489,0.8450000000000005,36622.222550872066,2213.85535382489,38836.077904696955,1,15573.959716184301,1538.5808249715756,9071.979577145335,0,0,0.00585709396839272,0.05558047274496116,-1,0.0,0.0,247.03999999999508,10617,0.09000000000137248,30388.21,0.0,2.725,13143.75656321829,71.71,64.82,6.89,283.88,283.88,0.0,3884.0
152,ARMM,HU,1000,64502,156627419,helped,a,70.91134799472204,54179.25679093233,0.0,116599.21,22302.6775,451680.2885212769,0.5850000000000003,53059,13049,66108.0,1.5795507649378087e-05,3368.5399384399466,0.5850000000000003,44736.45427455631,3368.5399384399466,48104.99421299626,1,15573.959716184301,1538.5808249715756,9071.979577145335,0,0,0.00585709396839272,0.18491242591774662,-1,0.0,0.0,1783.5600000000022,10617,0.169999999988258,30390.92,0.0,2.238,130789.12755215267,476.13,465.64,10.49,1531.34,1522.52,0.0,12988.0
153,ARMM,HU,2000,67727,156627419,helped,a,396.76023019292126,54179.25679093233,0.0,116599.21,22302.6775,451680.2885212769,0.6850000000000004,45795,9373,55168.0,8.954047680433107e-05,2419.597275116685,0.6850000000000004,43191.34574724941,2419.597275116685,45610.9430223661,1,15573.959716184301,1538.5808249715756,9071.979577145335,0,0,0.00585709396839272,0.13175204971291077,-1,0.0,0.0,861.9300000000187,10617,0.1100000000013264,30429.7,0.0,2.278,358099.694672584,232.99,225.46,7.53,831.26,825.55,0.0,9578.0
154,ARMM,PF,1,70952,156627419,helped,a,0.08441199459469664,54179.25679093233,0.0,116599.21,22302.6775,451680.2885212769,0.6850000000000004,51392,3751,55143.0,2.1938350422111418e-08,968.303571851348,0.6850000000000004,48470.13081433872,968.303571851348,49438.43438619007,1,15573.959716184301,1538.5808249715756,9071.979577145335,0,0,0.00585709396839272,0.15773234379383652,-1,0.0,0.0,967.2900000000077,10617,0.11999999999967616,30380.94,0.0,2.146,83.72128358737176,256.03,253.02,3.01,927.43,921.2,0.0,11371.0
155,ARMM,PF,10,74177,156627419,helped,a,0.16429814076605995,54179.25679093233,0.0,116599.21,22302.6775,451680.2885212769,0.6850000000000004,50016,2286,52302.0,4.4281132022679605e-08,590.1204919360654,0.6850000000000004,47172.362679210106,590.1204919360654,47762.483171146174,1,15573.959716184301,1538.5808249715756,9071.979577145335,0,0,0.00585709396839272,0.1479002637031078,-1,0.0,0.0,941.4000000000327,10617,0.10999999999628754,30380.95,0.0,2.21,157.89488935934585,248.09,246.25,1.84,901.52,895.29,0.01,10508.0
156,ARMM,PF,25,77402,156627419,helped,a,1.1046518065275948,54179.25679093233,0.0,116599.21,22302.6775,451680.2885212769,0.7850000000000005,43712,1733,45445.0,2.9975260622858714e-07,447.36605972231035,0.7850000000000005,45597.973781062705,447.36605972231035,46045.33984078502,1,15573.959716184301,1538.5808249715756,9071.979577145335,0,0,0.00585709396839272,0.10665587052041918,-1,0.0,0.0,460.66999999997705,10617,0.0900000000042745,30380.97,0.0,2.257,522.5942764715605,122.12,120.73,1.39,489.26,489.26,0.0,7828.0
157,ARMM,PF,30,80627,156627419,helped,a,1.8736385754713223,54179.25679093233,0.0,116599.21,22302.6775,451680.2885212769,0.6150000000000003,62116,2614,64730.0,5.045404750869645e-07,674.7921985655622,0.6150000000000003,54236.302588408,674.7921985655622,54911.09478697356,1,15573.959716184301,1538.5808249715756,9071.979577145335,0,0,0.00585709396839272,0.22642377807035904,-1,0.0,0.0,1754.6100000000001,10617,0.17999999998992489,30380.99,0.0,2.013,3341.948691917197,460.44,458.34,2.1,1552.39,1543.05,0.0,15924.0
158,ARMM,PF,50,83852,156627419,helped,a,5.093055021633806,54179.25679093233,0.0,116599.21,22302.6775,451680.2885212769,0.5850000000000003,63044,3722,66766.0,1.3317595741054312e-06,960.8173538871547,0.5850000000000003,53155.26156326218,960.8173538871547,54116.07891714934,1,15573.959716184301,1538.5808249715756,9071.979577145335,0,0,0.00585709396839272,0.23569273074105743,-1,0.0,0.0,2119.2400000000052,10617,0.200000000001473,30381.14,0.0,2.058,10974.75485446801,556.26,553.27,2.99,1810.07,1799.69,0.0,16235.0
159,ARMM,PF,100,87077,156627419,helped,a,11.391049703385066,54179.25679093233,0.0,116599.21,22302.6775,451680.2885212769,0.9150000000000006,33137,2751,35888.0,2.9603259415287754e-06,710.1581248101995,0.9150000000000006,38874.52067860255,710.1581248101995,39584.67880341275,1,15573.959716184301,1538.5808249715756,9071.979577145335,0,0,0.00585709396839272,0.04703953974035562,-1,0.0,0.0,164.30000000000564,10617,0.09999999999427715,30381.61,0.0,2.76,2002.3670661439562,45.38,43.17,2.21,198.39,198.39,0.0,3167.0
160,ARMM,PF,200,90302,156627419,helped,a,17.92202763921059,54179.25679093233,0.0,116599.21,22302.6775,451680.2885212769,0.8450000000000005,37487,4033,41520.0,4.4141306403994844e-06,1041.1005879169518,0.8450000000000005,41353.61337323155,1041.1005879169518,42394.7139611485,1,15573.959716184301,1538.5808249715756,9071.979577145335,0,0,0.00585709396839272,0.0730526590500499,-1,0.0,0.0,278.94999999998635,10617,0.09999999998506208,30382.25,0.0,2.509,5306.448720120468,76.43,73.19,3.24,316.01,316.01,0.0,5087.0
161,ARMM,PF,250,93527,156627419,helped,a,21.114997788081602,54179.25679093233,0.0,116599.21,22302.6775,451680.2885212769,0.7850000000000005,39477,4443,43920.0,5.212760814934391e-06,1146.9402212038226,0.7850000000000005,41180.252812843435,1146.9402212038226,42327.19303404726,1,15573.959716184301,1538.5808249715756,9071.979577145335,0,0,0.00585709396839272,0.08658740211890208,-1,0.0,0.0,416.02000000001095,10617,0.09000000000149716,30382.53,0.0,2.417,9210.186255704099,112.6,109.03,3.57,444.15,444.15,0.0,6349.0
162,ARMM,PF,500,96752,156627419,helped,a,33.910543659121984,54179.25679093233,0.0,116599.21,22302.6775,451680.2885212769,0.5250000000000002,68644,8984,77628.0,8.320231173065255e-06,2319.1786962176784,0.5250000000000002,53758.23606669262,2319.1786962176784,56077.414762910295,1,15573.959716184301,1538.5808249715756,9071.979577145335,0,0,0.00585709396839272,0.28355607309915254,-1,0.0,0.0,3267.8899999999585,10617,0.24999999999843459,30383.65,0.0,2.055,112890.85971185655,859.39,852.17,7.22,2592.47,2579.5,-0.0,19066.0
163,ARMM,PF,1000,99977,156627419,helped,a,48.234181830941374,54179.25679093233,0.0,116599.21,22302.6775,451680.2885212769,0.7850000000000005,37746,5594,43340.0,1.1665474767373086e-05,1444.0656307481847,0.7850000000000005,39374.56804401521,1444.0656307481847,40818.63367476339,1,15573.959716184301,1538.5808249715756,9071.979577145335,0,0,0.00585709396839272,0.07858840559832424,-1,0.0,0.0,397.8099999999919,10617,0.09999999999968083,30385.6,0.0,2.505,20320.33236086388,108.76,104.26,4.5,425.8,425.8,0.0,5715.0
164,ARMM,PF,2000,103202,156627419,helped,a,94.24721046110255,54179.25679093233,0.0,116599.21,22302.6775,451680.2885212769,0.6850000000000004,45712,10557,56269.0,2.104247575386489e-05,2725.2414844134046,0.6850000000000004,43113.064675145,2725.2414844134046,45838.3061595584,1,15573.959716184301,1538.5808249715756,9071.979577145335,0,0,0.00585709396839272,0.13256026006093158,-1,0.0,0.0,860.4099999999754,10617,0.11000000000454827,30393.72,0.0,2.278,85265.96071053251,233.54,225.06,8.48,830.75,825.04,0.0,9626.0
165,ARMM,SS,1,106427,156627419,helped,a,1.7607008e-05,54179.25679093233,0.0,116599.21,22302.6775,451680.2885212769,0.8450000000000005,39797,0,39797.0,4.982878784192199e-12,0.0,0.8450000000000005,43901.879355896606,0.0,43901.879355896606,1,15573.959716184301,1538.5808249715756,9071.979577145335,0,0,0.00585709396839272,0.0810140582772244,-1,0.0,0.0,296.1600000000184,10617,0.09999999999567126,30380.94,0.0,2.414,0.005300061548160324,77.71,77.71,0.0,332.07,332.07,0.0,5707.0
166,ARMM,SS,10,109652,156627419,helped,a,1.7607008e-05,54179.25679093233,0.0,116599.21,22302.6775,451680.2885212769,0.6450000000000004,57087,0,57087.0,4.991410840760236e-12,0.0,0.6450000000000004,51557.864135238066,0.0,51557.864135238066,1,15573.959716184301,1538.5808249715756,9071.979577145335,0,0,0.00585709396839272,0.18986212548980713,-1,0.0,0.0,1354.990000000024,10617,0.1499999999962469,30380.94,0.0,2.088,0.024155582485440426,354.16,354.16,0.0,1239.05,1231.27,0.0,13405.0
167,ARMM,SS,25,112877,156627419,helped,a,1.7607008e-05,54179.25679093233,0.0,116599.21,22302.6775,451680.2885212769,0.6850000000000004,55088,0,55088.0,4.918069895272449e-12,0.0,0.6850000000000004,51955.99638660281,0.0,51955.99638660281,1,15573.959716184301,1538.5808249715756,9071.979577145335,0,0,0.00585709396839272,0.1755210430927276,-1,0.0,0.0,1036.8500000000108,10617,0.12999999999549305,30380.94,0.0,2.024,0.01849845081504019,271.22,271.22,0.0,990.9,984.15,0.0,12989.0
168,ARMM,SS,30,116102,156627419,helped,a,1.7607008e-05,54179.25679093233,0.0,116599.21,22302.6775,451680.2885212769,0.7350000000000004,51899,0,51899.0,4.936502308649758e-12,0.0,0.7350000000000004,51543.25555598859,0.0,51543.25555598859,1,15573.959716184301,1538.5808249715756,9071.979577145335,0,0,0.00585709396839272,0.15375659970624203,-1,0.0,0.0,730.9700000000139,10617,0.09999999999889457,30380.94,0.0,2.06,0.013053835731200244,191.39,191.39,0.0,736.32,736.32,0.0,11340.0
169,ARMM,SS,50,119327,156627419,helped,a,1.7607008e-05,54179.25679093233,0.0,116599.21,22302.6775,451680.2885212769,0.8450000000000005,40388,0,40388.0,5.008616357914675e-12,0.0,0.8450000000000005,44553.83831509793,0.0,44553.83831509793,1,15573.959716184301,1538.5808249715756,9071.979577145335,0,0,0.00585709396839272,0.08429471902288636,-1,0.0,0.0,300.549999999991,10617,0.09999999999980651,30380.94,0.0,2.327,0.005378588803839841,78.86,78.86,0.0,336.99,336.99,0.0,6238.0
170,ARMM,SS,100,122552,156627419,helped,a,1.7607008e-05,54179.25679093233,0.0,116599.21,22302.6775,451680.2885212769,0.6150000000000003,63454,0,63454.0,4.872808934932651e-12,0.0,0.6150000000000003,55404.571196549055,0.0,55404.571196549055,1,15573.959716184301,1538.5808249715756,9071.979577145335,0,0,0.00585709396839272,0.23184213449659288,-1,0.0,0.0,1792.400000000002,10617,0.18000000000058547,30380.94,0.0,1.958,0.03193506290016004,468.22,468.22,0.0,1583.69,1574.35,-0.0,16621.0
171,ARMM,SS,200,125777,156627419,helped,a,1.7607008e-05,54179.25679093233,0.0,116599.21,22302.6775,451680.2885212769,0.9950000000000008,33660,0,33660.0,4.926935827690778e-12,0.0,0.9950000000000008,42180.87574740509,0.0,42180.87574740509,1,15573.959716184301,1538.5808249715756,9071.979577145335,0,0,0.00585709396839272,0.044850039812513336,-1,0.0,0.0,104.95000000000424,10617,0.0999999999940762,30380.94,0.0,2.538,0.0018835977158400748,27.62,27.62,0.0,134.07,134.07,0.0,3374.0
172,ARMM,SS,250,129002,156627419,helped,a,1.7607008e-05,54179.25679093233,0.0,116599.21,22302.6775,451680.2885212769,0.9950000000000008,32773,0,32773.0,5.000551534583831e-12,0.0,0.9950000000000008,41069.335735879584,0.0,41069.335735879584,1,15573.959716184301,1538.5808249715756,9071.979577145335,0,0,0.00585709396839272,0.040338172318432,-1,0.0,0.0,102.15999999999579,10617,0.09999999998774793,30380.94,0.0,2.673,0.001833593813119926,26.88,26.88,0.0,130.5,130.5,0.0,2875.0
173,ARMM,SS,500,132227,156627419,helped,a,1.7607008e-05,54179.25679093233,0.0,116599.21,22302.6775,451680.2885212769,0.9950000000000008,30167,0,30167.0,5.026321860588394e-12,0.0,0.9950000000000008,37803.63870089035,0.0,37803.63870089035,1,15573.959716184301,1538.5808249715756,9071.979577145335,0,0,0.00585709396839272,0.027622210982158068,-1,0.0,0.0,94.05999999999509,10617,0.09999999998788965,30380.94,0.0,3.011,0.0016881599270399134,24.75,24.75,0.0,120.15,120.15,0.0,1890.0
174,ARMM,SS,1000,135452,156627419,helped,a,1.7607008e-05,54179.25679093233,0.0,116599.21,22302.6775,451680.2885212769,0.6150000000000003,65371,0,65371.0,4.944022858191394e-12,0.0,0.6150000000000003,57078.39101852694,0.0,57078.39101852694,1,15573.959716184301,1538.5808249715756,9071.979577145335,0,0,0.00585709396839272,0.24408390105896668,-1,0.0,0.0,1846.5699999999817,10617,0.18999999999940842,30380.94,0.0,1.958,0.03290010300863968,482.37,482.37,0.0,1631.55,1621.69,0.0,17124.0
175,ARMM,SS,2000,138677,156627419,helped,a,0.49654133766693415,54179.25679093233,0.0,116599.21,22302.6775,451680.2885212769,0.6850000000000004,46531,7115,53646.0,1.1801039854629134e-07,1836.7048556977716,0.6850000000000004,43885.5007962717,1836.7048556977716,45722.205651969474,1,15573.959716184301,1538.5808249715756,9071.979577145335,0,0,0.00585709396839272,0.1333065126093363,-1,0.0,0.0,875.7900000000045,10617,0.11000000000099355,30380.99,0.0,2.278,451.6440608181986,234.81,229.09,5.72,842.7,836.99,0.0,9602.0
176,ARMM,EQ,1,3,156642019,helped,a,0.560331675471541,17723.054010602886,0.0,21066.311,22302.6775,81606.36277517617,0.165,33582,3839,37421.0,4.7652850441127067e-07,991.020371190969,0.165,13573.310489770067,991.020371190969,14564.330860961036,2,15573.959716184301,1538.5808249715756,9071.979577145335,0,0,0.013779572685382054,1.4893202766452527,-1,5.799614643545269,5.799614643545269,12925.899999999985,9653,0.17000000000053705,4114.18,0.0,2.249,7272.551169757249,3350.48,3347.39,3.09,5490.04,5481.22,0.0,10486.0
177,ARMM,EQ,10,3228,156642019,helped,a,0.9275649793160876,17723.054010602886,0.0,21066.311,22302.6775,81606.36277517617,0.2250000000000001,27702,2373,30075.0,8.065142748161057e-07,612.5791458286453,0.2250000000000001,13384.095173933898,612.5791458286453,13996.674319762544,1,15573.959716184301,1538.5808249715756,9071.979577145335,0,0,0.013779572685382054,1.1004482875132418,-1,5.799614643545269,5.799614643545269,7512.719999999993,9653,0.14999999999989067,4114.19,0.0,1.915,7005.664058283105,1949.71,1947.8,1.91,3647.42,3639.64,-0.0,9098.0
178,ARMM,EQ,25,6453,156642019,helped,a,6.8476838676293355,17723.054010602886,0.0,21066.311,22302.6775,81606.36277517617,0.20500000000000004,28812,3727,32539.0,5.769704356548469e-06,962.1080811223604,0.20500000000000004,13344.146620149571,962.1080811223604,14306.254701271931,1,15573.959716184301,1538.5808249715756,9071.979577145335,0,0,0.013779572685382054,1.1879537301987986,-1,5.799614643545269,5.799614643545269,8774.699999999999,9653,0.1600000000003443,4114.37,0.0,1.954,60403.643095435735,2277.11,2274.11,3.0,4083.04,4074.74,0.0,9585.0
179,ARMM,EQ,30,9678,156642019,helped,a,9.126039114345579,17723.054010602886,0.0,21066.311,22302.6775,81606.36277517617,0.2250000000000001,26188,3836,30024.0,7.620985778092248e-06,990.2459348498458,0.2250000000000001,12652.612967113599,990.2459348498458,13642.858901963444,1,15573.959716184301,1538.5808249715756,9071.979577145335,0,0,0.013779572685382054,1.0312408240012918,-1,5.799614643545269,5.799614643545269,7102.05999999999,9653,0.14000000000010626,4114.48,0.0,1.915,65204.29007824536,1844.41,1841.33,3.08,3449.32,3442.05,-0.0,8868.0
180,ARMM,EQ,50,12903,156642019,helped,a,21.977651050071103,17723.054010602886,0.0,21066.311,22302.6775,81606.36277517617,0.24500000000000005,25007,3715,28722.0,1.819412814882797e-05,959.0103357578668,0.24500000000000005,12582.158194158,959.0103357578668,13541.168529915867,1,15573.959716184301,1538.5808249715756,9071.979577145335,0,0,0.013779572685382054,0.9611596349621834,-1,5.799614643545269,5.799614643545269,6039.059999999988,9653,0.1400000000003474,4114.94,0.0,1.886,133606.65296890153,1569.32,1566.33,2.99,3055.89,3048.62,0.0,8531.0
181,ARMM,EQ,100,16128,156642019,helped,a,56.42462834168301,17723.054010602886,0.0,21066.311,22302.6775,81606.36277517617,0.2250000000000001,26019,3943,29962.0,4.706601080643988e-05,1017.8674976832486,0.2250000000000001,12570.961386563646,1017.8674976832486,13588.828884246894,1,15573.959716184301,1538.5808249715756,9071.979577145335,0,0,0.013779572685382054,1.0227058442485804,-1,5.799614643545269,5.799614643545269,7056.26000000001,9653,0.14000000000019508,4116.12,0.0,1.915,400569.44536982256,1832.63,1829.46,3.17,3427.19,3419.92,-0.0,8833.0
182,ARMM,EQ,200,19353,156642019,helped,a,102.47014949188734,17723.054010602886,0.0,21066.311,22302.6775,81606.36277517617,0.20500000000000004,27877,4979,32856.0,8.211956617009025e-05,1285.3061808178784,0.20500000000000004,12911.105627166096,1285.3061808178784,14196.411807983975,1,15573.959716184301,1538.5808249715756,9071.979577145335,0,0,0.013779572685382054,1.1489722902428228,-1,5.799614643545269,5.799614643545269,8489.910000000016,9653,0.15000000000085256,4118.06,0.0,1.954,874993.6637436775,2204.31,2200.31,4.0,3951.63,3943.84,-0.0,9512.0
183,ARMM,EQ,250,22578,156642019,helped,a,118.77359281909854,17723.054010602886,0.0,21066.311,22302.6775,81606.36277517617,0.2550000000000001,23353,4188,27541.0,9.703453634088843e-05,1081.11313220833,0.2550000000000001,11983.485624751944,1081.11313220833,13064.598756960273,1,15573.959716184301,1538.5808249715756,9071.979577145335,0,0,0.013779572685382054,0.8755368241395087,-1,5.799614643545269,5.799614643545269,5321.8599999999915,9653,0.12999999999940792,4119.2,0.0,1.875,636758.0378391005,1383.95,1380.58,3.37,2747.71,2740.96,0.0,8100.0
184,ARMM,EQ,500,25803,156642019,helped,a,179.83178524815332,17723.054010602886,0.0,21066.311,22302.6775,81606.36277517617,0.155,32269,6339,38608.0,0.00014432026962200292,1636.3839887938404,0.155,12927.946872167195,1636.3839887938404,14564.330860961036,2,15573.959716184301,1538.5808249715756,9071.979577145335,0,0,0.013779572685382054,1.4468324429697326,-1,5.799614643545269,5.799614643545269,13144.359999999991,9653,0.15999999999797043,4120.69,0.0,2.209,2374391.7461333564,3408.39,3403.3,5.09,5451.86,5443.56,0.0,10632.0
185,ARMM,EQ,1000,29028,156642019,helped,a,242.38874161919355,17723.054010602886,0.0,21066.311,22302.6775,81606.36277517617,0.18500000000000005,28736,6317,35053.0,0.00018830622053743343,1630.704788958935,0.18500000000000005,12734.227566174446,1630.704788958935,14364.932355133382,1,15573.959716184301,1538.5808249715756,9071.979577145335,0,0,0.013779572685382054,1.2219599550794207,-1,5.799614643545269,5.799614643545269,9827.859999999977,9653,0.14999999999964175,4124.64,0.0,2.006,2395434.7827058076,2551.16,2546.08,5.08,4375.81,4368.03,-0.0,9912.0
186,ARMM,EQ,2000,32253,156642019,helped,a,405.0046906024709,17723.054010602886,0.0,21066.311,22302.6775,81606.36277517617,0.18500000000000005,25546,9292,34838.0,0.0002844029967706556,2398.687493906352,0.18500000000000005,11320.593590113182,2398.687493906352,13719.281084019534,1,15573.959716184301,1538.5808249715756,9071.979577145335,0,0,0.013779572685382054,1.0646636856193528,-1,5.799614643545269,5.799614643545269,8736.899999999976,9653,0.13000000000209755,4140.19,0.0,2.085,3562837.3136116164,2270.92,2263.45,7.47,3893.02,3886.27,-0.0,9329.0
187,ARMM,HU,1,35478,156642019,helped,a,7.4320148e-06,17723.054010602886,0.0,21066.311,22302.6775,81606.36277517617,0.3050000000000001,24134,0,24134.0,5.031811663310454e-12,0.0,0.3050000000000001,13590.952218891081,0.0,13590.952218891081,1,15573.959716184301,1538.5808249715756,9071.979577145335,0,0,0.013779572685382054,0.872502962940527,-1,5.799614643545269,5.799614643545269,4115.460000000005,9653,0.13000000000028988,4114.17,0.0,1.675,0.030766460307856035,1068.65,1068.65,0.0,2331.26,2324.51,-0.0,8155.0
188,ARMM,HU,10,38703,156642019,helped,a,7.4320148e-06,17723.054010602886,0.0,21066.311,22302.6775,81606.36277517617,0.2350000000000001,29595,0,29595.0,4.912950770799062e-12,0.0,0.236,14564.330860961036,0.0,14564.330860961036,2,15573.959716184301,1538.5808249715756,9071.979577145335,0,0,0.013779572685382054,1.1939032199044681,-1,5.799614643545269,5.799614643545269,7530.329999999998,9653,0.16000000000096493,4114.17,0.0,1.841,0.05622059075681998,1952.78,1952.78,0.0,3738.04,3729.74,-0.0,9467.0
189,ARMM,HU,25,41928,156642019,helped,a,0.07592091337973057,17723.054010602886,0.0,21066.311,22302.6775,81606.36277517617,0.3550000000000001,15716,5392,21108.0,3.727704446754324e-08,1391.9202504458729,0.3550000000000001,9636.19384569869,1391.9202504458729,11028.114096144564,1,15573.959716184301,1538.5808249715756,9071.979577145335,0,0,0.013779572685382054,0.508333163503056,-1,5.799614643545269,5.799614643545269,2005.3400000000015,9653,0.09000000000045799,4114.18,0.0,1.788,154.5663279778476,525.55,521.22,4.33,1242.33,1242.33,0.0,5845.0
190,ARMM,HU,30,45153,156642019,helped,a,0.12336185306550479,17723.054010602886,0.0,21066.311,22302.6775,81606.36277517617,0.3550000000000001,15466,5656,21122.0,5.8455575350503925e-08,1460.0706484647358,0.3550000000000001,9482.907483938405,1460.0706484647358,10942.978132403141,1,15573.959716184301,1538.5808249715756,9071.979577145335,0,0,0.013779572685382054,0.5000094576535,-1,5.799614643545269,5.799614643545269,1973.4499999999969,9653,0.09999999999964286,4114.18,0.0,1.788,247.29091311889246,517.48,512.93,4.55,1222.86,1222.86,0.0,5800.0
191,ARMM,HU,50,48378,156642019,helped,a,0.4368882752229967,17723.054010602886,0.0,21066.311,22302.6775,81606.36277517617,0.3550000000000001,16762,4463,21225.0,2.2403293921049877e-07,1152.1031301446458,0.3550000000000001,10277.54398330373,1152.1031301446458,11429.647113448376,1,15573.959716184301,1538.5808249715756,9071.979577145335,0,0,0.013779572685382054,0.5451988275562902,-1,5.799614643545269,5.799614643545269,2138.7900000000022,9653,0.0900000000011894,4114.19,0.0,1.788,946.8958926143845,559.5,555.91,3.59,1323.98,1323.98,0.0,6058.0
192,ARMM,HU,100,51603,156642019,helped,a,1.7962236417957786,17723.054010602886,0.0,21066.311,22302.6775,81606.36277517617,0.24500000000000005,24347,4009,28356.0,1.0193339037995347e-06,1034.9050971879644,0.24500000000000005,12250.082199110842,1034.9050971879644,13284.987296298807,1,15573.959716184301,1538.5808249715756,9071.979577145335,0,0,0.013779572685382054,0.9283881062199276,-1,5.799614643545269,5.799614643545269,5879.689999999985,9653,0.13999999999880175,4114.23,0.0,1.886,10633.627026344384,1528.22,1525.0,3.22,2975.56,2968.29,0.0,8370.0
193,ARMM,HU,200,54828,156642019,helped,a,5.164704037083896,17723.054010602886,0.0,21066.311,22302.6775,81606.36277517617,0.2750000000000001,21363,4961,26324.0,2.814391487222408e-06,1280.6595627711376,0.2750000000000001,11389.586185140057,1280.6595627711376,12670.245747911194,1,15573.959716184301,1538.5808249715756,9071.979577145335,0,0,0.013779572685382054,0.7785007849614237,-1,5.799614643545269,5.799614643545269,4335.220000000009,9653,0.12000000000098889,4114.41,0.0,1.858,22588.836509904082,1129.05,1125.06,3.99,2327.57,2321.34,0.0,7602.0
194,ARMM,HU,250,58053,156642019,helped,a,7.853256732434568,17723.054010602886,0.0,21066.311,22302.6775,81606.36277517617,0.2750000000000001,20860,5405,26265.0,4.0902023554994e-06,1395.2761412574075,0.2750000000000001,11121.41402527836,1395.2761412574075,12516.690166535767,1,15573.959716184301,1538.5808249715756,9071.979577145335,0,0,0.013779572685382054,0.7580997086408318,-1,5.799614643545269,5.799614643545269,4233.139999999977,9653,0.11999999999961954,4114.56,0.0,1.858,33552.69788687315,1102.91,1098.57,4.34,2273.21,2266.98,0.0,7510.0
195,ARMM,HU,500,61278,156642019,helped,a,19.972231744671827,17723.054010602886,0.0,21066.311,22302.6775,81606.36277517617,0.2250000000000001,24746,6392,31138.0,1.009344620062793e-05,1650.0656974870212,0.2250000000000001,11955.917232480262,1650.0656974870212,13605.982929967284,1,15573.959716184301,1538.5808249715756,9071.979577145335,0,0,0.013779572685382054,0.9830292173427808,-1,5.799614643545269,5.799614643545269,6710.980000000008,9653,0.13999999999985602,4115.07,0.0,1.915,135013.06915428958,1745.08,1739.94,5.14,3261.61,3254.34,0.0,8844.0
196,ARMM,HU,1000,64503,156642019,helped,a,29.932069536443926,17723.054010602886,0.0,21066.311,22302.6775,81606.36277517617,0.2250000000000001,24645,6061,30706.0,1.5795507649378087e-05,1564.619554516401,0.2250000000000001,11907.119542329106,1564.619554516401,13471.739096845507,1,15573.959716184301,1538.5808249715756,9071.979577145335,0,0,0.013779572685382054,0.9728438859116987,-1,5.799614643545269,5.799614643545269,6683.640000000001,9653,0.14000000000051882,4115.49,0.0,1.915,201489.1847795326,1737.72,1732.85,4.87,3248.07,3240.8,0.0,8757.0
197,ARMM,HU,2000,67728,156642019,helped,a,167.4746727465108,17723.054010602886,0.0,21066.311,22302.6775,81606.36277517617,0.2650000000000001,22520,4609,27129.0,8.954047680433107e-05,1189.7923654126535,0.2650000000000001,11781.235467366667,1189.7923654126535,12971.02783277932,1,15573.959716184301,1538.5808249715756,9071.979577145335,0,0,0.013779572685382054,0.8353172101311561,-1,5.799614643545269,5.799614643545269,4842.880000000003,9653,0.12999999999861367,4120.87,0.0,1.865,817614.4432874067,1260.27,1256.57,3.7,2550.2,2543.45,0.0,7912.0
198,ARMM,PF,1,70953,156642019,helped,a,0.035630766631406394,17723.054010602886,0.0,21066.311,22302.6775,81606.36277517617,0.3250000000000001,21215,1548,22763.0,2.1938350422111418e-08,399.6091520196979,0.3250000000000001,12371.430658977968,399.6091520196979,12771.039810997667,1,15573.959716184301,1538.5808249715756,9071.979577145335,0,0,0.013779572685382054,0.7315882675408484,-1,5.799614643545269,5.799614643545269,3221.4599999999864,9653,0.10999999999998947,4114.17,0.0,1.73,115.67596579435876,838.07,836.83,1.24,1891.62,1885.91,-0.0,7279.0
199,ARMM,PF,10,74178,156642019,helped,a,0.06935114778080641,17723.054010602886,0.0,21066.311,22302.6775,81606.36277517617,0.2750000000000001,25278,1155,26433.0,4.4281132022679605e-08,298.1579913325265,0.2750000000000001,13476.850610306154,298.1579913325265,13775.00860163868,1,15573.959716184301,1538.5808249715756,9071.979577145335,0,0,0.013779572685382054,0.948822927736303,-1,5.799614643545269,5.799614643545269,5129.659999999997,9653,0.1400000000009587,4114.17,0.0,1.738,357.8869917024558,1332.16,1331.23,0.93,2750.31,2743.04,-0.0,8541.0
