,district,hazard,rp,hhid,helped_cat,affected_cat,N_children,ethnicity,pcwgt,frac_remittance,pcsoc,pcsamurdhi,gsp_samurdhi,pov_line,c,k,optimal_hh_reco_rate,dk_private,dk_public,dk0,scale_fac_soc,di0_pub,hh_reco_rate,dc0_prv,dc0_pub,dc0,welf_class,c_min,sub_savings_q1,sub_savings_q3,dc_pre_reco,dw,const,integ,t_start_prv_reco,t_pov_inc,t_pov_cons,dk_prv_t,sav_f,sav_i,sav_offset_to,t_exhaust_sav,intermed_sf_num,di_t,di_prv_t,di_pub_t,dc_t,dc_net,sav_delta,dc_net_t0
0,Ampara,PF,5,521411,helped,a,2,2.0,5.330590823111983,0.0,0.0,0.0,0.0,52153.133146515145,96075.65860047363,298482.23822773044,0.8450000000000005,34726,0,34726.0,1.8298463550641882e-05,0.0,0.8450000000000005,40521.09765506525,0.0,40521.09765506525,1,45477.532103761216,1.0,1.0,0,0,0.00645243013073147,0.017433448552011222,-1,0.0,0.0,30485.110000000004,5528.77,7996.75,18640.0,0.919,165171.07525544462,9973.64,9973.64,0,36156.4,18640.0,331.86,18640.0
1,Ampara,PF,10,521411,helped,a,2,2.0,6.480996107587006,0.0,0.0,0.0,0.0,52153.133146515145,96075.65860047363,298482.23822773044,0.8450000000000005,37253,0,37253.0,2.2833984155999798e-05,0.0,0.8450000000000005,43469.80507239952,0.0,43469.80507239952,1,45477.532103761216,1.0,1.0,0,0,0.00645243013073147,0.019938616787052325,-1,0.0,0.0,32703.499999999996,5445.719999999999,7996.77,20866.0,0.869,215430.31972498543,10699.41,10699.41,0,38787.47,20866.0,339.26,20866.0
2,Ampara,PF,25,521411,helped,a,2,2.0,7.559263766962934,0.0,0.0,0.0,0.0,52153.133146515145,96075.65860047363,298482.23822773044,1.1150000000000009,22698,0,22698.0,2.5864816026117726e-05,0.0,1.1150000000000009,32614.31712649517,0.0,32614.31712649517,1,45477.532103761216,1.0,1.0,0,0,0.00645243013073147,0.009681651210400523,-1,0.0,0.0,19113.75,5602.21,7996.78,11089.0,0.968,147623.57703017877,6285.95,6285.95,0,28060.6,11089.0,321.24,11089.0
3,Ampara,PF,50,521411,helped,a,2,2.0,8.021197682071167,0.0,0.0,0.0,0.0,52153.133146515145,96075.65860047363,298482.23822773044,1.1150000000000009,22444,0,22444.0,2.7887813662567396e-05,0.0,1.1150000000000009,32249.349439909136,0.0,32249.349439909136,1,45477.532103761216,1.0,1.0,0,0,0.00645243013073147,0.00925526164042479,-1,0.0,0.0,18899.859999999997,5584.999999999999,7996.79,10642.0,0.994,154891.653388122,6215.61,6215.61,0,27746.58,10642.0,323.87,10642.0
4,Ampara,PF,100,521411,helped,a,2,2.0,8.61601669604615,0.0,0.0,0.0,0.0,52153.133146515145,96075.65860047363,298482.23822773044,1.1150000000000009,24337,0,24337.0,2.9592626489390812e-05,0.0,1.1150000000000009,34969.36452143418,0.0,34969.36452143418,1,45477.532103761216,1.0,1.0,0,0,0.00645243013073147,0.011137429782256505,-1,0.0,0.0,20493.920000000002,5499.899999999999,7996.8,12589.0,0.916,180410.51511800947,6739.85,6739.85,0,30086.8,12589.0,330.96,12589.0
5,Ampara,PF,250,521411,helped,a,2,2.0,9.196914413949381,0.0,0.0,0.0,0.0,52153.133146515145,96075.65860047363,298482.23822773044,1.2150000000000007,20390,0,20390.0,3.1915941674059444e-05,0.0,1.2150000000000007,31336.996572792163,0.0,31336.996572792163,1,45477.532103761216,1.0,1.0,0,0,0.00645243013073147,0.008088821804499014,-1,0.0,0.0,16907.57,5555.98,7996.81,9401.0,0.991,159180.65452235658,5571.13,5571.13,0,26600.41,9401.0,325.44,9401.0
6,Ampara,PF,500,521411,helped,a,2,2.0,10.304290237838977,0.0,0.0,0.0,0.0,52153.133146515145,96075.65860047363,298482.23822773044,0.9050000000000006,31536,0,31536.0,3.596164395604517e-05,0.0,0.9050000000000006,38690.90836290208,0.0,38690.90836290208,1,45477.532103761216,1.0,1.0,0,0,0.00645243013073147,0.01526985007513976,-1,0.0,0.0,27429.82,5509.739999999998,7996.82,16637.0,0.933,287616.6464914376,8984.44,8984.44,0,34245.09,16637.0,333.55,16637.0
7,Ampara,PF,1000,521411,helped,a,2,2.0,10.940873140029225,0.0,0.0,0.0,0.0,52153.133146515145,96075.65860047363,298482.23822773044,1.0350000000000006,27381,0,27381.0,3.7461068609544864e-05,0.0,1.0350000000000006,37152.74923784316,0.0,37152.74923784316,1,45477.532103761216,1.0,1.0,0,0,0.00645243013073147,0.013039760329930162,-1,0.0,0.0,23343.35,5452.0599999999995,7996.83,14490.0,0.91,260540.92015501152,7665.12,7665.12,0,32312.13,14490.0,337.23,14490.0
8,Ampara,PF,5,521421,helped,a,2,2.0,6.663238528889979,0.0,0.0,0.0,0.0,52153.133146515145,75242.57914904952,233759.24517809914,1.1150000000000009,19736,0,19736.0,1.8298463550641882e-05,0.0,1.1150000000000009,28358.276623865924,0.0,28358.276623865924,1,45477.532103761216,1.0,1.0,0,0,0.007291185688264953,0.011578521560463326,-1,0.0,0.0,16619.47,4335.33,6262.73,10209.0,0.916,113144.32225119282,5465.66,5465.66,0,24398.78,10209.0,268.39,10209.0
9,Ampara,PF,10,521421,helped,a,2,2.0,8.101245134483758,0.0,0.0,0.0,0.0,52153.133146515145,75242.57914904952,233759.24517809914,1.1150000000000009,17936,0,17936.0,2.2833984155999798e-05,0.0,1.1150000000000009,25771.89144333498,0.0,25771.89144333498,1,45477.532103761216,1.0,1.0,0,0,0.007291185688264953,0.009462652310282382,-1,0.0,0.0,15103.710000000001,4438.950000000002,6262.75,8505.0,0.994,125015.98454181301,4967.17,4967.17,0,22173.52,8505.0,258.81,8505.0
10,Ampara,PF,25,521421,helped,a,2,2.0,9.449079708703666,0.0,0.0,0.0,0.0,52153.133146515145,75242.57914904952,233759.24517809914,1.0350000000000006,20500,0,20500.0,2.5864816026117726e-05,0.0,1.0350000000000006,27816.053444935715,0.0,27816.053444935715,1,45477.532103761216,1.0,1.0,0,0,0.007291185688264953,0.012037479405725197,-1,0.0,0.0,17477.030000000006,4444.0599999999995,6262.76,10570.0,0.935,168468.20907126024,5738.83,5738.83,0,24191.91,10570.0,257.85,10570.0
11,Ampara,PF,50,521421,helped,a,2,2.0,10.026497102588957,0.0,0.0,0.0,0.0,52153.133146515145,75242.57914904952,233759.24517809914,1.0350000000000006,20817,0,20817.0,2.7887813662567396e-05,0.0,1.0350000000000006,28246.18461284033,0.0,28246.18461284033,1,45477.532103761216,1.0,1.0,0,0,0.007291185688264953,0.012247252561674069,-1,0.0,0.0,17747.29,4408.08,6262.76,10734.0,0.935,181527.32368306848,5827.57,5827.57,0,24566.0,10734.0,261.82,10734.0
12,Ampara,PF,100,521421,helped,a,2,2.0,10.770020870057687,0.0,0.0,0.0,0.0,52153.133146515145,75242.57914904952,233759.24517809914,0.9050000000000006,26190,0,26190.0,2.9592626489390812e-05,0.0,0.912,29766.047045288295,0.0,29766.047045288295,2,45477.532103761216,1.0,1.0,0,0,0.007291185688264953,0.01576670458981392,-1,0.0,0.0,22886.800000000003,4321.92,6262.77,13395.0,0.98,250861.0342164448,7497.41,7497.41,0,28740.2,13395.0,290.83,13395.0
13,Ampara,PF,250,521421,helped,a,2,2.0,11.496143017436724,0.0,0.0,0.0,0.0,52153.133146515145,75242.57914904952,233759.24517809914,0.9650000000000006,22305,0,22305.0,3.1915941674059444e-05,0.0,0.9650000000000006,28703.87302874591,0.0,28703.87302874591,1,45477.532103761216,1.0,1.0,0,0,0.007291185688264953,0.013214264529708017,-1,0.0,0.0,19222.14,4436.610000000001,6262.78,11482.0,0.95,225127.70413473144,6303.35,6303.35,0,25200.84,11482.0,259.85,11482.0
14,Ampara,PF,500,521421,helped,a,2,2.0,12.880362797298721,0.0,0.0,0.0,0.0,52153.133146515145,75242.57914904952,233759.24517809914,0.7150000000000004,34156,0,34156.0,3.596164395604517e-05,0.0,0.62,29766.047045288302,0.0,29766.047045288302,2,45477.532103761216,1.0,1.0,0,0,0.007291185688264953,0.019547168630417666,-1,0.0,0.0,31216.22999999999,4693.520000000001,6262.79,16074.0,1.121,406908.43566732673,10168.65,10168.65,0,29755.31,16074.0,260.2,16074.0
15,Ampara,PF,1000,521421,helped,a,2,2.0,13.67609142503653,0.0,0.0,0.0,0.0,52153.133146515145,75242.57914904952,233759.24517809914,0.8450000000000005,27851,0,27851.0,3.7461068609544864e-05,0.0,0.849,29766.0470452883,0.0,29766.0470452883,2,45477.532103761216,1.0,1.0,0,0,0.007291185688264953,0.016584867481703056,-1,0.0,0.0,24609.460000000003,4390.96,6262.8,13990.0,1.011,342112.0768683734,8051.95,8051.95,0,29289.97,13990.0,290.21,13990.0
16,Ampara,PF,5,521431,helped,a,2,2.0,5.330590823111983,0.0,0.0,0.0,0.0,52153.133146515145,106152.78973650702,329789.2799926544,0.9650000000000006,32095,0,32095.0,1.8298463550641882e-05,0.0,0.9650000000000006,41302.434649522525,0.0,41302.434649522525,1,45477.532103761216,1.0,1.0,0,0,0.006138528685099078,0.013897998095673256,-1,0.0,0.0,27659.04,6045.3,8835.51,16934.0,0.924,150206.08119045646,9069.99,9069.99,0,36261.89,16934.0,365.95,16934.0
17,Ampara,PF,10,521431,helped,a,2,2.0,6.480996107587006,0.0,0.0,0.0,0.0,52153.133146515145,106152.78973650702,329789.2799926544,0.8450000000000005,39336,0,39336.0,2.2833984155999798e-05,0.0,0.8450000000000005,45900.417478536154,0.0,45900.417478536154,1,45477.532103761216,1.0,1.0,0,0,0.006138528685099078,0.018416419636434984,-1,0.0,0.0,34532.12,6042.15,8835.53,21573.0,0.894,227476.158330391,11297.67,11297.67,0,40956.28,21573.0,367.08,21573.0
18,Ampara,PF,25,521431,helped,a,2,2.0,7.559263766962934,0.0,0.0,0.0,0.0,52153.133146515145,106152.78973650702,329789.2799926544,1.0350000000000006,30312,0,30312.0,2.5864816026117726e-05,0.0,1.0350000000000006,41129.766440141044,0.0,41129.766440141044,1,45477.532103761216,1.0,1.0,0,0,0.006138528685099078,0.013068500905919241,-1,0.0,0.0,25842.14,5963.260000000001,8835.55,16041.0,0.91,199282.30053876305,8485.63,8485.63,0,35770.98,16041.0,373.33,16041.0
19,Ampara,PF,50,521431,helped,a,2,2.0,8.021197682071167,0.0,0.0,0.0,0.0,52153.133146515145,106152.78973650702,329789.2799926544,0.7550000000000004,45509,0,45509.0,2.7887813662567396e-05,0.0,0.7550000000000004,49007.76176710143,0.0,49007.76176710143,1,45477.532103761216,1.0,1.0,0,0,0.006138528685099078,0.021993853226098526,-1,0.0,0.0,40509.350000000006,6072.089999999999,8835.55,24994.0,0.892,329694.8872662871,13230.24,13230.24,0,44262.97,24994.0,365.1,24994.0
20,Ampara,PF,100,521431,helped,a,2,2.0,8.61601669604615,0.0,0.0,0.0,0.0,52153.133146515145,106152.78973650702,329789.2799926544,0.9650000000000006,31600,0,31600.0,2.9592626489390812e-05,0.0,0.9650000000000006,40665.42872487652,0.0,40665.42872487652,1,45477.532103761216,1.0,1.0,0,0,0.006138528685099078,0.013654274434603354,-1,0.0,0.0,27232.469999999998,6096.309999999999,8835.56,16673.0,0.924,239038.89000759117,8930.11,8930.11,0,35702.64,16673.0,360.3,16673.0
21,Ampara,PF,250,521431,helped,a,2,2.0,9.196914413949381,0.0,0.0,0.0,0.0,52153.133146515145,106152.78973650702,329789.2799926544,0.7550000000000004,44578,0,44578.0,3.1915941674059444e-05,0.0,0.7550000000000004,48005.1858765046,0.0,48005.1858765046,1,45477.532103761216,1.0,1.0,0,0,0.006138528685099078,0.0209345789999954,-1,0.0,0.0,39680.619999999995,6065.239999999999,8835.57,24003.0,0.918,370286.90388758306,12959.58,12959.58,0,43357.45,24003.0,366.87,24003.0
22,Ampara,PF,500,521431,helped,a,2,2.0,10.304290237838977,0.0,0.0,0.0,0.0,52153.133146515145,106152.78973650702,329789.2799926544,0.9650000000000006,32179,0,32179.0,3.596164395604517e-05,0.0,0.9650000000000006,41410.53262461397,0.0,41410.53262461397,1,45477.532103761216,1.0,1.0,0,0,0.006138528685099078,0.013939190972242289,-1,0.0,0.0,27731.44,6036.59,8835.59,16978.0,0.924,291115.67432750063,9093.74,9093.74,0,36356.81,16978.0,366.92,16978.0
23,Ampara,PF,1000,521431,helped,a,2,2.0,10.940873140029225,0.0,0.0,0.0,0.0,52153.133146515145,106152.78973650702,329789.2799926544,1.0350000000000006,29176,0,29176.0,3.7461068609544864e-05,0.0,1.0350000000000006,39588.35001509485,0.0,39588.35001509485,1,45477.532103761216,1.0,1.0,0,0,0.006138528685099078,0.012156846240156982,-1,0.0,0.0,24873.64,6029.199999999999,8835.6,15044.0,0.935,277620.8266226426,8167.61,8167.61,0,34430.37,15044.0,366.96,15044.0
24,Ampara,PF,5,521441,helped,a,0,2.0,1.3326477057779957,0.0,0.0,0.0,0.0,52153.133146515145,114097.3536276571,354470.98654056026,0.7950000000000005,45025,0,45025.0,1.8298463550641882e-05,0.0,0.7950000000000005,50287.55152966978,0.0,50287.55152966978,1,45477.532103761216,1.0,1.0,0,0,0.0059209611283216135,0.01980412737776051,-1,0.0,0.0,39832.17,6514.799999999999,9496.76,24641.0,0.897,53901.61508207965,13019.11,13019.11,0,45174.48,24641.0,389.0,24641.0
25,Ampara,PF,10,521441,helped,a,0,2.0,1.6202490268967515,0.0,0.0,0.0,0.0,52153.133146515145,114097.3536276571,354470.98654056026,1.0350000000000006,32929,0,32929.0,2.2833984155999798e-05,0.0,1.0350000000000006,44680.72311650186,0.0,44680.72311650186,1,45477.532103761216,1.0,1.0,0,0,0.0059209611283216135,0.013611968056483225,-1,0.0,0.0,28073.230000000003,6400.819999999997,9496.79,17872.0,0.885,46401.80960409773,9218.24,9218.24,0,38859.28,17872.0,396.96,17872.0
26,Ampara,PF,25,521441,helped,a,0,2.0,1.8898159417407334,0.0,0.0,0.0,0.0,52153.133146515145,114097.3536276571,354470.98654056026,0.9650000000000006,33712,0,33712.0,2.5864816026117726e-05,0.0,0.9650000000000006,43383.32067003282,0.0,43383.32067003282,1,45477.532103761216,1.0,1.0,0,0,0.0059209611283216135,0.013538387615129016,-1,0.0,0.0,29052.549999999996,6539.990000000002,9496.8,17787.0,0.924,55934.375382294456,9526.96,9526.96,0,38088.83,17787.0,384.39,17787.0
27,Ampara,PF,50,521441,helped,a,0,2.0,2.0052994205177916,0.0,0.0,0.0,0.0,52153.133146515145,114097.3536276571,354470.98654056026,1.1150000000000009,28285,0,28285.0,2.7887813662567396e-05,0.0,1.1150000000000009,40642.169350732045,0.0,40642.169350732045,1,45477.532103761216,1.0,1.0,0,0,0.0059209611283216135,0.010539897220754458,-1,0.0,0.0,23818.499999999996,6448.68,9496.81,14225.0,0.942,48800.44531987164,7833.2,7833.2,0,34967.55,14225.0,392.48,14225.0
28,Ampara,PF,100,521441,helped,a,0,2.0,2.1540041740115377,0.0,0.0,0.0,0.0,52153.133146515145,114097.3536276571,354470.98654056026,1.1150000000000009,27117,0,27117.0,2.9592626489390812e-05,0.0,1.1150000000000009,38963.892744698634,0.0,38963.892744698634,1,45477.532103761216,1.0,1.0,0,0,0.0059209611283216135,0.009745349807584583,-1,0.0,0.0,22834.939999999995,6535.76,9496.82,13248.0,0.968,50254.68366311186,7509.74,7509.74,0,33523.6,13248.0,383.78,13248.0
29,Ampara,PF,250,521441,helped,a,0,2.0,2.2992286034873453,0.0,0.0,0.0,0.0,52153.133146515145,114097.3536276571,354470.98654056026,0.7150000000000004,52138,0,52138.0,3.1915941674059444e-05,0.0,0.7150000000000004,54060.88363473454,0.0,54060.88363473454,1,45477.532103761216,1.0,1.0,0,0,0.0059209611283216135,0.023815700502829287,-1,0.0,0.0,46697.11,6538.079999999999,9496.83,28652.0,0.888,108856.70232467593,15239.4,15239.4,0,49090.99,28652.0,387.33,28652.0
30,Ampara,PF,500,521441,helped,a,0,2.0,2.5760725594597442,0.0,0.0,0.0,0.0,52153.133146515145,114097.3536276571,354470.98654056026,0.7550000000000004,49107,0,49107.0,3.596164395604517e-05,0.0,0.7550000000000004,52882.37836685161,0.0,52882.37836685161,1,45477.532103761216,1.0,1.0,0,0,0.0059209611283216135,0.02209975319990065,-1,0.0,0.0,43712.05,6474.139999999999,9496.85,26970.0,0.892,114255.49003996867,14276.24,14276.24,0,47762.45,26970.0,393.96,26970.0
31,Ampara,PF,1000,521441,helped,a,0,2.0,2.7352182850073063,0.0,0.0,0.0,0.0,52153.133146515145,114097.3536276571,354470.98654056026,1.0350000000000006,32809,0,32809.0,3.7461068609544864e-05,0.0,1.0350000000000006,44517.897437799795,0.0,44517.897437799795,1,45477.532103761216,1.0,1.0,0,0,0.0059209611283216135,0.013555691894542024,-1,0.0,0.0,27970.92,6414.0,9496.86,17807.0,0.885,78047.59381424967,9184.65,9184.65,0,38717.67,17807.0,395.51,17807.0
32,Ampara,PF,5,521451,helped,a,0,2.0,1.3326477057779957,0.0,0.0,0.0,0.0,52153.133146515145,115579.13744100326,359074.5058462817,0.8450000000000005,44825,0,44825.0,1.8298463550641882e-05,0.0,0.8450000000000005,52305.425398499676,0.0,52305.425398499676,1,45477.532103761216,1.0,1.0,0,0,0.005882883812926209,0.019943566303878873,-1,0.0,0.0,39350.76,6445.78,9620.1,25107.0,0.869,53301.49716721371,12874.16,12874.16,0,46671.36,25107.0,408.22,25107.0
33,Ampara,PF,10,521451,helped,a,0,2.0,1.6202490268967515,0.0,0.0,0.0,0.0,52153.133146515145,115579.13744100326,359074.5058462817,0.6750000000000004,58116,0,58116.0,2.2833984155999798e-05,0.0,0.6750000000000004,57934.71619540897,0.0,57934.71619540897,1,45477.532103761216,1.0,1.0,0,0,0.005882883812926209,0.026791354199520195,-1,0.0,0.0,52373.19000000001,6565.489999999998,9620.12,31864.0,0.886,85968.45286581911,17078.6,17078.6,0,52893.28,31864.0,398.59,31864.0
34,Ampara,PF,25,521451,helped,a,0,2.0,1.8898159417407334,0.0,0.0,0.0,0.0,52153.133146515145,115579.13744100326,359074.5058462817,1.1150000000000009,28880,0,28880.0,2.5864816026117726e-05,0.0,1.1150000000000009,41497.1133409631,0.0,41497.1133409631,1,45477.532103761216,1.0,1.0,0,0,0.005882883812926209,0.010632378712787079,-1,0.0,0.0,24319.56,6496.999999999998,9620.14,14524.0,0.942,46957.54177927239,7997.99,7997.99,0,35703.15,14524.0,400.74,14524.0
35,Ampara,PF,50,521451,helped,a,0,2.0,2.0052994205177916,0.0,0.0,0.0,0.0,52153.133146515145,115579.13744100326,359074.5058462817,0.7950000000000005,45113,0,45113.0,2.7887813662567396e-05,0.0,0.7950000000000005,50385.83702738462,0.0,50385.83702738462,1,45477.532103761216,1.0,1.0,0,0,0.005882883812926209,0.019545211950867482,-1,0.0,0.0,39910.02,6631.25,9620.14,24689.0,0.897,81266.88463386925,13044.55,13044.55,0,45262.77,24689.0,389.77,24689.0
36,Ampara,PF,100,521451,helped,a,0,2.0,2.1540041740115377,0.0,0.0,0.0,0.0,52153.133146515145,115579.13744100326,359074.5058462817,0.7150000000000004,55125,0,55125.0,2.9592626489390812e-05,0.0,0.7150000000000004,57158.04615376005,0.0,57158.04615376005,1,45477.532103761216,1.0,1.0,0,0,0.005882883812926209,0.025727551851338556,-1,0.0,0.0,49372.39,6550.489999999999,9620.16,30865.0,0.862,107823.59005966426,16112.47,16112.47,0,51903.43,30865.0,398.51,30865.0
37,Ampara,PF,250,521451,helped,a,0,2.0,2.2992286034873453,0.0,0.0,0.0,0.0,52153.133146515145,115579.13744100326,359074.5058462817,0.9050000000000006,40979,0,40979.0,3.1915941674059444e-05,0.0,0.9050000000000006,50276.34239609857,0.0,50276.34239609857,1,45477.532103761216,1.0,1.0,0,0,0.005882883812926209,0.01808061176861541,-1,0.0,0.0,35643.28,6466.5999999999985,9620.17,23127.0,0.858,83393.61924792292,11674.7,11674.7,0,44499.29,23127.0,404.37,23127.0
38,Ampara,PF,500,521451,helped,a,0,2.0,2.5760725594597442,0.0,0.0,0.0,0.0,52153.133146515145,115579.13744100326,359074.5058462817,0.7950000000000005,46873,0,46873.0,3.596164395604517e-05,0.0,0.7950000000000005,52351.546981681546,0.0,52351.546981681546,1,45477.532103761216,1.0,1.0,0,0,0.005882883812926209,0.020467117400871943,-1,0.0,0.0,41467.020000000004,6494.52,9620.19,25652.0,0.897,108470.94486842741,13553.46,13553.46,0,47028.6,25652.0,404.98,25652.0
39,Ampara,PF,1000,521451,helped,a,0,2.0,2.7352182850073063,0.0,0.0,0.0,0.0,52153.133146515145,115579.13744100326,359074.5058462817,0.8450000000000005,41791,0,41791.0,3.7461068609544864e-05,0.0,0.8450000000000005,48765.10948864919,0.0,48765.10948864919,1,45477.532103761216,1.0,1.0,0,0,0.005882883812926209,0.017440823203646753,-1,0.0,0.0,36687.3,6545.119999999999,9620.2,22432.0,0.919,101994.9495909628,12002.77,12002.77,0,43512.41,22432.0,399.39,22432.0
40,Ampara,PF,5,521471,helped,a,0,2.0,7.995886234667974,0.0,720.0,720.0,2.7877594928468792e-08,52153.133146515145,49717.85175888202,152220.96471851468,0.7950000000000005,20536,0,20536.0,1.8298463550641882e-05,0.0,0.0,6611.155852423879,0.0,6611.155852423879,3,45477.532103761216,1.0,1.0,0,0,0.008969615325456504,0.0,-1,0.15414258188824662,0.15414258188824662,20536.0,3634.510000000001,4138.21,0.0,10.0,164203.51971514153,6610.15,6610.15,0,6610.15,0.0,127.36,0.0
41,Ampara,PF,5,521471,not_helped,na,0,2.0,1145.710382365332,0.0,720.0,720.0,2.7877594928468792e-08,52153.133146515145,49717.85175888202,152220.96471851468,0.0,0,0,0.0,1.8298463550641882e-05,0.0,0.0,0.014703877557823578,0.0,0.014703877557823578,4,45477.532103761216,1.0,1.0,0,0,0.008969615325456504,0.0,-1,0.15414258188824662,0.15414258188824662,0.0,4138.17,4138.21,0.0,1.0,0.0,0.01,0.01,0,0.01,0.0,0.0,0.0
42,Ampara,PF,10,521471,helped,a,0,2.0,9.721494161380509,0.0,720.0,720.0,2.7877594928468792e-08,52153.133146515145,49717.85175888202,152220.96471851468,0.6450000000000004,25131,0,25131.0,2.2833984155999798e-05,0.0,0.0,8090.201069698213,0.0,8090.201069698213,3,45477.532103761216,1.0,1.0,0,0,0.008969615325456504,0.0,-1,0.15414258188824662,0.15414258188824662,25131.0,3406.5100000000007,4138.22,0.0,10.0,244310.86976965357,8089.2,8089.2,0,8089.2,0.0,155.86,0.0
43,Ampara,PF,10,521471,not_helped,na,0,2.0,1143.9847744386195,0.0,720.0,720.0,2.7877594928468792e-08,52153.133146515145,49717.85175888202,152220.96471851468,0.0,0,0,0.0,2.2833984155999798e-05,0.0,0.0,0.01830751874307004,0.0,0.01830751874307004,4,45477.532103761216,1.0,1.0,0,0,0.008969615325456504,0.0,-1,0.15414258188824662,0.15414258188824662,0.0,4138.17,4138.22,0.0,1.0,0.0,0.02,0.02,0,0.02,0.0,0.0,0.0
44,Ampara,PF,25,521471,helped,a,0,2.0,11.3388956504444,0.0,720.0,720.0,2.7877594928468792e-08,52153.133146515145,49717.85175888202,152220.96471851468,1.1150000000000009,12819,0,12819.0,2.5864816026117726e-05,0.0,0.009,4241.319655120805,0.0,4241.319655120805,2,45477.532103761216,1.0,1.0,0,0,0.008969615325456504,0.0,-1,0.15414258188824662,0.15414258188824662,12801.240000000005,4000.040000000001,4138.23,0.0,10.0,145177.0969046389,4121.2,4121.2,0,4236.43,0.0,81.62,0.0
45,Ampara,PF,25,521471,not_helped,na,0,2.0,1142.3673729495556,0.0,720.0,720.0,2.7877594928468792e-08,52153.133146515145,49717.85175888202,152220.96471851468,0.0,0,0,0.0,2.5864816026117726e-05,0.0,0.0,0.020783295196389336,0.0,0.020783295196389336,4,45477.532103761216,1.0,1.0,0,0,0.008969615325456504,0.0,-1,0.15414258188824662,0.15414258188824662,0.0,4138.17,4138.23,0.0,1.0,0.0,0.02,0.02,0,0.02,0.0,0.0,0.0
46,Ampara,PF,50,521471,helped,a,0,2.0,12.031796523106749,0.0,720.0,720.0,2.7877594928468792e-08,52153.133146515145,49717.85175888202,152220.96471851468,1.0350000000000006,13671,0,13671.0,2.7887813662567396e-05,0.0,0.0,4401.452826854483,0.0,4401.452826854483,3,45477.532103761216,1.0,1.0,0,0,0.008969615325456504,0.0,-1,0.15414258188824662,0.15414258188824662,13671.0,3975.0700000000006,4138.23,0.0,10.0,164486.69026739238,4400.45,4400.45,0,4400.45,0.0,84.79,0.0
47,Ampara,PF,50,521471,not_helped,na,0,2.0,1141.6744720768932,0.0,720.0,720.0,2.7877594928468792e-08,52153.133146515145,49717.85175888202,152220.96471851468,0.0,0,0,0.0,2.7887813662567396e-05,0.0,0.0,0.02238072199521271,0.0,0.02238072199521271,4,45477.532103761216,1.0,1.0,0,0,0.008969615325456504,0.0,-1,0.15414258188824662,0.15414258188824662,0.0,4138.17,4138.23,0.0,1.0,0.0,0.02,0.02,0,0.02,0.0,0.0,0.0
48,Ampara,PF,100,521471,helped,a,0,2.0,12.924025044069225,0.0,720.0,720.0,2.7877594928468792e-08,52153.133146515145,49717.85175888202,152220.96471851468,1.1150000000000009,12377,0,12377.0,2.9592626489390812e-05,0.0,0.022,4241.319655120798,0.0,4241.319655120798,2,45477.532103761216,1.0,1.0,0,0,0.008969615325456504,0.0,-1,0.15414258188824662,0.15414258188824662,12336.53,3999.8200000000006,4138.24,0.0,10.0,159505.2153278918,3972.6,3972.6,0,4244.12,0.0,81.76,0.0
49,Ampara,PF,100,521471,not_helped,na,0,2.0,1140.7822435559308,0.0,720.0,720.0,2.7877594928468792e-08,52153.133146515145,49717.85175888202,152220.96471851468,0.0,0,0,0.0,2.9592626489390812e-05,0.0,0.0,0.023775471150880655,0.0,0.023775471150880655,4,45477.532103761216,1.0,1.0,0,0,0.008969615325456504,0.0,-1,0.15414258188824662,0.15414258188824662,0.0,4138.17,4138.24,0.0,1.0,0.0,0.02,0.02,0,0.02,0.0,0.0,0.0
50,Ampara,PF,250,521471,helped,a,0,2.0,13.79537162092407,0.0,720.0,720.0,2.7877594928468792e-08,52153.133146515145,49717.85175888202,152220.96471851468,0.8450000000000005,18225,0,18225.0,3.1915941674059444e-05,0.0,0.0,5867.300577708864,0.0,5867.300577708864,3,45477.532103761216,1.0,1.0,0,0,0.008969615325456504,0.0,-1,0.15414258188824662,0.15414258188824662,18225.0,3749.1500000000005,4138.24,0.0,10.0,251420.64779134118,5866.3,5866.3,0,5866.3,0.0,113.03,0.0
51,Ampara,PF,250,521471,not_helped,na,0,2.0,1139.910896979076,0.0,720.0,720.0,2.7877594928468792e-08,52153.133146515145,49717.85175888202,152220.96471851468,0.0,0,0,0.0,3.1915941674059444e-05,0.0,0.0,0.02562483309820034,0.0,0.02562483309820034,4,45477.532103761216,1.0,1.0,0,0,0.008969615325456504,0.0,-1,0.15414258188824662,0.15414258188824662,0.0,4138.17,4138.24,0.0,1.0,0.0,0.02,0.02,0,0.02,0.0,0.0,0.0
52,Ampara,PF,500,521471,helped,a,0,2.0,15.456435356758465,0.0,720.0,720.0,2.7877594928468792e-08,52153.133146515145,49717.85175888202,152220.96471851468,0.7150000000000004,22731,0,22731.0,3.596164395604517e-05,0.0,0.0,7317.698041449712,0.0,7317.698041449712,3,45477.532103761216,1.0,1.0,0,0,0.008969615325456504,0.0,-1,0.15414258188824662,0.15414258188824662,22731.0,3525.5500000000015,4138.25,0.0,10.0,351340.2320944767,7316.7,7316.7,0,7316.7,0.0,140.98,0.0
53,Ampara,PF,500,521471,not_helped,na,0,2.0,1138.2498332432415,0.0,720.0,720.0,2.7877594928468792e-08,52153.133146515145,49717.85175888202,152220.96471851468,0.0,0,0,0.0,3.596164395604517e-05,0.0,0.0,0.028853311494707844,0.0,0.028853311494707844,4,45477.532103761216,1.0,1.0,0,0,0.008969615325456504,0.0,-1,0.15414258188824662,0.15414258188824662,0.0,4138.17,4138.25,0.0,1.0,0.0,0.03,0.03,0,0.03,0.0,0.0,0.0
54,Ampara,PF,1000,521471,helped,a,0,2.0,16.411309710043838,0.0,720.0,720.0,2.7877594928468792e-08,52153.133146515145,49717.85175888202,152220.96471851468,0.9650000000000006,14487,0,14487.0,3.7461068609544864e-05,0.0,0.0,4664.115155457718,0.0,4664.115155457718,3,45477.532103761216,1.0,1.0,0,0,0.008969615325456504,0.0,-1,0.15414258188824662,0.15414258188824662,14487.0,3934.5899999999983,4138.25,0.0,10.0,237750.64376940508,4663.11,4663.11,0,4663.11,0.0,89.85,0.0
55,Ampara,PF,1000,521471,not_helped,na,0,2.0,1137.294958889956,0.0,720.0,720.0,2.7877594928468792e-08,52153.133146515145,49717.85175888202,152220.96471851468,0.0,0,0,0.0,3.7461068609544864e-05,0.0,0.0,0.030094151203699137,0.0,0.030094151203699137,4,45477.532103761216,1.0,1.0,0,0,0.008969615325456504,0.0,-1,0.15414258188824662,0.15414258188824662,0.0,4138.17,4138.25,0.0,1.0,0.0,0.03,0.03,0,0.03,0.0,0.0,0.0
56,Ampara,PF,5,521481,helped,a,2,2.0,5.330590823111983,0.0,1050.0,1050.0,4.065482593735031e-08,52153.133146515145,115980.62075799773,357055.80042100244,1.1150000000000009,29433,0,29433.0,1.8298463550641882e-05,0.0,1.1150000000000009,42291.72978680322,0.0,42291.72978680322,1,45477.532103761216,1.0,1.0,0,0,0.005872692768802392,0.011160093335326597,-1,0.0,0.0,24785.209999999995,6525.939999999999,9653.52,15225.0,0.916,134988.95017953514,8151.15,8151.15,0,36386.8,15225.0,400.26,15225.0
57,Ampara,PF,5,521481,not_helped,na,2,2.0,763.8069215768879,0.0,1050.0,1050.0,4.065482593735031e-08,52153.133146515145,115980.62075799773,357055.80042100244,0.0,0,0,0.0,1.8298463550641882e-05,0.0,0.0,0.021443154771826053,0.0,0.021443154771826053,4,45477.532103761216,1.0,1.0,0,0,0.005872692768802392,0.0,-1,0.0,0.0,0.0,9653.42,9653.52,0.0,1.0,0.0,0.02,0.02,0,0.02,0.0,0.0,0.0
58,Ampara,PF,10,521481,helped,a,2,2.0,6.480996107587006,0.0,1050.0,1050.0,4.065482593735031e-08,52153.133146515145,115980.62075799773,357055.80042100244,1.0350000000000006,30947,0,30947.0,2.2833984155999798e-05,0.0,1.0350000000000006,41991.41235507096,0.0,41991.41235507096,1,45477.532103761216,1.0,1.0,0,0,0.005872692768802392,0.01176002493886791,-1,0.0,0.0,26383.489999999998,6645.5599999999995,9653.54,15957.0,0.935,174435.49175601566,8663.42,8663.42,0,36520.36,15957.0,389.24,15957.0
59,Ampara,PF,10,521481,not_helped,na,2,2.0,762.656516292413,0.0,1050.0,1050.0,4.065482593735031e-08,52153.133146515145,115980.62075799773,357055.80042100244,0.0,0,0,0.0,2.2833984155999798e-05,0.0,0.0,0.02669846483364381,0.0,0.02669846483364381,4,45477.532103761216,1.0,1.0,0,0,0.005872692768802392,0.0,-1,0.0,0.0,0.0,9653.42,9653.54,0.0,1.0,0.0,0.02,0.02,0,0.02,0.0,0.0,0.0
60,Ampara,PF,25,521481,helped,a,2,2.0,7.559263766962934,0.0,1050.0,1050.0,4.065482593735031e-08,52153.133146515145,115980.62075799773,357055.80042100244,0.6750000000000004,58186,0,58186.0,2.5864816026117726e-05,0.0,0.6750000000000004,58004.52815029066,0.0,58004.52815029066,1,45477.532103761216,1.0,1.0,0,0,0.005872692768802392,0.02671358318758823,-1,0.0,0.0,52436.28,6594.559999999999,9653.56,31902.0,0.886,401568.5769058795,17099.2,17099.2,0,52957.03,31902.0,399.08,31902.0
61,Ampara,PF,25,521481,not_helped,na,2,2.0,761.578248633037,0.0,1050.0,1050.0,4.065482593735031e-08,52153.133146515145,115980.62075799773,357055.80042100244,0.0,0,0,0.0,2.5864816026117726e-05,0.0,0.0,0.030308972161401115,0.0,0.030308972161401115,4,45477.532103761216,1.0,1.0,0,0,0.005872692768802392,0.0,-1,0.0,0.0,0.0,9653.42,9653.56,0.0,1.0,0.0,0.03,0.03,0,0.03,0.0,0.0,0.0
62,Ampara,PF,50,521481,helped,a,2,2.0,8.021197682071167,0.0,1050.0,1050.0,4.065482593735031e-08,52153.133146515145,115980.62075799773,357055.80042100244,1.2150000000000007,24055,0,24055.0,2.7887813662567396e-05,0.0,1.2150000000000007,36969.69681503724,0.0,36969.69681503724,1,45477.532103761216,1.0,1.0,0,0,0.005872692768802392,0.007890697899113041,-1,0.0,0.0,19946.61,6681.45,9653.56,11091.0,0.991,163785.47716602572,6572.54,6572.54,0,31381.72,11091.0,383.94,11091.0
63,Ampara,PF,50,521481,not_helped,na,2,2.0,761.1163147179288,0.0,1050.0,1050.0,4.065482593735031e-08,52153.133146515145,115980.62075799773,357055.80042100244,0.0,0,0,0.0,2.7887813662567396e-05,0.0,0.0,0.032638552909685196,0.0,0.032638552909685196,4,45477.532103761216,1.0,1.0,0,0,0.005872692768802392,0.0,-1,0.0,0.0,0.0,9653.42,9653.56,0.0,1.0,0.0,0.03,0.03,0,0.03,0.0,0.0,0.0
64,Ampara,PF,100,521481,helped,a,2,2.0,8.61601669604615,0.0,1050.0,1050.0,4.065482593735031e-08,52153.133146515145,115980.62075799773,357055.80042100244,0.7950000000000005,45733,0,45733.0,2.9592626489390812e-05,0.0,0.7950000000000005,51078.33770657404,0.0,51078.33770657404,1,45477.532103761216,1.0,1.0,0,0,0.005872692768802392,0.01978538358170208,-1,0.0,0.0,40458.5,6616.469999999999,9653.57,25028.0,0.897,353971.900083831,13223.86,13223.86,0,45884.85,25028.0,395.13,25028.0
65,Ampara,PF,100,521481,not_helped,na,2,2.0,760.5214957039539,0.0,1050.0,1050.0,4.065482593735031e-08,52153.133146515145,115980.62075799773,357055.80042100244,0.0,0,0,0.0,2.9592626489390812e-05,0.0,0.0,0.03467256209503429,0.0,0.03467256209503429,4,45477.532103761216,1.0,1.0,0,0,0.005872692768802392,0.0,-1,0.0,0.0,0.0,9653.42,9653.57,0.0,1.0,0.0,0.03,0.03,0,0.03,0.0,0.0,0.0
66,Ampara,PF,250,521481,helped,a,2,2.0,9.196914413949381,0.0,1050.0,1050.0,4.065482593735031e-08,52153.133146515145,115980.62075799773,357055.80042100244,1.2150000000000007,24401,0,24401.0,3.1915941674059444e-05,0.0,1.2150000000000007,37501.46225295688,0.0,37501.46225295688,1,45477.532103761216,1.0,1.0,0,0,0.005872692768802392,0.008012853313266038,-1,0.0,0.0,20233.52,6631.1900000000005,9653.58,11250.0,0.991,190493.66493496246,6667.08,6667.08,0,31833.11,11250.0,389.47,11250.0
67,Ampara,PF,250,521481,not_helped,na,2,2.0,759.9405979860506,0.0,1050.0,1050.0,4.065482593735031e-08,52153.133146515145,115980.62075799773,357055.80042100244,0.0,0,0,0.0,3.1915941674059444e-05,0.0,0.0,0.03736954826820883,0.0,0.03736954826820883,4,45477.532103761216,1.0,1.0,0,0,0.005872692768802392,0.0,-1,0.0,0.0,0.0,9653.42,9653.58,0.0,1.0,0.0,0.03,0.03,0,0.03,0.0,0.0,0.0
68,Ampara,PF,500,521481,helped,a,2,2.0,10.304290237838977,0.0,1050.0,1050.0,4.065482593735031e-08,52153.133146515145,115980.62075799773,357055.80042100244,1.1150000000000009,29170,0,29170.0,3.596164395604517e-05,0.0,1.1150000000000009,41913.850808905685,0.0,41913.850808905685,1,45477.532103761216,1.0,1.0,0,0,0.005872692768802392,0.011049350441130224,-1,0.0,0.0,24563.750000000004,6558.5,9653.6,15089.0,0.916,258608.62687128765,8078.33,8078.33,0,36061.69,15089.0,396.69,15089.0
69,Ampara,PF,500,521481,not_helped,na,2,2.0,758.8332221621611,0.0,1050.0,1050.0,4.065482593735031e-08,52153.133146515145,115980.62075799773,357055.80042100244,0.0,0,0,0.0,3.596164395604517e-05,0.0,0.0,0.04207774592978227,0.0,0.04207774592978227,4,45477.532103761216,1.0,1.0,0,0,0.005872692768802392,0.0,-1,0.0,0.0,0.0,9653.42,9653.6,0.0,1.0,0.0,0.04,0.04,0,0.04,0.0,0.0,0.0
70,Ampara,PF,1000,521481,helped,a,2,2.0,10.940873140029225,0.0,1050.0,1050.0,4.065482593735031e-08,52153.133146515145,115980.62075799773,357055.80042100244,1.2150000000000007,24772,0,24772.0,3.7461068609544864e-05,0.0,1.2150000000000007,38071.65149403299,0.0,38071.65149403299,1,45477.532103761216,1.0,1.0,0,0,0.005872692768802392,0.008439108581769071,-1,0.0,0.0,20541.170000000002,6636.14,9653.62,11802.0,0.964,230061.61694405536,6768.46,6768.46,0,32317.14,11802.0,388.05,11802.0
71,Ampara,PF,1000,521481,not_helped,na,2,2.0,758.1966392599708,0.0,1050.0,1050.0,4.065482593735031e-08,52153.133146515145,115980.62075799773,357055.80042100244,0.0,0,0,0.0,3.7461068609544864e-05,0.0,0.0,0.04388730383872791,0.0,0.04388730383872791,4,45477.532103761216,1.0,1.0,0,0,0.005872692768802392,0.0,-1,0.0,0.0,0.0,9653.42,9653.62,0.0,1.0,0.0,0.04,0.04,0,0.04,0.0,0.0,0.0
72,Ampara,PF,5,522211,helped,a,2,1.0,6.195368639664273,0.0,75.0,0.0,0.0,52153.133146515145,284421.39453484723,883390.4708798284,1.1150000000000009,70037,0,70037.0,1.8298463550641882e-05,0.0,1.1150000000000009,100634.812025457,0.0,100634.812025457,1,45477.532103761216,1.0,1.0,0,0,0.00375015194955702,0.010793196402355766,-1,0.0,0.0,58977.419999999984,15520.620000000003,23673.49,36229.0,0.916,373321.6386552448,19395.94,19395.94,0,86583.81,36229.0,952.43,36229.0
73,Ampara,PF,5,522211,not_helped,na,2,1.0,887.7187549603357,0.0,75.0,0.0,0.0,52153.133146515145,284421.39453484723,883390.4708798284,0.0,0,0,0.0,1.8298463550641882e-05,0.0,0.0,0.0015316539122732895,0.0,0.0015316539122732895,4,45477.532103761216,1.0,1.0,0,0,0.00375015194955702,0.0,-1,0.0,0.0,0.0,23673.25,23673.49,0.0,1.0,0.0,0.0,0.0,0,0.0,0.0,0.0,0.0
74,Ampara,PF,10,522211,helped,a,2,1.0,7.5324033247200255,0.0,75.0,0.0,0.0,52153.133146515145,284421.39453484723,883390.4708798284,0.6750000000000004,137448,0,137448.0,2.2833984155999798e-05,0.0,0.6750000000000004,137019.25429237582,0.0,137019.25429237582,1,45477.532103761216,1.0,1.0,0,0,0.00375015194955702,0.025473874900915693,-1,0.0,0.0,123865.9,15745.91,23673.54,75361.0,0.886,945221.6336464385,40391.97,40391.97,0,125095.96,75361.0,942.68,75361.0
75,Ampara,PF,10,522211,not_helped,na,2,1.0,886.3817202752799,0.0,75.0,0.0,0.0,52153.133146515145,284421.39453484723,883390.4708798284,0.0,0,0,0.0,2.2833984155999798e-05,0.0,0.0,0.0019070332024031292,0.0,0.0019070332024031292,4,45477.532103761216,1.0,1.0,0,0,0.00375015194955702,0.0,-1,0.0,0.0,0.0,23673.25,23673.54,0.0,1.0,0.0,0.0,0.0,0,0.0,0.0,0.0,0.0
76,Ampara,PF,25,522211,helped,a,2,1.0,8.7855975509769,0.0,75.0,0.0,0.0,52153.133146515145,284421.39453484723,883390.4708798284,0.8450000000000005,102621,0,102621.0,2.5864816026117726e-05,0.0,0.8450000000000005,119746.46194896306,0.0,119746.46194896306,1,45477.532103761216,1.0,1.0,0,0,0.00375015194955702,0.01784381271596083,-1,0.0,0.0,90088.46000000002,15557.28,23673.59,56281.0,0.894,804472.7437817632,29473.72,29473.72,0,106848.02,56281.0,957.65,56281.0
77,Ampara,PF,25,522211,not_helped,na,2,1.0,885.128526049023,0.0,75.0,0.0,0.0,52153.133146515145,284421.39453484723,883390.4708798284,0.0,0,0,0.0,2.5864816026117726e-05,0.0,0.0,0.0021649265829572226,0.0,0.0021649265829572226,4,45477.532103761216,1.0,1.0,0,0,0.00375015194955702,0.0,-1,0.0,0.0,0.0,23673.25,23673.59,0.0,1.0,0.0,0.0,0.0,0,0.0,0.0,0.0,0.0
78,Ampara,PF,50,522211,helped,a,2,1.0,9.322470664338121,0.0,75.0,0.0,0.0,52153.133146515145,284421.39453484723,883390.4708798284,1.1150000000000009,72892,0,72892.0,2.7887813662567396e-05,0.0,1.1150000000000009,104737.10709758152,0.0,104737.10709758152,1,45477.532103761216,1.0,1.0,0,0,0.00375015194955702,0.011632933429578142,-1,0.0,0.0,61381.59,15328.690000000004,23673.61,38753.0,0.892,584654.6458268729,20186.61,20186.61,0,90113.34,38753.0,971.08,38753.0
79,Ampara,PF,50,522211,not_helped,na,2,1.0,884.5916529356618,0.0,75.0,0.0,0.0,52153.133146515145,284421.39453484723,883390.4708798284,0.0,0,0,0.0,2.7887813662567396e-05,0.0,0.0,0.002331325207834657,0.0,0.002331325207834657,4,45477.532103761216,1.0,1.0,0,0,0.00375015194955702,0.0,-1,0.0,0.0,0.0,23673.25,23673.61,0.0,1.0,0.0,0.0,0.0,0,0.0,0.0,0.0,0.0
80,Ampara,PF,100,522211,helped,a,2,1.0,10.013786728118323,0.0,75.0,0.0,0.0,52153.133146515145,284421.39453484723,883390.4708798284,0.7150000000000004,130820,0,130820.0,2.9592626489390812e-05,0.0,0.7150000000000004,135644.72987497694,0.0,135644.72987497694,1,45477.532103761216,1.0,1.0,0,0,0.00375015194955702,0.02401054841108772,-1,0.0,0.0,117168.18999999999,15472.460000000005,23673.63,71892.0,0.888,1189573.0741003256,38237.34,38237.34,0,123174.71,71892.0,971.83,71892.0
81,Ampara,PF,100,522211,not_helped,na,2,1.0,883.9003368718817,0.0,75.0,0.0,0.0,52153.133146515145,284421.39453484723,883390.4708798284,0.0,0,0,0.0,2.9592626489390812e-05,0.0,0.0,0.002476611578216735,0.0,0.002476611578216735,4,45477.532103761216,1.0,1.0,0,0,0.00375015194955702,0.0,-1,0.0,0.0,0.0,23673.25,23673.63,0.0,1.0,0.0,0.0,0.0,0,0.0,0.0,0.0,0.0
82,Ampara,PF,250,522211,helped,a,2,1.0,10.688923054235584,0.0,75.0,0.0,0.0,52153.133146515145,284421.39453484723,883390.4708798284,0.6750000000000004,138140,0,138140.0,3.1915941674059444e-05,0.0,0.6750000000000004,137709.09646844462,0.0,137709.09646844462,1,45477.532103761216,1.0,1.0,0,0,0.00375015194955702,0.02563595557403885,-1,0.0,0.0,124489.51,15703.36,23673.66,75740.0,0.886,1348078.103794057,40595.32,40595.32,0,125725.76,75740.0,947.43,75740.0
83,Ampara,PF,250,522211,not_helped,na,2,1.0,883.2252005457643,0.0,75.0,0.0,0.0,52153.133146515145,284421.39453484723,883390.4708798284,0.0,0,0,0.0,3.1915941674059444e-05,0.0,0.0,0.002669253447729202,0.0,0.002669253447729202,4,45477.532103761216,1.0,1.0,0,0,0.00375015194955702,0.0,-1,0.0,0.0,0.0,23673.25,23673.66,0.0,1.0,0.0,0.0,0.0,0,0.0,0.0,0.0,0.0
84,Ampara,PF,500,522211,helped,a,2,1.0,11.975947641060426,0.0,75.0,0.0,0.0,52153.133146515145,284421.39453484723,883390.4708798284,0.9650000000000006,87107,0,87107.0,3.596164395604517e-05,0.0,0.9650000000000006,112096.31629472476,0.0,112096.31629472476,1,45477.532103761216,1.0,1.0,0,0,0.00375015194955702,0.0144976986282906,-1,0.0,0.0,75067.65,15390.369999999997,23673.71,47080.0,0.899,915878.2004931284,24616.3,24616.3,0,98416.09,47080.0,971.61,47080.0
85,Ampara,PF,500,522211,not_helped,na,2,1.0,881.9381759589395,0.0,75.0,0.0,0.0,52153.133146515145,284421.39453484723,883390.4708798284,0.0,0,0,0.0,3.596164395604517e-05,0.0,0.0,0.003005553280698734,0.0,0.003005553280698734,4,45477.532103761216,1.0,1.0,0,0,0.00375015194955702,0.0,-1,0.0,0.0,0.0,23673.25,23673.71,0.0,1.0,0.0,0.0,0.0,0,0.0,0.0,0.0,0.0
86,Ampara,PF,1000,522211,helped,a,2,1.0,12.71580291782945,0.0,75.0,0.0,0.0,52153.133146515145,284421.39453484723,883390.4708798284,1.0350000000000006,80639,0,80639.0,3.7461068609544864e-05,0.0,1.0350000000000006,109417.50234193771,0.0,109417.50234193771,1,45477.532103761216,1.0,1.0,0,0,0.00375015194955702,0.013340115864996262,-1,0.0,0.0,68747.8,15345.519999999999,23673.73,43767.0,0.885,891791.5567667907,22574.31,22574.31,0,95161.49,43767.0,972.1,43767.0
87,Ampara,PF,1000,522211,not_helped,na,2,1.0,881.1983206821704,0.0,75.0,0.0,0.0,52153.133146515145,284421.39453484723,883390.4708798284,0.0,0,0,0.0,3.7461068609544864e-05,0.0,0.0,0.0031348074170519935,0.0,0.0031348074170519935,4,45477.532103761216,1.0,1.0,0,0,0.00375015194955702,0.0,-1,0.0,0.0,0.0,23673.25,23673.73,0.0,1.0,0.0,0.0,0.0,0,0.0,0.0,0.0,0.0
88,Ampara,PF,5,522221,helped,a,0,1.0,6.195368639664273,1.0,10000.0,0.0,0.0,52153.133146515145,129672.10295226074,371752.8468531203,0.7550000000000004,53775,0,53775.0,1.8298463550641882e-05,0.0,0.7550000000000004,57909.461488883484,0.0,57909.461488883484,1,45477.532103761216,1.0,1.0,0,0,0.005554010783600231,0.020617976426180885,-1,0.0,0.0,47867.24000000001,7344.93,10793.1,28955.0,0.918,300900.75303451665,15633.5,15633.5,0,52302.84,28955.0,442.57,28955.0
89,Ampara,PF,5,522221,not_helped,na,0,1.0,887.7187549603357,1.0,10000.0,0.0,0.0,52153.133146515145,129672.10295226074,371752.8468531203,0.0,0,0,0.0,1.8298463550641882e-05,0.0,0.0,0.20422052163643858,0.0,0.20422052163643858,4,45477.532103761216,1.0,1.0,0,0,0.005554010783600231,0.0,-1,0.0,0.0,0.0,10793.0,10793.1,0.0,1.0,0.0,0.18,0.18,0,0.18,0.0,0.0,0.0
90,Ampara,PF,10,522221,helped,a,0,1.0,7.5324033247200255,1.0,10000.0,0.0,0.0,52153.133146515145,129672.10295226074,371752.8468531203,0.9650000000000006,35613,0,35613.0,2.2833984155999798e-05,0.0,0.9650000000000006,45829.93506789832,0.0,45829.93506789832,1,45477.532103761216,1.0,1.0,0,0,0.005554010783600231,0.011784560123408195,-1,0.0,0.0,30690.8,7499.319999999998,10793.12,17874.0,0.976,235514.07294932284,10064.4,10064.4,0,40236.85,17874.0,423.72,17874.0
91,Ampara,PF,10,522221,not_helped,na,0,1.0,886.3817202752799,1.0,10000.0,0.0,0.0,52153.133146515145,129672.10295226074,371752.8468531203,0.0,0,0,0.0,2.2833984155999798e-05,0.0,0.0,0.25427109365375056,0.0,0.25427109365375056,4,45477.532103761216,1.0,1.0,0,0,0.005554010783600231,0.0,-1,0.0,0.0,0.0,10793.0,10793.12,0.0,1.0,0.0,0.23,0.23,0,0.23,0.0,0.0,0.0
92,Ampara,PF,25,522221,helped,a,0,1.0,8.7855975509769,1.0,10000.0,0.0,0.0,52153.133146515145,129672.10295226074,371752.8468531203,1.2150000000000007,24349,0,24349.0,2.5864816026117726e-05,0.0,1.2150000000000007,37421.795746182106,0.0,37421.795746182106,1,45477.532103761216,1.0,1.0,0,0,0.005554010783600231,0.006337360962401711,-1,0.0,0.0,20190.399999999998,7605.34,10793.14,10104.0,1.078,181586.3529660232,6653.09,6653.09,0,31765.49,10104.0,410.26,10104.0
93,Ampara,PF,25,522221,not_helped,na,0,1.0,885.128526049023,1.0,10000.0,0.0,0.0,52153.133146515145,129672.10295226074,371752.8468531203,0.0,0,0,0.0,2.5864816026117726e-05,0.0,0.0,0.28865687772762966,0.0,0.28865687772762966,4,45477.532103761216,1.0,1.0,0,0,0.005554010783600231,0.0,-1,0.0,0.0,0.0,10792.919999999998,10793.14,0.0,1.0,0.0,0.26,0.26,0,0.26,0.0,0.01,0.0
94,Ampara,PF,50,522221,helped,a,0,1.0,9.322470664338121,1.0,10000.0,0.0,0.0,52153.133146515145,129672.10295226074,371752.8468531203,1.0350000000000006,32376,0,32376.0,2.7887813662567396e-05,0.0,1.0350000000000006,43930.678957177566,0.0,43930.678957177566,1,45477.532103761216,1.0,1.0,0,0,0.005554010783600231,0.01028692251092941,-1,0.0,0.0,27601.769999999997,7486.9400000000005,10793.15,15815.0,0.987,262499.7051240601,9063.71,9063.71,0,38206.97,15815.0,424.15,15815.0
95,Ampara,PF,50,522221,not_helped,na,0,1.0,884.5916529356618,1.0,10000.0,0.0,0.0,52153.133146515145,129672.10295226074,371752.8468531203,0.0,0,0,0.0,2.7887813662567396e-05,0.0,0.0,0.31084336104462096,0.0,0.31084336104462096,4,45477.532103761216,1.0,1.0,0,0,0.005554010783600231,0.0,-1,0.0,0.0,0.0,10792.919999999998,10793.15,0.0,1.0,0.0,0.28,0.28,0,0.28,0.0,0.01,0.0
96,Ampara,PF,100,522221,helped,a,0,1.0,10.013786728118323,1.0,10000.0,0.0,0.0,52153.133146515145,129672.10295226074,371752.8468531203,1.1150000000000009,28148,0,28148.0,2.9592626489390812e-05,0.0,1.1150000000000009,40445.64691575762,0.0,40445.64691575762,1,45477.532103761216,1.0,1.0,0,0,0.005554010783600231,0.008264497675326103,-1,0.0,0.0,23703.12,7575.219999999999,10793.16,12943.0,1.022,242512.48505142762,7795.56,7795.56,0,34798.47,12943.0,413.96,12943.0
97,Ampara,PF,100,522221,not_helped,na,0,1.0,883.9003368718817,1.0,10000.0,0.0,0.0,52153.133146515145,129672.10295226074,371752.8468531203,0.0,0,0,0.0,2.9592626489390812e-05,0.0,0.0,0.33021487709556463,0.0,0.33021487709556463,4,45477.532103761216,1.0,1.0,0,0,0.005554010783600231,0.0,-1,0.0,0.0,0.0,10792.919999999998,10793.16,0.0,1.0,0.0,0.3,0.3,0,0.3,0.0,0.01,0.0
98,Ampara,PF,250,522221,helped,a,0,1.0,10.688923054235584,1.0,10000.0,0.0,0.0,52153.133146515145,129672.10295226074,371752.8468531203,0.9650000000000006,37841,0,37841.0,3.1915941674059444e-05,0.0,0.9650000000000006,48697.20679849933,0.0,48697.20679849933,1,45477.532103761216,1.0,1.0,0,0,0.005554010783600231,0.013349179684166514,-1,0.0,0.0,32610.870000000006,7411.109999999999,10793.17,19966.0,0.924,355116.9148493329,10694.12,10694.12,0,42754.21,19966.0,431.47,19966.0
99,Ampara,PF,250,522221,not_helped,na,0,1.0,883.2252005457643,1.0,10000.0,0.0,0.0,52153.133146515145,129672.10295226074,371752.8468531203,0.0,0,0,0.0,3.1915941674059444e-05,0.0,0.0,0.35590045969722695,0.0,0.35590045969722695,4,45477.532103761216,1.0,1.0,0,0,0.005554010783600231,0.0,-1,0.0,0.0,0.0,10792.919999999998,10793.17,0.0,1.0,0.0,0.32,0.32,0,0.32,0.0,0.01,0.0
100,Ampara,PF,500,522221,helped,a,0,1.0,11.975947641060426,1.0,10000.0,0.0,0.0,52153.133146515145,129672.10295226074,371752.8468531203,0.6750000000000004,58130,0,58130.0,3.596164395604517e-05,0.0,0.6750000000000004,57949.0732650283,0.0,57949.0732650283,1,45477.532103761216,1.0,1.0,0,0,0.005554010783600231,0.02215417113839549,-1,0.0,0.0,52385.80000000001,7558.950000000003,10793.19,30713.0,0.941,635582.3435488733,17083.07,17083.07,0,52906.38,30713.0,421.02,30713.0
101,Ampara,PF,500,522221,not_helped,na,0,1.0,881.9381759589395,1.0,10000.0,0.0,0.0,52153.133146515145,129672.10295226074,371752.8468531203,0.0,0,0,0.0,3.596164395604517e-05,0.0,0.0,0.40074043742649784,0.0,0.40074043742649784,4,45477.532103761216,1.0,1.0,0,0,0.005554010783600231,0.0,-1,0.0,0.0,0.0,10792.919999999998,10793.19,0.0,1.0,0.0,0.36,0.36,0,0.36,0.0,0.01,0.0
102,Ampara,PF,1000,522221,helped,a,0,1.0,12.71580291782945,1.0,10000.0,0.0,0.0,52153.133146515145,129672.10295226074,371752.8468531203,0.6150000000000003,67801,0,67801.0,3.7461068609544864e-05,0.0,0.6150000000000003,63521.86332164354,0.0,63521.86332164354,1,45477.532103761216,1.0,1.0,0,0,0.005554010783600231,0.027231277764549977,-1,0.0,0.0,61668.85999999999,7547.62,10793.2,36207.0,0.914,793516.5838101414,20087.01,20087.01,0,58465.45,36207.0,422.22,36207.0
103,Ampara,PF,1000,522221,not_helped,na,0,1.0,881.1983206821704,1.0,10000.0,0.0,0.0,52153.133146515145,129672.10295226074,371752.8468531203,0.0,0,0,0.0,3.7461068609544864e-05,0.0,0.0,0.41797432227359915,0.0,0.41797432227359915,4,45477.532103761216,1.0,1.0,0,0,0.005554010783600231,0.0,-1,0.0,0.0,0.0,10792.919999999998,10793.2,0.0,1.0,0.0,0.37,0.37,0,0.37,0.0,0.01,0.0
104,Ampara,PF,5,522231,helped,a,1,1.0,7.744210799580341,0.0,94080.0,2880.0,1.1151037971387515e-07,52153.133146515145,100713.24145413547,20255.484945174856,1.2150000000000007,1418,0,1418.0,1.8298463550641882e-05,0.0,1.2150000000000007,2181.218076663597,0.0,2181.218076663597,1,45477.532103761216,1.0,1.0,0,0,0.006302120584469757,0.0,-1,0.0,0.0,1175.8100000000002,8591.269999999999,8382.68,0.0,10.0,9321.396771022874,389.16,389.16,0,1851.61,0.0,35.26,0.0
105,Ampara,PF,5,522231,not_helped,na,1,1.0,1109.6484437004196,0.0,94080.0,2880.0,1.1151037971387515e-07,52153.133146515145,100713.24145413547,20255.484945174856,0.0,0,0,0.0,1.8298463550641882e-05,0.0,0.0,1.9213066675556143,0.0,1.9213066675556143,4,45477.532103761216,1.0,1.0,0,0,0.006302120584469757,0.0,-1,0.0,0.0,0.0,8382.389999999994,8382.68,0.0,1.0,0.0,1.72,1.72,0,1.72,0.0,0.03,0.0
106,Ampara,PF,10,522231,helped,a,1,1.0,9.415504155900031,0.0,94080.0,2880.0,1.1151037971387515e-07,52153.133146515145,100713.24145413547,20255.484945174856,0.7550000000000004,2782,0,2782.0,2.2833984155999798e-05,0.0,0.7550000000000004,2998.274167025248,0.0,2998.274167025248,1,45477.532103761216,1.0,1.0,0,0,0.006302120584469757,0.0,-1,0.0,0.0,2476.35,8461.61,8382.68,0.0,10.0,23657.77236228065,810.92,810.92,0,2707.96,0.0,51.8,0.0
107,Ampara,PF,10,522231,not_helped,na,1,1.0,1107.9771503441,0.0,94080.0,2880.0,1.1151037971387515e-07,52153.133146515145,100713.24145413547,20255.484945174856,0.0,0,0,0.0,2.2833984155999798e-05,0.0,0.0,2.392182449094485,0.0,2.392182449094485,4,45477.532103761216,1.0,1.0,0,0,0.006302120584469757,0.0,-1,0.0,0.0,0.0,8382.329999999996,8382.68,0.0,1.0,0.0,2.15,2.15,0,2.15,0.0,0.04,0.0
108,Ampara,PF,25,522231,helped,a,1,1.0,10.981996938721126,0.0,94080.0,2880.0,1.1151037971387515e-07,52153.133146515145,100713.24145413547,20255.484945174856,0.9650000000000006,2032,0,2032.0,2.5864816026117726e-05,0.0,0.9650000000000006,2617.657176593924,0.0,2617.657176593924,1,45477.532103761216,1.0,1.0,0,0,0.006302120584469757,0.0,-1,0.0,0.0,1751.16,8522.96,8382.68,0.0,10.0,19592.102178617264,576.67,576.67,0,2298.25,0.0,43.87,0.0
109,Ampara,PF,25,522231,not_helped,na,1,1.0,1106.4106575612789,0.0,94080.0,2880.0,1.1151037971387515e-07,52153.133146515145,100713.24145413547,20255.484945174856,0.0,0,0,0.0,2.5864816026117726e-05,0.0,0.0,2.71568390566154,0.0,2.71568390566154,4,45477.532103761216,1.0,1.0,0,0,0.006302120584469757,0.0,-1,0.0,0.0,0.0,8382.270000000006,8382.68,0.0,1.0,0.0,2.43,2.43,0,2.43,0.0,0.05,0.0
110,Ampara,PF,50,522231,helped,a,1,1.0,11.653088330422651,0.0,94080.0,2880.0,1.1151037971387515e-07,52153.133146515145,100713.24145413547,20255.484945174856,1.1150000000000009,1713,0,1713.0,2.7887813662567396e-05,0.0,1.1150000000000009,2464.3009778126534,0.0,2464.3009778126534,1,45477.532103761216,1.0,1.0,0,0,0.006302120584469757,0.0,-1,0.0,0.0,1442.4799999999996,8548.869999999999,8382.68,0.0,10.0,17174.438112260203,477.01,477.01,0,2120.31,0.0,40.42,0.0
111,Ampara,PF,50,522231,not_helped,na,1,1.0,1105.7395661695773,0.0,94080.0,2880.0,1.1151037971387515e-07,52153.133146515145,100713.24145413547,20255.484945174856,0.0,0,0,0.0,2.7887813662567396e-05,0.0,0.0,2.924414340707794,0.0,2.924414340707794,4,45477.532103761216,1.0,1.0,0,0,0.006302120584469757,0.0,-1,0.0,0.0,0.0,8382.250000000005,8382.68,0.0,1.0,0.0,2.62,2.62,0,2.62,0.0,0.05,0.0
112,Ampara,PF,100,522231,helped,a,1,1.0,12.517233410147904,0.0,94080.0,2880.0,1.1151037971387515e-07,52153.133146515145,100713.24145413547,20255.484945174856,0.7550000000000004,2782,0,2782.0,2.9592626489390812e-05,0.0,0.7550000000000004,2998.9886461398687,0.0,2998.9886461398687,1,45477.532103761216,1.0,1.0,0,0,0.006302120584469757,0.0,-1,0.0,0.0,2476.35,8461.499999999998,8382.68,0.0,10.0,31451.30135567403,811.55,811.55,0,2708.59,0.0,51.81,0.0
113,Ampara,PF,100,522231,not_helped,na,1,1.0,1104.8754210898521,0.0,94080.0,2880.0,1.1151037971387515e-07,52153.133146515145,100713.24145413547,20255.484945174856,0.0,0,0,0.0,2.9592626489390812e-05,0.0,0.0,3.1066615637150723,0.0,3.1066615637150723,4,45477.532103761216,1.0,1.0,0,0,0.006302120584469757,0.0,-1,0.0,0.0,0.0,8382.210000000005,8382.68,0.0,1.0,0.0,2.78,2.78,0,2.78,0.0,0.05,0.0
114,Ampara,PF,250,522231,helped,a,1,1.0,13.36115381779448,0.0,94080.0,2880.0,1.1151037971387515e-07,52153.133146515145,100713.24145413547,20255.484945174856,0.9650000000000006,2046,0,2046.0,3.1915941674059444e-05,0.0,0.9650000000000006,2636.306133395001,0.0,2636.306133395001,1,45477.532103761216,1.0,1.0,0,0,0.006302120584469757,0.0,-1,0.0,0.0,1763.22,8520.279999999999,8382.68,0.0,10.0,24000.774214442405,581.2,581.2,0,2314.64,0.0,44.19,0.0
115,Ampara,PF,250,522231,not_helped,na,1,1.0,1104.0315006822054,0.0,94080.0,2880.0,1.1151037971387515e-07,52153.133146515145,100713.24145413547,20255.484945174856,0.0,0,0,0.0,3.1915941674059444e-05,0.0,0.0,3.348311524831511,0.0,3.348311524831511,4,45477.532103761216,1.0,1.0,0,0,0.006302120584469757,0.0,-1,0.0,0.0,0.0,8382.190000000004,8382.68,0.0,1.0,0.0,3.0,3.0,0,3.0,0.0,0.06,0.0
116,Ampara,PF,500,522231,helped,a,1,1.0,14.969934551325533,0.0,94080.0,2880.0,1.1151037971387515e-07,52153.133146515145,100713.24145413547,20255.484945174856,0.7950000000000005,2597,0,2597.0,3.596164395604517e-05,0.0,0.7950000000000005,2904.3092292791152,0.0,2904.3092292791152,1,45477.532103761216,1.0,1.0,0,0,0.006302120584469757,0.0,-1,0.0,0.0,2297.4799999999996,8476.549999999997,8382.68,0.0,10.0,34923.95911216938,754.31,754.31,0,2609.0,0.0,49.89,0.0
117,Ampara,PF,500,522231,not_helped,na,1,1.0,1102.4227199486745,0.0,94080.0,2880.0,1.1151037971387515e-07,52153.133146515145,100713.24145413547,20255.484945174856,0.0,0,0,0.0,3.596164395604517e-05,0.0,0.0,3.770166035308492,0.0,3.770166035308492,4,45477.532103761216,1.0,1.0,0,0,0.006302120584469757,0.0,-1,0.0,0.0,0.0,8382.110000000002,8382.68,0.0,1.0,0.0,3.38,3.38,0,3.38,0.0,0.07,0.0
118,Ampara,PF,1000,522231,helped,a,1,1.0,15.894753647286812,0.0,94080.0,2880.0,1.1151037971387515e-07,52153.133146515145,100713.24145413547,20255.484945174856,0.8450000000000005,2341,0,2341.0,3.7461068609544864e-05,0.0,0.8450000000000005,2735.5999177700237,0.0,2735.5999177700237,1,45477.532103761216,1.0,1.0,0,0,0.006302120584469757,0.0,-1,0.0,0.0,2055.11,8502.509999999997,8382.68,0.0,10.0,33201.597208598585,675.88,675.88,0,2440.95,0.0,46.65,0.0
119,Ampara,PF,1000,522231,not_helped,na,1,1.0,1101.497900852713,0.0,94080.0,2880.0,1.1151037971387515e-07,52153.133146515145,100713.24145413547,20255.484945174856,0.0,0,0,0.0,3.7461068609544864e-05,0.0,0.0,3.932302423950021,0.0,3.932302423950021,4,45477.532103761216,1.0,1.0,0,0,0.006302120584469757,0.0,-1,0.0,0.0,0.0,8382.100000000002,8382.68,0.0,1.0,0.0,3.52,3.52,0,3.52,0.0,0.07,0.0
120,Ampara,PF,5,522241,helped,a,3,1.0,7.744210799580341,0.0,0.0,0.0,0.0,52153.133146515145,94882.22190756234,294774.5388950141,0.9050000000000006,31857,0,31857.0,1.8298463550641882e-05,0.0,0.9050000000000006,39084.7370534301,0.0,39084.7370534301,1,45477.532103761216,1.0,1.0,0,0,0.006492882932241739,0.016098586403944237,-1,0.0,0.0,27709.020000000004,5440.06,7897.41,17197.0,0.907,218359.09771561116,9075.89,9075.89,0,34593.66,17197.0,329.42,17197.0
121,Ampara,PF,10,522241,helped,a,3,1.0,9.415504155900031,0.0,0.0,0.0,0.0,52153.133146515145,94882.22190756234,294774.5388950141,0.6450000000000004,50409,0,50409.0,2.2833984155999798e-05,0.0,0.6450000000000004,48739.48698076899,0.0,48739.48698076899,1,45477.532103761216,1.0,1.0,0,0,0.006492882932241739,0.028296687371266237,-1,0.0,0.0,45638.33,5468.259999999999,7897.43,27294.0,0.899,435081.50231519237,14873.8,14873.8,0,44678.64,27294.0,329.64,27294.0
122,Ampara,PF,25,522241,helped,a,3,1.0,10.981996938721126,0.0,0.0,0.0,0.0,52153.133146515145,94882.22190756234,294774.5388950141,1.1150000000000009,23703,0,23703.0,2.5864816026117726e-05,0.0,1.1150000000000009,34058.38218562494,0.0,34058.38218562494,1,45477.532103761216,1.0,1.0,0,0,0.006492882932241739,0.010629253355059378,-1,0.0,0.0,19960.04,5426.449999999999,7897.44,11920.0,0.942,223961.2447498399,6564.27,6564.27,0,29303.01,11920.0,328.91,11920.0
123,Ampara,PF,50,522241,helped,a,3,1.0,11.653088330422651,0.0,0.0,0.0,0.0,52153.133146515145,94882.22190756234,294774.5388950141,0.7950000000000005,37701,0,37701.0,2.7887813662567396e-05,0.0,0.7950000000000005,42107.51760622055,0.0,42107.51760622055,1,45477.532103761216,1.0,1.0,0,0,0.006492882932241739,0.019969135890766432,-1,0.0,0.0,33352.840000000004,5484.349999999998,7897.45,20633.0,0.897,394662.9500556054,10901.35,10901.35,0,37826.15,20633.0,325.72,20633.0
124,Ampara,PF,100,522241,helped,a,3,1.0,12.517233410147904,0.0,0.0,0.0,0.0,52153.133146515145,94882.22190756234,294774.5388950141,1.2150000000000007,21820,0,21820.0,2.9592626489390812e-05,0.0,1.2150000000000007,33534.73591065841,0.0,33534.73591065841,1,45477.532103761216,1.0,1.0,0,0,0.006492882932241739,0.009468490542576495,-1,0.0,0.0,18093.339999999997,5352.719999999998,7897.46,10731.0,0.938,231843.07067175253,5961.84,5961.84,0,28465.96,10731.0,335.34,10731.0
125,Ampara,PF,250,522241,helped,a,3,1.0,13.36115381779448,0.0,0.0,0.0,0.0,52153.133146515145,94882.22190756234,294774.5388950141,1.1150000000000009,23409,0,23409.0,3.1915941674059444e-05,0.0,1.1150000000000009,33635.93927280489,0.0,33635.93927280489,1,45477.532103761216,1.0,1.0,0,0,0.006492882932241739,0.010484396157326992,-1,0.0,0.0,19712.469999999998,5463.63,7897.47,11773.0,0.942,269100.98652498063,6482.85,6482.85,0,28939.56,11773.0,324.82,11773.0
126,Ampara,PF,500,522241,helped,a,3,1.0,14.969934551325533,0.0,0.0,0.0,0.0,52153.133146515145,94882.22190756234,294774.5388950141,0.8450000000000005,33975,0,33975.0,3.596164395604517e-05,0.0,0.8450000000000005,39644.77028252151,0.0,39644.77028252151,1,45477.532103761216,1.0,1.0,0,0,0.006492882932241739,0.017242605390596258,-1,0.0,0.0,29825.829999999998,5493.949999999997,7897.48,18237.0,0.919,453819.7035965996,9757.94,9757.94,0,35374.46,18237.0,324.68,18237.0
127,Ampara,PF,1000,522241,helped,a,3,1.0,15.894753647286812,0.0,0.0,0.0,0.0,52153.133146515145,94882.22190756234,294774.5388950141,1.1150000000000009,23564,0,23564.0,3.7461068609544864e-05,0.0,1.1150000000000009,33858.655774461724,0.0,33858.655774461724,1,45477.532103761216,1.0,1.0,0,0,0.006492882932241739,0.01056121125503548,-1,0.0,0.0,19842.989999999998,5444.099999999999,7897.49,11851.0,0.942,322248.64596972807,6525.78,6525.78,0,29131.18,11851.0,326.97,11851.0
128,Ampara,PF,5,522251,helped,a,0,1.0,4.646526479748205,0.0,120000.0,0.0,0.0,52153.133146515145,131010.38067557543,33757.067917946515,1.0350000000000006,2965,0,2965.0,1.8298463550641882e-05,0.0,1.0350000000000006,4025.601790856437,0.0,4025.601790856437,1,45477.532103761216,1.0,1.0,0,0,0.005525570716212214,0.0,-1,0.0,0.0,2527.78,10846.049999999997,10904.4,0.0,10.0,11981.997833326699,832.23,832.23,0,3501.18,0.0,66.79,0.0
129,Ampara,PF,5,522251,not_helped,na,0,1.0,665.7890662202518,0.0,120000.0,0.0,0.0,52153.133146515145,131010.38067557543,33757.067917946515,0.0,0,0,0.0,1.8298463550641882e-05,0.0,0.0,2.450646259637263,0.0,2.450646259637263,4,45477.532103761216,1.0,1.0,0,0,0.005525570716212214,0.0,-1,0.0,0.0,0.0,10904.029999999999,10904.4,0.0,1.0,0.0,2.2,2.2,0,2.2,0.0,0.04,0.0
130,Ampara,PF,10,522251,helped,a,0,1.0,5.64930249354002,0.0,120000.0,0.0,0.0,52153.133146515145,131010.38067557543,33757.067917946515,0.6450000000000004,5745,0,5745.0,2.2833984155999798e-05,0.0,0.6450000000000004,5557.780620985097,0.0,5557.780620985097,1,45477.532103761216,1.0,1.0,0,0,0.005525570716212214,0.0,-1,0.0,0.0,5201.3,10604.129999999997,10904.4,0.0,10.0,29751.14769382955,1697.87,1697.87,0,5094.66,0.0,97.56,0.0
131,Ampara,PF,10,522251,not_helped,na,0,1.0,664.78629020646,0.0,120000.0,0.0,0.0,52153.133146515145,131010.38067557543,33757.067917946515,0.0,0,0,0.0,2.2833984155999798e-05,0.0,0.0,3.0512531238450067,0.0,3.0512531238450067,4,45477.532103761216,1.0,1.0,0,0,0.005525570716212214,0.0,-1,0.0,0.0,0.0,10903.940000000004,10904.4,0.0,1.0,0.0,2.74,2.74,0,2.74,0.0,0.05,0.0
132,Ampara,PF,25,522251,helped,a,0,1.0,6.589198163232676,0.0,120000.0,0.0,0.0,52153.133146515145,131010.38067557543,33757.067917946515,0.7550000000000004,4614,0,4614.0,2.5864816026117726e-05,0.0,0.7550000000000004,4972.191228627043,0.0,4972.191228627043,1,45477.532103761216,1.0,1.0,0,0,0.005525570716212214,0.0,-1,0.0,0.0,4107.11,10696.1,10904.4,0.0,10.0,27459.099613657898,1344.47,1344.47,0,4490.77,0.0,85.9,0.0
133,Ampara,PF,25,522251,not_helped,na,0,1.0,663.8463945367673,0.0,120000.0,0.0,0.0,52153.133146515145,131010.38067557543,33757.067917946515,0.0,0,0,0.0,2.5864816026117726e-05,0.0,0.0,3.4638825327315557,0.0,3.4638825327315557,4,45477.532103761216,1.0,1.0,0,0,0.005525570716212214,0.0,-1,0.0,0.0,0.0,10903.890000000003,10904.4,0.0,1.0,0.0,3.1,3.1,0,3.1,0.0,0.06,0.0
134,Ampara,PF,50,522251,helped,a,0,1.0,6.9918529982535915,0.0,120000.0,0.0,0.0,52153.133146515145,131010.38067557543,33757.067917946515,0.6150000000000003,6213,0,6213.0,2.7887813662567396e-05,0.0,0.6150000000000003,5824.569635131831,0.0,5824.569635131831,1,45477.532103761216,1.0,1.0,0,0,0.005525570716212214,0.0,-1,0.0,0.0,5651.080000000001,10563.039999999999,10904.4,0.0,10.0,39982.49185933327,1844.0,1844.0,0,5360.84,0.0,102.68,0.0
135,Ampara,PF,50,522251,not_helped,na,0,1.0,663.4437397017464,0.0,120000.0,0.0,0.0,52153.133146515145,131010.38067557543,33757.067917946515,0.0,0,0,0.0,2.7887813662567396e-05,0.0,0.0,3.7301203325354515,0.0,3.7301203325354515,4,45477.532103761216,1.0,1.0,0,0,0.005525570716212214,0.0,-1,0.0,0.0,0.0,10903.840000000002,10904.4,0.0,1.0,0.0,3.35,3.35,0,3.35,0.0,0.06,0.0
136,Ampara,PF,100,522251,helped,a,0,1.0,7.510340046088743,0.0,120000.0,0.0,0.0,52153.133146515145,131010.38067557543,33757.067917946515,1.0350000000000006,3074,0,3074.0,2.9592626489390812e-05,0.0,1.0350000000000006,4175.013714609654,0.0,4175.013714609654,1,45477.532103761216,1.0,1.0,0,0,0.005525570716212214,0.0,-1,0.0,0.0,2620.7000000000003,10824.769999999997,10904.4,0.0,10.0,20078.819009817795,864.1,864.1,0,3631.16,0.0,69.27,0.0
137,Ampara,PF,100,522251,not_helped,na,0,1.0,662.9252526539113,0.0,120000.0,0.0,0.0,52153.133146515145,131010.38067557543,33757.067917946515,0.0,0,0,0.0,2.9592626489390812e-05,0.0,0.0,3.9625785251467756,0.0,3.9625785251467756,4,45477.532103761216,1.0,1.0,0,0,0.005525570716212214,0.0,-1,0.0,0.0,0.0,10903.810000000001,10904.4,0.0,1.0,0.0,3.55,3.55,0,3.55,0.0,0.07,0.0
138,Ampara,PF,250,522251,helped,a,0,1.0,8.016692290676689,0.0,120000.0,0.0,0.0,52153.133146515145,131010.38067557543,33757.067917946515,0.7150000000000004,5101,0,5101.0,3.1915941674059444e-05,0.0,0.7150000000000004,5293.399031009882,0.0,5293.399031009882,1,45477.532103761216,1.0,1.0,0,0,0.005525570716212214,0.0,-1,0.0,0.0,4568.67,10647.029999999997,10904.41,0.0,10.0,37133.71952502896,1494.8,1494.8,0,4806.72,0.0,91.98,0.0
139,Ampara,PF,250,522251,not_helped,na,0,1.0,662.4189004093233,0.0,120000.0,0.0,0.0,52153.133146515145,131010.38067557543,33757.067917946515,0.0,0,0,0.0,3.1915941674059444e-05,0.0,0.0,4.270805516366723,0.0,4.270805516366723,4,45477.532103761216,1.0,1.0,0,0,0.005525570716212214,0.0,-1,0.0,0.0,0.0,10903.77,10904.41,0.0,1.0,0.0,3.83,3.83,0,3.83,0.0,0.07,0.0
140,Ampara,PF,500,522251,helped,a,0,1.0,8.98196073079532,0.0,120000.0,0.0,0.0,52153.133146515145,131010.38067557543,33757.067917946515,1.0350000000000006,3116,0,3116.0,3.596164395604517e-05,0.0,1.0350000000000006,4232.849008879347,0.0,4232.849008879347,1,45477.532103761216,1.0,1.0,0,0,0.005525570716212214,0.0,-1,0.0,0.0,2656.5,10816.52,10904.41,0.0,10.0,24341.203400062626,876.62,876.62,0,3681.48,0.0,70.23,0.0
141,Ampara,PF,500,522251,not_helped,na,0,1.0,661.4536319692047,0.0,120000.0,0.0,0.0,52153.133146515145,131010.38067557543,33757.067917946515,0.0,0,0,0.0,3.596164395604517e-05,0.0,0.0,4.808885249117974,0.0,4.808885249117974,4,45477.532103761216,1.0,1.0,0,0,0.005525570716212214,0.0,-1,0.0,0.0,0.0,10903.689999999999,10904.41,0.0,1.0,0.0,4.32,4.32,0,4.32,0.0,0.08,0.0
142,Ampara,PF,1000,522251,helped,a,0,1.0,9.53685218837209,0.0,120000.0,0.0,0.0,52153.133146515145,131010.38067557543,33757.067917946515,0.8450000000000005,4195,0,4195.0,3.7461068609544864e-05,0.0,0.8450000000000005,4900.080043160226,0.0,4900.080043160226,1,45477.532103761216,1.0,1.0,0,0,0.005525570716212214,0.0,-1,0.0,0.0,3682.6800000000003,10711.42,10904.41,0.0,10.0,35697.67753186122,1209.34,1209.34,0,4372.28,0.0,83.56,0.0
143,Ampara,PF,1000,522251,not_helped,na,0,1.0,660.8987405116279,0.0,120000.0,0.0,0.0,52153.133146515145,131010.38067557543,33757.067917946515,0.0,0,0,0.0,3.7461068609544864e-05,0.0,0.0,5.01569186728319,0.0,5.01569186728319,4,45477.532103761216,1.0,1.0,0,0,0.005525570716212214,0.0,-1,0.0,0.0,0.0,10903.649999999998,10904.41,0.0,1.0,0.0,4.5,4.5,0,4.5,0.0,0.09,0.0
144,Ampara,PF,5,522261,helped,a,1,1.0,10.841895119412476,0.0,0.0,0.0,0.0,52153.133146515145,111383.51520348422,346039.79201288056,0.8450000000000005,40102,0,40102.0,1.8298463550641882e-05,0.0,0.8450000000000005,46794.248060917664,0.0,46794.248060917664,1,45477.532103761216,1.0,1.0,0,0,0.005992658585612872,0.017352837774357067,-1,0.0,0.0,35204.57000000001,6340.950000000001,9270.88,21525.0,0.919,387949.46159666986,11517.68,11517.68,0,41753.84,21525.0,383.25,21525.0
145,Ampara,PF,10,522261,helped,a,1,1.0,13.18170581826004,0.0,0.0,0.0,0.0,52153.133146515145,111383.51520348422,346039.79201288056,0.7550000000000004,49434,0,49434.0,2.2833984155999798e-05,0.0,0.7550000000000004,53234.51834131473,0.0,53234.51834131473,1,45477.532103761216,1.0,1.0,0,0,0.005992658585612872,0.02351054989196601,-1,0.0,0.0,44003.14000000001,6306.760000000001,9270.9,27682.0,0.866,588536.0104713253,14371.31,14371.31,0,48080.5,27682.0,386.33,27682.0
146,Ampara,PF,25,522261,helped,a,1,1.0,15.374795714209572,0.0,0.0,0.0,0.0,52153.133146515145,111383.51520348422,346039.79201288056,1.2150000000000007,23734,0,23734.0,2.5864816026117726e-05,0.0,1.2150000000000007,36476.32548595631,0.0,36476.32548595631,1,45477.532103761216,1.0,1.0,0,0,0.005992658585612872,0.008417957522205722,-1,0.0,0.0,19680.450000000004,6401.619999999999,9270.92,11308.0,0.964,309750.0130838518,6484.8,6484.8,0,30962.93,11308.0,371.78,11308.0
147,Ampara,PF,50,522261,helped,a,1,1.0,16.314323662591708,0.0,0.0,0.0,0.0,52153.133146515145,111383.51520348422,346039.79201288056,0.9650000000000006,34034,0,34034.0,2.7887813662567396e-05,0.0,0.9650000000000006,43797.69624121669,0.0,43797.69624121669,1,45477.532103761216,1.0,1.0,0,0,0.005992658585612872,0.014459660594094315,-1,0.0,0.0,29330.049999999996,6348.47,9270.93,18395.0,0.899,487480.1482000715,9617.95,9617.95,0,38452.63,18395.0,379.62,18395.0
148,Ampara,PF,100,522261,helped,a,1,1.0,17.524126774207062,0.0,0.0,0.0,0.0,52153.133146515145,111383.51520348422,346039.79201288056,1.0350000000000006,32146,0,32146.0,2.9592626489390812e-05,0.0,1.0350000000000006,43618.28556297091,0.0,43618.28556297091,1,45477.532103761216,1.0,1.0,0,0,0.005992658585612872,0.01361204850944031,-1,0.0,0.0,27405.68,6260.8099999999995,9270.94,17447.0,0.885,489934.27911524876,8999.04,8999.04,0,37935.26,17447.0,387.52,17447.0
149,Ampara,PF,250,522261,helped,a,1,1.0,18.705615344912268,0.0,0.0,0.0,0.0,52153.133146515145,111383.51520348422,346039.79201288056,0.8450000000000005,39981,0,39981.0,3.1915941674059444e-05,0.0,0.8450000000000005,46653.05550155975,0.0,46653.05550155975,1,45477.532103761216,1.0,1.0,0,0,0.005992658585612872,0.017291224118036814,-1,0.0,0.0,35098.35,6351.320000000001,9270.95,21460.0,0.919,667312.9134536124,11482.92,11482.92,0,41627.85,21460.0,382.1,21460.0
150,Ampara,PF,500,522261,helped,a,1,1.0,20.95790837185574,0.0,0.0,0.0,0.0,52153.133146515145,111383.51520348422,346039.79201288056,1.1150000000000009,27727,0,27727.0,3.596164395604517e-05,0.0,1.1150000000000009,39840.38994476745,0.0,39840.38994476745,1,45477.532103761216,1.0,1.0,0,0,0.005992658585612872,0.01058804150486241,-1,0.0,0.0,23348.61,6293.03,9270.97,13944.0,0.942,499964.52685106045,7678.67,7678.67,0,34277.72,13944.0,384.74,13944.0
151,Ampara,PF,1000,522261,helped,a,1,1.0,22.25265510620153,0.0,0.0,0.0,0.0,52153.133146515145,111383.51520348422,346039.79201288056,0.9650000000000006,33074,0,33074.0,3.7461068609544864e-05,0.0,0.9650000000000006,42562.29081160019,0.0,42562.29081160019,1,45477.532103761216,1.0,1.0,0,0,0.005992658585612872,0.013615597952482801,-1,0.0,0.0,28502.730000000003,6379.92,9270.98,17451.0,0.924,646164.8105445929,9346.66,9346.66,0,37367.99,17451.0,377.1,17451.0
152,Ampara,PF,5,522271,helped,a,0,1.0,3.0976843198321364,0.0,0.0,0.0,0.0,52153.133146515145,603012.9240465137,1873405.291949407,0.6450000000000004,312498,0,312498.0,1.8298463550641882e-05,0.0,0.6450000000000004,302148.27119197656,0.0,302148.27119197656,1,45477.532103761216,1.0,1.0,0,0,0.0025755304305423053,0.02803568200501161,-1,0.0,0.0,282923.39,32919.48,50191.08,172225.0,0.872,887367.0799476912,92206.39,92206.39,0,276974.01,172225.0,1985.26,172225.0
153,Ampara,PF,10,522271,helped,a,0,1.0,3.7662016623600127,0.0,0.0,0.0,0.0,52153.133146515145,603012.9240465137,1873405.291949407,0.7950000000000005,238719,0,238719.0,2.2833984155999798e-05,0.0,0.7950000000000005,266620.6332839809,0.0,266620.6332839809,1,45477.532103761216,1.0,1.0,0,0,0.0025755304305423053,0.020370167467102577,-1,0.0,0.0,211186.95,32575.28,50191.19,133310.0,0.872,807649.8946477852,69026.28,69026.28,0,239511.49,133310.0,2011.11,133310.0
154,Ampara,PF,25,522271,helped,a,0,1.0,4.39279877548845,0.0,0.0,0.0,0.0,52153.133146515145,603012.9240465137,1873405.291949407,1.2150000000000007,125317,0,125317.0,2.5864816026117726e-05,0.0,1.2150000000000007,192597.27314921998,0.0,192597.27314921998,1,45477.532103761216,1.0,1.0,0,0,0.0025755304305423053,0.00819265297441751,-1,0.0,0.0,103913.96,32835.70999999999,50191.29,59705.0,0.964,467285.41936617985,34240.16,34240.16,0,163486.19,59705.0,1963.05,59705.0
155,Ampara,PF,50,522271,helped,a,0,1.0,4.661235332169061,0.0,0.0,0.0,0.0,52153.133146515145,603012.9240465137,1873405.291949407,0.7550000000000003,270821,0,270821.0,2.7887813662567396e-05,0.0,0.7550000000000003,291641.89609809435,0.0,291641.89609809435,1,45477.532103761216,1.0,1.0,0,0,0.0025755304305423053,0.02443438721275281,-1,0.0,0.0,241068.33000000005,32094.439999999995,50191.33,154570.0,0.841,1140142.031073878,78732.28,78732.28,0,263405.91,154570.0,2060.29,154570.0
156,Ampara,PF,100,522271,helped,a,0,1.0,5.006893364059161,0.0,0.0,0.0,0.0,52153.133146515145,603012.9240465137,1873405.291949407,0.7950000000000005,235769,0,235769.0,2.9592626489390812e-05,0.0,0.7950000000000005,263325.8353492219,0.0,263325.8353492219,1,45477.532103761216,1.0,1.0,0,0,0.0025755304305423053,0.020066841723005414,-1,0.0,0.0,208577.19,32799.4,50191.39,131663.0,0.872,1060443.7421042973,68173.28,68173.28,0,236551.7,131663.0,1986.25,131663.0
157,Ampara,PF,250,522271,helped,a,0,1.0,5.344461527117792,0.0,0.0,0.0,0.0,52153.133146515145,603012.9240465137,1873405.291949407,0.6150000000000003,337044,0,337044.0,3.1915941674059444e-05,0.0,0.6150000000000003,315770.0037704835,0.0,315770.0037704835,1,45477.532103761216,1.0,1.0,0,0,0.0025755304305423053,0.030376423625559243,-1,0.0,0.0,306560.7199999999,32498.810000000005,50191.44,183147.0,0.886,1657932.025745615,99852.2,99852.2,0,290634.41,183147.0,2038.0,183147.0
158,Ampara,PF,500,522271,helped,a,0,1.0,5.987973820530213,0.0,0.0,0.0,0.0,52153.133146515145,603012.9240465137,1873405.291949407,0.6750000000000004,300051,0,300051.0,3.596164395604517e-05,0.0,0.6750000000000004,299115.0376686051,0.0,299115.0376686051,1,45477.532103761216,1.0,1.0,0,0,0.0025755304305423053,0.027051267914238775,-1,0.0,0.0,270401.03999999986,32736.470000000005,50191.55,167504.0,0.859,1640350.278895364,88176.24,88176.24,0,273086.27,167504.0,2000.27,167504.0
159,Ampara,PF,1000,522271,helped,a,0,1.0,6.357901458914725,0.0,0.0,0.0,0.0,52153.133146515145,603012.9240465137,1873405.291949407,0.8450000000000005,232940,0,232940.0,3.7461068609544864e-05,0.0,0.8450000000000005,271813.17997382075,0.0,271813.17997382075,1,45477.532103761216,1.0,1.0,0,0,0.0025755304305423053,0.020347644209164285,-1,0.0,0.0,204492.33000000005,31951.66000000001,50191.61,133188.0,0.844,1321483.3331759376,66902.57,66902.57,0,242534.96,133188.0,2069.04,133188.0
160,Ampara,PF,5,522281,helped,a,0,1.0,7.744210799580341,0.0,0.0,0.0,0.0,52153.133146515145,88070.02118728701,273610.79203276447,0.9650000000000006,27073,0,27073.0,1.8298463550641882e-05,0.0,0.9650000000000006,34839.7199958412,0.0,34839.7199958412,1,45477.532103761216,1.0,1.0,0,0,0.006739317935941859,0.014163315634933503,-1,0.0,0.0,23331.17,5057.360000000002,7330.4,14284.0,0.924,184072.37882154912,7650.79,7650.79,0,30587.9,14284.0,308.7,14284.0
161,Ampara,PF,10,522281,helped,a,0,1.0,9.415504155900031,0.0,0.0,0.0,0.0,52153.133146515145,88070.02118728701,273610.79203276447,0.9650000000000006,27079,0,27079.0,2.2833984155999798e-05,0.0,0.9650000000000006,34847.44127977631,0.0,34847.44127977631,1,45477.532103761216,1.0,1.0,0,0,0.006739317935941859,0.014166715917179147,-1,0.0,0.0,23336.32,5056.709999999999,7330.42,14287.0,0.924,223846.83214353098,7652.48,7652.48,0,30594.66,14287.0,308.77,14287.0
162,Ampara,PF,25,522281,helped,a,0,1.0,10.981996938721126,0.0,0.0,0.0,0.0,52153.133146515145,88070.02118728701,273610.79203276447,0.9650000000000006,27417,0,27417.0,2.5864816026117726e-05,0.0,0.9650000000000006,35282.40694145378,0.0,35282.40694145378,1,45477.532103761216,1.0,1.0,0,0,0.006739317935941859,0.01477299828941553,-1,0.0,0.0,23627.590000000004,5076.42,7330.43,14819.0,0.899,264347.86795189505,7748.0,7748.0,0,30976.53,14819.0,305.81,14819.0
163,Ampara,PF,50,522281,helped,a,0,1.0,11.653088330422651,0.0,0.0,0.0,0.0,52153.133146515145,88070.02118728701,273610.79203276447,0.6750000000000004,45002,0,45002.0,2.7887813662567396e-05,0.0,0.686,42593.4890835258,0.0,42593.4890835258,2,45477.532103761216,1.0,1.0,0,0,0.006739317935941859,0.026190882555782648,-1,0.0,0.0,40633.29,5028.800000000002,7330.44,23852.0,0.928,479803.4432006391,13253.09,13253.09,0,41498.41,23852.0,334.75,23852.0
164,Ampara,PF,100,522281,helped,a,0,1.0,12.517233410147904,0.0,0.0,0.0,0.0,52153.133146515145,88070.02118728701,273610.79203276447,1.1150000000000009,21336,0,21336.0,2.9592626489390812e-05,0.0,1.1150000000000009,30657.285673226757,0.0,30657.285673226757,1,45477.532103761216,1.0,1.0,0,0,0.006739317935941859,0.009951862846088233,-1,0.0,0.0,17966.820000000003,5110.39,7330.45,10423.0,0.968,229778.72853775098,5908.76,5908.76,0,26376.8,10423.0,301.97,10423.0
165,Ampara,PF,250,522281,helped,a,0,1.0,13.36115381779448,0.0,0.0,0.0,0.0,52153.133146515145,88070.02118728701,273610.79203276447,1.1150000000000009,21468,0,21468.0,3.1915941674059444e-05,0.0,1.1150000000000009,30846.953919799027,0.0,30846.953919799027,1,45477.532103761216,1.0,1.0,0,0,0.006739317935941859,0.0100201502399184,-1,0.0,0.0,18077.979999999996,5093.55,7330.46,10488.0,0.968,246787.993260802,5945.32,5945.32,0,26539.99,10488.0,303.83,10488.0
166,Ampara,PF,500,522281,helped,a,0,1.0,14.969934551325533,0.0,0.0,0.0,0.0,52153.133146515145,88070.02118728701,273610.79203276447,0.9050000000000006,30332,0,30332.0,3.596164395604517e-05,0.0,0.9050000000000006,37213.74405325805,0.0,37213.74405325805,1,45477.532103761216,1.0,1.0,0,0,0.006739317935941859,0.016583646997643798,-1,0.0,0.0,26382.579999999998,5015.4,7330.47,16374.0,0.907,401892.7431216891,8641.42,8641.42,0,32937.65,16374.0,313.64,16374.0
167,Ampara,PF,1000,522281,helped,a,0,1.0,15.894753647286812,0.0,0.0,0.0,0.0,52153.133146515145,88070.02118728701,273610.79203276447,0.7550000000000004,37587,0,37587.0,3.7461068609544864e-05,0.0,0.7550000000000004,40476.71321145359,0.0,40476.71321145359,1,45477.532103761216,1.0,1.0,0,0,0.006739317935941859,0.021872601684625577,-1,0.0,0.0,33457.65,5137.6900000000005,7330.48,20643.0,0.892,539593.825237801,10927.18,10927.18,0,36557.86,20643.0,301.55,20643.0
168,Ampara,PF,5,522291,helped,a,0,1.0,3.0976843198321364,0.0,7500.0,7500.0,2.903916138382166e-07,52153.133146515145,86404.01560255182,245106.2981694993,1.0350000000000006,22773,0,22773.0,1.8298463550641882e-05,0.0,1.0350000000000006,30900.396341075182,0.0,30900.396341075182,1,45477.532103761216,1.0,1.0,0,0,0.006803980062347676,0.011259287045048224,-1,0.0,0.0,19414.85,5066.66,7191.74,11433.0,0.961,61352.456847006506,6375.28,6375.28,0,26874.4,11433.0,292.39,11433.0
169,Ampara,PF,5,522291,not_helped,na,0,1.0,443.85937748016784,0.0,7500.0,7500.0,2.903916138382166e-07,52153.133146515145,86404.01560255182,245106.2981694993,0.0,0,0,0.0,1.8298463550641882e-05,0.0,0.0,0.15316539122732895,0.0,0.15316539122732895,4,45477.532103761216,1.0,1.0,0,0,0.006803980062347676,0.0,-1,0.0,0.0,0.0,7191.67,7191.74,0.0,1.0,0.0,0.14,0.14,0,0.14,0.0,0.0,0.0
170,Ampara,PF,10,522291,helped,a,0,1.0,3.7662016623600127,0.0,7500.0,7500.0,2.903916138382166e-07,52153.133146515145,86404.01560255182,245106.2981694993,0.7150000000000004,37670,0,37670.0,2.2833984155999798e-05,0.0,0.7150000000000004,39059.48500920942,0.0,39059.48500920942,1,45477.532103761216,1.0,1.0,0,0,0.006803980062347676,0.021434532303518758,-1,0.0,0.0,33738.920000000006,5076.610000000001,7191.75,19920.0,0.942,128830.23429224922,11010.72,11010.72,0,35468.68,19920.0,294.9,19920.0
171,Ampara,PF,10,522291,not_helped,na,0,1.0,443.19086013763996,0.0,7500.0,7500.0,2.903916138382166e-07,52153.133146515145,86404.01560255182,245106.2981694993,0.0,0,0,0.0,2.2833984155999798e-05,0.0,0.0,0.19070332024031292,0.0,0.19070332024031292,4,45477.532103761216,1.0,1.0,0,0,0.006803980062347676,0.0,-1,0.0,0.0,0.0,7191.67,7191.75,0.0,1.0,0.0,0.17,0.17,0,0.17,0.0,0.0,0.0
172,Ampara,PF,25,522291,helped,a,0,1.0,4.39279877548845,0.0,7500.0,7500.0,2.903916138382166e-07,52153.133146515145,86404.01560255182,245106.2981694993,0.9650000000000006,23428,0,23428.0,2.5864816026117726e-05,0.0,0.9650000000000006,30149.256497924343,0.0,30149.256497924343,1,45477.532103761216,1.0,1.0,0,0,0.006803980062347676,0.011285600020329677,-1,0.0,0.0,20189.939999999995,5154.730000000001,7191.76,11457.0,1.003,90354.81909320559,6620.91,6620.91,0,26469.85,11457.0,284.55,11457.0
173,Ampara,PF,25,522291,not_helped,na,0,1.0,442.5642630245115,0.0,7500.0,7500.0,2.903916138382166e-07,52153.133146515145,86404.01560255182,245106.2981694993,0.0,0,0,0.0,2.5864816026117726e-05,0.0,0.0,0.21649265829572223,0.0,0.21649265829572223,4,45477.532103761216,1.0,1.0,0,0,0.006803980062347676,0.0,-1,0.0,0.0,0.0,7191.67,7191.76,0.0,1.0,0.0,0.19,0.19,0,0.19,0.0,0.0,0.0
174,Ampara,PF,50,522291,helped,a,0,1.0,4.661235332169061,0.0,7500.0,7500.0,2.903916138382166e-07,52153.133146515145,86404.01560255182,245106.2981694993,0.7950000000000005,30861,0,30861.0,2.7887813662567396e-05,0.0,0.7950000000000005,34468.28705272376,0.0,34468.28705272376,1,45477.532103761216,1.0,1.0,0,0,0.006803980062347676,0.016331819533366487,-1,0.0,0.0,27301.729999999996,5150.420000000001,7191.77,15855.0,0.977,129224.172911376,8923.76,8923.76,0,30963.67,15855.0,286.57,15855.0
175,Ampara,PF,50,522291,not_helped,na,0,1.0,442.2958264678309,0.0,7500.0,7500.0,2.903916138382166e-07,52153.133146515145,86404.01560255182,245106.2981694993,0.0,0,0,0.0,2.7887813662567396e-05,0.0,0.0,0.23313252078346572,0.0,0.23313252078346572,4,45477.532103761216,1.0,1.0,0,0,0.006803980062347676,0.0,-1,0.0,0.0,0.0,7191.67,7191.77,0.0,1.0,0.0,0.21,0.21,0,0.21,0.0,0.0,0.0
176,Ampara,PF,100,522291,helped,a,0,1.0,5.006893364059161,0.0,7500.0,7500.0,2.903916138382166e-07,52153.133146515145,86404.01560255182,245106.2981694993,0.9650000000000006,25435,0,25435.0,2.9592626489390812e-05,0.0,0.9650000000000006,32732.057142715865,0.0,32732.057142715865,1,45477.532103761216,1.0,1.0,0,0,0.006803980062347676,0.01310961552022909,-1,0.0,0.0,21919.56,5036.99,7191.78,13093.0,0.95,111808.58523026964,7188.12,7188.12,0,28737.47,13093.0,296.32,13093.0
177,Ampara,PF,100,522291,not_helped,na,0,1.0,441.95016843594084,0.0,7500.0,7500.0,2.903916138382166e-07,52153.133146515145,86404.01560255182,245106.2981694993,0.0,0,0,0.0,2.9592626489390812e-05,0.0,0.0,0.24766115782167347,0.0,0.24766115782167347,4,45477.532103761216,1.0,1.0,0,0,0.006803980062347676,0.0,-1,0.0,0.0,0.0,7191.67,7191.78,0.0,1.0,0.0,0.22,0.22,0,0.22,0.0,0.0,0.0
178,Ampara,PF,250,522291,helped,a,0,1.0,5.344461527117792,0.0,7500.0,7500.0,2.903916138382166e-07,52153.133146515145,86404.01560255182,245106.2981694993,1.0350000000000006,22769,0,22769.0,3.1915941674059444e-05,0.0,1.0350000000000006,30895.082578405323,0.0,30895.082578405323,1,45477.532103761216,1.0,1.0,0,0,0.006803980062347676,0.011257094867445536,-1,0.0,0.0,19411.43,5067.1,7191.78,11431.0,0.961,105833.27183382792,6374.26,6374.26,0,26869.76,11431.0,292.34,11431.0
179,Ampara,PF,250,522291,not_helped,na,0,1.0,441.61260027288216,0.0,7500.0,7500.0,2.903916138382166e-07,52153.133146515145,86404.01560255182,245106.2981694993,0.0,0,0,0.0,3.1915941674059444e-05,0.0,0.0,0.2669253447729202,0.0,0.2669253447729202,4,45477.532103761216,1.0,1.0,0,0,0.006803980062347676,0.0,-1,0.0,0.0,0.0,7191.639999999999,7191.78,0.0,1.0,0.0,0.24,0.24,0,0.24,0.0,0.0,0.0
180,Ampara,PF,500,522291,helped,a,0,1.0,5.987973820530213,0.0,7500.0,7500.0,2.903916138382166e-07,52153.133146515145,86404.01560255182,245106.2981694993,0.5850000000000003,45643,0,45643.0,3.596164395604517e-05,0.0,0.595,40927.48349879061,0.0,40927.48349879061,2,45477.532103761216,1.0,1.0,0,0,0.006803980062347676,0.02608881720363764,-1,0.0,0.0,41667.149999999994,5162.03,7191.8,23329.0,0.978,252378.66551844098,13566.76,13566.76,0,38644.58,23329.0,290.85,23329.0
181,Ampara,PF,500,522291,not_helped,na,0,1.0,440.96908797946975,0.0,7500.0,7500.0,2.903916138382166e-07,52153.133146515145,86404.01560255182,245106.2981694993,0.0,0,0,0.0,3.596164395604517e-05,0.0,0.0,0.3005553280698734,0.0,0.3005553280698734,4,45477.532103761216,1.0,1.0,0,0,0.006803980062347676,0.0,-1,0.0,0.0,0.0,7191.589999999998,7191.8,0.0,1.0,0.0,0.27,0.27,0,0.27,0.0,0.01,0.0
182,Ampara,PF,1000,522291,helped,a,0,1.0,6.357901458914725,0.0,7500.0,7500.0,2.903916138382166e-07,52153.133146515145,86404.01560255182,245106.2981694993,0.7950000000000005,31213,0,31213.0,3.7461068609544864e-05,0.0,0.7950000000000005,34861.509391804066,0.0,34861.509391804066,1,45477.532103761216,1.0,1.0,0,0,0.006803980062347676,0.016549577127454192,-1,0.0,0.0,27613.14,5121.280000000002,7191.8,16036.0,0.977,178271.55143004976,9025.61,9025.61,0,31316.91,16036.0,289.83,16036.0
183,Ampara,PF,1000,522291,not_helped,na,0,1.0,440.5991603410852,0.0,7500.0,7500.0,2.903916138382166e-07,52153.133146515145,86404.01560255182,245106.2981694993,0.0,0,0,0.0,3.7461068609544864e-05,0.0,0.0,0.31348074170519935,0.0,0.31348074170519935,4,45477.532103761216,1.0,1.0,0,0,0.006803980062347676,0.0,-1,0.0,0.0,0.0,7191.589999999998,7191.8,0.0,1.0,0.0,0.28,0.28,0,0.28,0.0,0.01,0.0
184,Ampara,PF,5,522311,helped,a,2,2.0,6.862163885846625,0.5813953488372093,21500.0,9000.0,3.484699366058599e-07,52153.133146515145,79292.45450376935,179465.71174474113,0.9650000000000006,17736,0,17736.0,1.8298463550641882e-05,0.0,0.9650000000000006,22824.554386286392,0.0,22824.554386286392,1,45477.532103761216,1.0,1.0,0,0,0.007102546158489709,0.007833950657298189,-1,0.0,0.0,15284.640000000003,5006.89,6599.8,7532.0,1.149,106854.1163268219,5012.55,5012.55,0,20039.04,7532.0,237.42,7532.0
185,Ampara,PF,5,522311,not_helped,na,2,2.0,983.2621649141531,0.5813953488372093,21500.0,9000.0,3.484699366058599e-07,52153.133146515145,79292.45450376935,179465.71174474113,0.0,0,0,0.0,1.8298463550641882e-05,0.0,0.0,0.43907412151834296,0.0,0.43907412151834296,4,45477.532103761216,1.0,1.0,0,0,0.007102546158489709,0.0,-1,0.0,0.0,0.0,6599.669999999998,6599.8,0.0,1.0,0.0,0.39,0.39,0,0.39,0.0,0.01,0.0
186,Ampara,PF,10,522311,helped,a,2,2.0,8.343100963775065,0.5813953488372093,21500.0,9000.0,3.484699366058599e-07,52153.133146515145,79292.45450376935,179465.71174474113,0.7550000000000004,25209,0,25209.0,2.2833984155999798e-05,0.0,0.7550000000000004,27147.63113618718,0.0,27147.63113618718,1,45477.532103761216,1.0,1.0,0,0,0.007102546158489709,0.013022763106863929,-1,0.0,0.0,22439.489999999998,5005.920000000001,6599.81,11945.0,1.087,189958.3091045294,7329.17,7329.17,0,24519.24,11945.0,238.86,11945.0
187,Ampara,PF,10,522311,not_helped,na,2,2.0,981.7812278362247,0.5813953488372093,21500.0,9000.0,3.484699366058599e-07,52153.133146515145,79292.45450376935,179465.71174474113,0.0,0,0,0.0,2.2833984155999798e-05,0.0,0.0,0.5466828513555637,0.0,0.5466828513555637,4,45477.532103761216,1.0,1.0,0,0,0.007102546158489709,0.0,-1,0.0,0.0,0.0,6599.669999999998,6599.81,0.0,1.0,0.0,0.49,0.49,0,0.49,0.0,0.01,0.0
188,Ampara,PF,25,522311,helped,a,2,2.0,9.73117400051327,0.5813953488372093,21500.0,9000.0,3.484699366058599e-07,52153.133146515145,79292.45450376935,179465.71174474113,0.7950000000000005,23976,0,23976.0,2.5864816026117726e-05,0.0,0.7950000000000005,26778.951216959245,0.0,26778.951216959245,1,45477.532103761216,1.0,1.0,0,0,0.007102546158489709,0.01216856768476102,-1,0.0,0.0,21210.800000000003,4963.73,6599.82,11247.0,1.091,209592.06916959496,6933.29,6933.29,0,24056.17,11247.0,243.27,11247.0
189,Ampara,PF,25,522311,not_helped,na,2,2.0,980.3931547994865,0.5813953488372093,21500.0,9000.0,3.484699366058599e-07,52153.133146515145,79292.45450376935,179465.71174474113,0.0,0,0,0.0,2.5864816026117726e-05,0.0,0.0,0.6206122871144037,0.0,0.6206122871144037,4,45477.532103761216,1.0,1.0,0,0,0.007102546158489709,0.0,-1,0.0,0.0,0.0,6599.669999999998,6599.82,0.0,1.0,0.0,0.56,0.56,0,0.56,0.0,0.01,0.0
190,Ampara,PF,50,522311,helped,a,2,2.0,10.325829702871776,0.5813953488372093,21500.0,9000.0,3.484699366058599e-07,52153.133146515145,79292.45450376935,179465.71174474113,1.1150000000000009,13797,0,13797.0,2.7887813662567396e-05,0.0,1.1150000000000009,19825.310721995913,0.0,19825.310721995913,1,45477.532103761216,1.0,1.0,0,0,0.007102546158489709,0.005021031839721385,-1,0.0,0.0,11618.32,5071.159999999999,6599.82,4956.0,1.243,122574.00058750375,3821.52,3821.52,0,17057.26,4956.0,229.66,4956.0
191,Ampara,PF,50,522311,not_helped,na,2,2.0,979.798499097128,0.5813953488372093,21500.0,9000.0,3.484699366058599e-07,52153.133146515145,79292.45450376935,179465.71174474113,0.0,0,0,0.0,2.7887813662567396e-05,0.0,0.0,0.668313226245935,0.0,0.668313226245935,4,45477.532103761216,1.0,1.0,0,0,0.007102546158489709,0.0,-1,0.0,0.0,0.0,6599.669999999998,6599.82,0.0,1.0,0.0,0.6,0.6,0,0.6,0.0,0.01,0.0
192,Ampara,PF,100,522311,helped,a,2,2.0,11.091550744264918,0.5813953488372093,21500.0,9000.0,3.484699366058599e-07,52153.133146515145,79292.45450376935,179465.71174474113,0.6450000000000004,30230,0,30230.0,2.9592626489390812e-05,0.0,0.6450000000000004,29229.51218834705,0.0,29229.51218834705,1,45477.532103761216,1.0,1.0,0,0,0.007102546158489709,0.016034224705370182,-1,0.0,0.0,27369.050000000003,5033.810000000001,6599.83,14322.0,1.106,307361.4010550559,8920.37,8920.37,0,26794.16,14322.0,237.12,14322.0
193,Ampara,PF,100,522311,not_helped,na,2,2.0,979.032778055735,0.5813953488372093,21500.0,9000.0,3.484699366058599e-07,52153.133146515145,79292.45450376935,179465.71174474113,0.0,0,0,0.0,2.9592626489390812e-05,0.0,0.0,0.709961985755464,0.0,0.709961985755464,4,45477.532103761216,1.0,1.0,0,0,0.007102546158489709,0.0,-1,0.0,0.0,0.0,6599.669999999998,6599.83,0.0,1.0,0.0,0.64,0.64,0,0.64,0.0,0.01,0.0
194,Ampara,PF,250,522311,helped,a,2,2.0,11.83935065490205,0.5813953488372093,21500.0,9000.0,3.484699366058599e-07,52153.133146515145,79292.45450376935,179465.71174474113,0.7950000000000005,22930,0,22930.0,3.1915941674059444e-05,0.0,0.7950000000000005,25610.83862464083,0.0,25610.83862464083,1,45477.532103761216,1.0,1.0,0,0,0.007102546158489709,0.011268847364825193,-1,0.0,0.0,20285.430000000004,5018.04,6599.83,10500.0,1.122,243873.45643253266,6630.96,6630.96,0,23006.81,10500.0,237.6,10500.0
195,Ampara,PF,250,522311,not_helped,na,2,2.0,978.2849781450977,0.5813953488372093,21500.0,9000.0,3.484699366058599e-07,52153.133146515145,79292.45450376935,179465.71174474113,0.0,0,0,0.0,3.1915941674059444e-05,0.0,0.0,0.765185988349038,0.0,0.765185988349038,4,45477.532103761216,1.0,1.0,0,0,0.007102546158489709,0.0,-1,0.0,0.0,0.0,6599.669999999998,6599.83,0.0,1.0,0.0,0.69,0.69,0,0.69,0.0,0.01,0.0
196,Ampara,PF,500,522311,helped,a,2,2.0,13.264895146857368,0.5813953488372093,21500.0,9000.0,3.484699366058599e-07,52153.133146515145,79292.45450376935,179465.71174474113,1.2150000000000007,12551,0,12551.0,3.596164395604517e-05,0.0,1.2150000000000007,19290.250703520378,0.0,19290.250703520378,1,45477.532103761216,1.0,1.0,0,0,0.007102546158489709,0.004067257111483881,-1,0.0,0.0,10407.4,5027.79,6599.84,4051.0,1.284,141323.13170300666,3430.06,3430.06,0,16374.57,4051.0,233.78,4051.0
197,Ampara,PF,500,522311,not_helped,na,2,2.0,976.8594336531424,0.5813953488372093,21500.0,9000.0,3.484699366058599e-07,52153.133146515145,79292.45450376935,179465.71174474113,0.0,0,0,0.0,3.596164395604517e-05,0.0,0.0,0.8615919404669704,0.0,0.8615919404669704,4,45477.532103761216,1.0,1.0,0,0,0.007102546158489709,0.0,-1,0.0,0.0,0.0,6599.599999999997,6599.84,0.0,1.0,0.0,0.77,0.77,0,0.77,0.0,0.01,0.0
198,Ampara,PF,1000,522311,helped,a,2,2.0,14.084379580518537,0.5813953488372093,21500.0,9000.0,3.484699366058599e-07,52153.133146515145,79292.45450376935,179465.71174474113,1.0350000000000006,16256,0,16256.0,3.7461068609544864e-05,0.0,1.0350000000000006,22058.350586298984,0.0,22058.350586298984,1,45477.532103761216,1.0,1.0,0,0,0.007102546158489709,0.006818784130718443,-1,0.0,0.0,13858.86,4992.300000000001,6599.85,6618.0,1.163,199125.09935316688,4551.56,4551.56,0,19184.4,6618.0,238.47,6618.0
199,Ampara,PF,1000,522311,not_helped,na,2,2.0,976.0399492194813,0.5813953488372093,21500.0,9000.0,3.484699366058599e-07,52153.133146515145,79292.45450376935,179465.71174474113,0.0,0,0,0.0,3.7461068609544864e-05,0.0,0.0,0.8986447928882382,0.0,0.8986447928882382,4,45477.532103761216,1.0,1.0,0,0,0.007102546158489709,0.0,-1,0.0,0.0,0.0,6599.5899999999965,6599.85,0.0,1.0,0.0,0.81,0.81,0,0.81,0.0,0.02,0.0
