,district,hazard,rp,hhid,helped_cat,affected_cat,pov_line,ispoor,has_ew,pcwgt,pcwgt_ae,pcsoc,c,dk_private,dk_public,dk0,pc_fee_BE,pc_fee,scale_fac_soc,di0_prv,di0_pub,di0,dc0_prv,dc0_pub,dc0,hh_reco_rate,welf_class,c_min,macro_multiplier,dc_npv_pre,help_received,dc_post_reco,dw,const,integ,t_start_prv_reco,t_pov_inc,t_pov_cons,t_pov_bool,dk_prv_t,sav_f,sav_i,sav_offset_to,di_prv_t,di_pub_t,di_t,dc_t,dc_net,sav_delta
0,Ampara,PF,5.0,52101051011,helped,a,43493.30859375,1.0,1,5.065581348701985,5.065581348701985,0.0,42252.66402108329,8728.230501455053,0.0,8728.230501455053,0.0,0.0,2.165880171765123e-05,2867.636481566476,0.0,2867.636481566476,5905.865192958292,0.0,5905.865192958292,0.34809217181939955,2,36346.798828125,1.68112260362596,9928.483469849978,0.0,0,0.0,0.00972977836352264,0.0781550262083386,-1.0,7.726396917148325,7.726396917148325,False,592.7778174701466,0.0995593271483024,3521.055335090274,0.0,196.0661571813008,0.0,196.0661571813008,403.79605318090984,403.79605318090984,0.0
1,Ampara,PF,5.0,52101051021,helped,a,43493.30859375,0.0,1,7.09181388818278,7.09181388818278,0.0,93914.60573751283,33840.22315781482,0.0,33840.22315781482,0.0,0.0,2.165880171765123e-05,11118.11362629837,0.0,11118.11362629837,57567.80690938783,0.0,57567.80690938783,1.372617818342096,1,36346.798828125,1.1940229969432277,68737.2853333963,0.0,0,0.0,0.006526245786778746,0.20641271971087738,-1.0,0.0,0.0,True,0.8386308378854123,0.09810734318587677,7826.217144792736,0.0,0.28291414334863885,0.0,0.28291414334863885,1.4648840013386126,1.4648840013386126,0.0
2,Ampara,PF,5.0,52101051041,helped,a,43493.30859375,0.0,1,3.0393488092211913,3.0393488092211913,0.0,189890.06322699296,41894.28352326462,0.0,41894.28352326462,0.0,0.0,2.165880171765123e-05,13764.253336386479,0.0,13764.253336386479,153543.26439886796,0.0,153543.26439886796,3.3364697831593135,1,36346.798828125,1.0818381497068552,166108.96105722178,0.0,0,0.0,0.004589642686662065,0.09300363879688538,-1.0,0.0,0.0,True,2.6700854332562743e-07,0.09583718042406009,15824.171935582746,0.0,9.354968364097268e-08,0.0,9.354968364097268e-08,1.0435672359898074e-06,1.0435672359898074e-06,0.0
3,Ampara,PF,5.0,52101051051,helped,a,43493.30859375,0.0,1,4.052465078961589,4.052465078961589,0.0,185510.6888011759,38052.431410037076,0.0,38052.431410037076,0.0,0.0,2.165880171765123e-05,12502.023234324217,0.0,12502.023234324217,149163.8899730509,0.0,149163.8899730509,3.591409580799597,1,36346.798828125,1.076124246387099,160518.87868541753,0.0,0,0.0,0.004643500821149795,0.08146485309084689,-1.0,0.0,0.0,True,3.382939791560131e-08,0.0960163286749367,15459.224066764657,0.0,1.1910904627272005e-08,0.0,1.1910904627272005e-08,1.42111147452042e-07,1.42111147452042e-07,0.0
4,Ampara,PF,5.0,52101051061,helped,a,43493.30859375,0.0,1,6.078697618442383,6.078697618442383,0.0,119899.00962193316,30138.832405738875,0.0,30138.832405738875,0.0,0.0,2.165880171765123e-05,9902.031723853619,0.0,9902.031723853619,83552.21079380816,0.0,83552.21079380816,2.4436971571576365,1,36346.798828125,1.1110201374772346,92828.18872266363,0.0,0,0.0,0.005775933677332381,0.11528016526570758,-1.0,0.0,0.0,True,0.0001902056982395205,0.09892885936062168,9991.584135161096,0.0,6.550433605745823e-05,0.0,6.550433605745823e-05,0.0005527180932976484,0.0005527180932976484,0.0
5,Ampara,PF,5.0,52101051081,helped,a,43493.30859375,0.0,1,7.09181388818278,7.09181388818278,0.0,111920.58600889788,44302.535711352044,0.0,44302.535711352044,0.0,0.0,2.165880171765123e-05,14555.478067472639,0.0,14555.478067472639,75573.7871807729,0.0,75573.7871807729,1.377309631007531,1,36346.798828125,1.1933896472913466,90188.97522813386,0.0,0,0.0,0.005978262876591123,0.23872883485251242,-1.0,0.0,0.0,True,1.0588212985933587,0.09742931655948972,9326.71550074149,0.0,0.35722822064752147,0.0,0.35722822064752147,1.8547717496488692,1.8547717496488692,0.0
6,Ampara,PF,5.0,52101051091,helped,a,43493.30859375,0.0,1,6.078697618442383,6.078697618442383,0.0,93183.89750288204,19497.64583723347,0.0,19497.64583723347,0.0,0.0,2.165880171765123e-05,6405.8987097318895,0.0,6405.8987097318895,56837.09867475705,0.0,56837.09867475705,2.5865276447231262,1,36346.798828125,1.105028490121093,62806.61333143036,0.0,0,0.0,0.006551783832808397,0.08365221121408095,-1.0,0.0,0.0,True,4.081380363687905e-05,0.09617163829812592,7765.324791906837,0.0,1.4094471271427531e-05,0.0,1.4094471271427531e-05,0.00012505487375341027,0.00012505487375341027,0.0
7,Ampara,PF,5.0,52101051101,helped,a,43493.30859375,0.0,1,5.065581348701985,5.065581348701985,0.0,107344.88809052588,43908.954599984434,0.0,43908.954599984434,0.0,0.0,2.165880171765123e-05,14426.168059765454,0.0,14426.168059765454,70998.08926240088,0.0,70998.08926240088,1.288391439013114,1,36346.798828125,1.2061425151085512,85633.81395085363,0.0,0,0.0,0.006104348389754694,0.2514216713328255,-1.0,0.0,0.0,True,2.0860032467227794,0.09877499296468883,8945.407340877156,0.0,0.7025771358844575,0.0,0.7025771358844575,3.457718917497324,3.457718917497324,0.0
8,Ampara,PF,5.0,52101053011,helped,a,43493.30859375,0.0,1,1.8010988102314913,1.8010988102314913,22499.999450683594,205349.94354133017,68852.22914496087,0.0,68852.22914496087,0.0,0.0,2.165880171765123e-05,22621.700649181385,0.0,22621.700649181385,169003.14471320517,0.0,169003.14471320517,2.1260233093664054,1,36346.798828125,1.12715363161867,190492.50831846485,0.0,0,0.0,0.004413495638762264,0.18577721843196074,-1.0,0.0,0.0,True,0.00505801045958053,0.09762425596975266,17112.495295110846,0.0,0.0019528036664455066,0.0,0.0019528036664455066,0.013155901140458502,0.013155901140458502,0.0
9,Ampara,PF,5.0,52101053021,helped,a,43493.30859375,0.0,1,3.6021976204629826,3.6021976204629826,0.0,173356.15172921692,70268.07795614684,0.0,70268.07795614684,0.0,0.0,2.165880171765123e-05,23086.38661673885,0.0,23086.38661673885,137009.35290109192,0.0,137009.35290109192,1.6212620239228763,1,36346.798828125,1.165328663012585,159660.92603644886,0.0,0,0.0,0.004803528445287456,0.24948750477892045,-1.0,0.0,0.0,True,0.2550129343974153,0.09826065273230444,14446.345977434743,0.0,0.08644237124952334,0.0,0.08644237124952334,0.5130042022057295,0.5130042022057295,0.0
10,Ampara,PF,5.0,52101053031,helped,a,43493.30859375,0.0,1,3.6021976204629826,3.6021976204629826,0.0,187466.7401595469,68686.2900977627,0.0,68686.2900977627,0.0,0.0,2.165880171765123e-05,22566.694501819904,0.0,22566.694501819904,151119.9413314219,0.0,151119.9413314219,1.8715998002895389,1,36346.798828125,1.1439018592502117,172866.38185879643,0.0,0,0.0,0.004619211863019197,0.21339215425699395,-1.0,0.0,0.0,True,0.03602947121063569,0.09769799780152866,15622.228346628908,0.0,0.012272051102483491,0.0,0.012272051102483491,0.08218091676979787,0.08218091676979787,0.0
11,Ampara,PF,5.0,52101053041,helped,a,43493.30859375,0.0,1,3.6021976204629826,3.6021976204629826,0.0,98597.30716633184,24030.50942357876,0.0,24030.50942357876,0.0,0.0,2.165880171765123e-05,7895.1587589481705,0.0,7895.1587589481705,62250.50833820684,0.0,62250.50833820684,2.2619308072564266,1,36346.798828125,1.1197110618974206,69702.58279502782,0.0,0,0.0,0.006369384529710047,0.10917574785197891,-1.0,0.0,0.0,True,0.0006177073922221941,0.09732722717758335,8216.442263860987,0.0,0.0002119865563238911,0.0,0.0002119865563238911,0.0016714383199795471,0.0016714383199795471,0.0
12,Ampara,PF,5.0,52101053051,helped,a,43493.30859375,0.0,1,4.502747025578729,4.502747025578729,0.0,102961.1308684206,20727.092651286344,0.0,20727.092651286344,0.0,0.0,2.165880171765123e-05,6809.830129225903,0.0,6809.830129225903,66614.3320402956,0.0,66614.3320402956,2.8853299841528024,1,36346.798828125,1.094373399274294,72900.95299532481,0.0,0,0.0,0.006232945703484369,0.07791517184135653,-1.0,0.0,0.0,True,4.3124354350994335e-06,0.09662836102617955,8580.09423903505,0.0,1.497837415220548e-06,0.0,1.497837415220548e-06,1.465197178585448e-05,1.465197178585448e-05,0.0
13,Ampara,PF,5.0,52101053071,helped,a,43493.30859375,0.0,1,4.502747025578729,4.502747025578729,0.0,145297.51332983177,49772.446056316505,0.0,49772.446056316505,0.0,0.0,2.165880171765123e-05,16352.602290246436,0.0,16352.602290246436,108950.71450170677,0.0,108950.71450170677,1.8604292042767492,1,36346.798828125,1.1447388958520264,124720.12062097316,0.0,0,0.0,0.005246877259162607,0.19064334703272998,-1.0,0.0,0.0,True,0.028461651743159094,0.09683511844212767,12108.126110819314,0.0,0.009692278676101847,0.0,0.009692278676101847,0.06457569677095346,0.06457569677095346,0.0
14,Ampara,PF,5.0,52101053081,helped,a,43493.30859375,0.0,1,6.303845835810221,6.303845835810221,0.0,115447.63546244109,33435.27538656273,0.0,33435.27538656273,0.0,0.0,2.165880171765123e-05,10985.069133284816,0.0,10985.069133284816,79100.83663431609,0.0,79100.83663431609,2.037242604210948,1,36346.798828125,1.132536313171828,89584.56989063541,0.0,0,0.0,0.00588623334315135,0.14528226881354875,-1.0,0.0,0.0,True,0.004877228231993926,0.09961238806714778,9620.636288536758,0.0,0.001666550314312475,0.0,0.001666550314312475,0.012000427357882273,0.012000427357882273,0.0
15,Ampara,PF,5.0,52101053091,helped,a,43493.30859375,0.0,1,3.6021976204629826,3.6021976204629826,0.0,95714.04244082206,19153.28142504598,0.0,19153.28142504598,0.0,0.0,2.165880171765123e-05,6292.758715184607,0.0,6292.758715184607,59367.24361269706,0.0,59367.24361269706,2.7710387436854065,1,36346.798828125,1.0981833269533983,65196.11710264454,0.0,0,0.0,0.006464607566986865,0.07705727280876874,-1.0,0.0,0.0,True,9.63685379146733e-06,0.09909122134613568,7976.170203401838,0.0,3.339803843508586e-06,0.0,3.339803843508586e-06,3.150843014491451e-05,3.150843014491451e-05,0.0
16,Ampara,PF,5.0,52101053101,helped,a,43493.30859375,0.0,1,6.303845835810221,6.303845835810221,0.0,118301.56240584551,25179.916173950394,0.0,25179.916173950394,0.0,0.0,2.165880171765123e-05,8272.793232393275,0.0,8272.793232393275,81954.76357772051,0.0,81954.76357772051,2.926219842683754,1,36346.798828125,1.0930811585322517,89583.20791877153,0.0,0,0.0,0.005814799647956988,0.08636756894258298,-1.0,0.0,0.0,True,3.8197178745997996e-06,0.09905301170495129,9858.463533820459,0.0,1.3277475798651805e-06,0.0,1.3277475798651805e-06,1.3153385554550091e-05,1.3153385554550091e-05,0.0
17,Ampara,PF,5.0,52101054011,helped,a,43493.30859375,0.0,1,0.9005494051157459,0.9005494051157459,0.0,162408.5476928466,38202.68598891191,0.0,38202.68598891191,0.0,0.0,2.165880171765123e-05,12551.388969089361,0.0,12551.388969089361,126061.74886472161,0.0,126061.74886472161,2.971266468765519,1,36346.798828125,1.0916979109072524,137621.34788093128,0.0,0,0.0,0.004962786066982747,0.10358603807097382,-1.0,0.0,0.0,True,4.091810673871594e-06,0.09988426919093074,13534.04564107055,0.0,1.4235630550693063e-06,0.0,1.4235630550693063e-06,1.42977680624189e-05,1.42977680624189e-05,0.0
18,Ampara,PF,5.0,52101054021,helped,a,43493.30859375,0.0,1,6.303845835810221,6.303845835810221,0.0,135091.45733174606,51799.525211728585,0.0,51799.525211728585,0.0,0.0,2.165880171765123e-05,17018.59365425929,0.0,17018.59365425929,98744.65850362106,0.0,98744.65850362106,1.5777377208634558,1,36346.798828125,1.1697224158960289,115503.84050168398,0.0,0,0.0,0.005441467658575148,0.22739543454106775,-1.0,0.0,0.0,True,0.26313407123449906,0.09726389252360335,11257.621444312172,0.0,0.08912044388007129,0.0,0.08912044388007129,0.5170913634468453,0.5170913634468453,0.0
19,Ampara,PF,5.0,52101054031,helped,a,43493.30859375,0.0,1,1.8010988102314913,1.8010988102314913,0.0,193196.42599684995,101795.19444827395,0.0,101795.19444827395,0.0,0.0,2.165880171765123e-05,33444.53531553275,0.0,33444.53531553275,156849.62716872495,0.0,156849.62716872495,1.2122879918059302,1,36346.798828125,1.2184731793266825,191117.0638924811,0.0,0,0.0,0.004550199639156125,0.3764582624563457,-1.0,0.0,0.0,True,8.7067620735043,0.09956953437721694,16099.702166404162,0.0,2.9281875002302433,0.0,2.9281875002302433,13.73274029249039,13.73274029249039,0.0
20,Ampara,PF,5.0,52101054051,helped,a,43493.30859375,0.0,1,1.8010988102314913,1.8010988102314913,0.0,223170.11200002788,74422.21520893334,0.0,74422.21520893334,0.0,0.0,2.165880171765123e-05,24451.21715524709,0.0,24451.21715524709,186823.31317190288,0.0,186823.31317190288,2.1817691876116756,1,36346.798828125,1.1239917133864858,209987.85587262714,0.0,0,0.0,0.004233621031506153,0.1846144027157403,-1.0,0.0,0.0,True,0.0035539168086825474,0.09732605559254637,18597.509333335656,0.0,0.001217760810268028,0.0,0.001217760810268028,0.00930449015199035,0.00930449015199035,0.0
21,Ampara,PF,5.0,52101054061,helped,a,43493.30859375,0.0,1,6.303845835810221,6.303845835810221,0.0,106204.43527777874,31667.33210735016,0.0,31667.33210735016,0.0,0.0,2.165880171765123e-05,10404.216159252443,0.0,10404.216159252443,69857.63644965374,0.0,69857.63644965374,1.8774369779196471,1,36346.798828125,1.1434683067149192,79879.99326219199,0.0,0,0.0,0.00613703596878039,0.15210543830922332,-1.0,0.0,0.0,True,0.015878609614972027,0.09845546468458544,8850.369606481561,0.0,0.005409044859987119,0.0,0.005409044859987119,0.03631826593998777,0.03631826593998777,0.0
22,Ampara,PF,5.0,52101054071,helped,a,43493.30859375,0.0,1,4.502747025578729,4.502747025578729,0.0,70674.3889680465,33233.44095899958,0.0,33233.44095899958,0.0,0.0,2.165880171765123e-05,10918.756978991949,0.0,10918.756978991949,34327.59013992151,0.0,34327.59013992151,0.7043758481046023,1,36346.798828125,1.3636441461072486,46810.61734427287,0.0,0,0.0,0.007523136893750576,0.32565120708804274,-1.0,0.0,0.0,True,143.8864611664577,0.09994422537316439,5889.532414003876,0.0,47.91946650585372,0.0,47.91946650585372,150.6544938312667,150.6544938312667,0.0
23,Ampara,PF,5.0,52101054081,helped,a,43493.30859375,0.0,1,2.701648215347238,2.701648215347238,0.0,153146.89054520603,42819.64619438264,0.0,42819.64619438264,0.0,0.0,2.165880171765123e-05,14068.278734654257,0.0,14068.278734654257,116800.09171708103,0.0,116800.09171708103,2.399174727321866,1,36346.798828125,1.1130301151442428,130002.0195327208,0.0,0,0.0,0.005110647227408239,0.13808123295154287,-1.0,0.0,0.0,True,0.00038118569337064674,0.09981683363322524,12762.240878767168,0.0,0.00013116276347142103,0.0,0.00013116276347142103,0.001088962131919565,0.001088962131919565,0.0
24,Ampara,PF,5.0,52101054091,helped,a,43493.30859375,0.0,1,1.8010988102314913,1.8010988102314913,0.0,140822.95956858035,67278.30515517414,0.0,67278.30515517414,0.0,0.0,2.165880171765123e-05,22104.104863955716,0.0,22104.104863955716,104476.16074045535,0.0,104476.16074045535,1.2243479630842735,1,36346.798828125,1.2164217257148118,127087.07174396276,0.0,0,0.0,0.0053295833920314626,0.3208425303334147,-1.0,0.0,0.0,True,5.242480561519369,0.09891338321309462,11735.24663071503,0.0,1.7635182206527853,0.0,1.7635182206527853,8.335357356636694,8.335357356636694,0.0
25,Ampara,PF,5.0,52101054101,helped,a,43493.30859375,0.0,1,6.303845835810221,6.303845835810221,0.0,78970.67078033325,25943.261364631002,0.0,25943.261364631002,0.0,0.0,2.165880171765123e-05,8523.588226459839,0.0,8523.588226459839,42623.871952208254,0.0,42623.871952208254,1.3144177690873535,1,36346.798828125,1.202238947167843,51244.0789400398,0.0,0,0.0,0.007117001906923673,0.17991231256860302,-1.0,0.0,0.0,True,1.0079854936111718,0.09762481015354929,6580.8892316944375,0.0,0.3396652361925146,0.0,0.3396652361925146,1.698562524306679,1.698562524306679,0.0
26,Ampara,PF,5.0,52102059011,helped,a,43493.30859375,0.0,0,2.4314791742801813,2.4314791742801813,0.0,83271.65877734953,29159.24990346424,0.0,29159.24990346424,0.0,0.0,2.165880171765123e-05,9580.19254697136,0.0,9580.19254697136,46924.85994922453,0.0,46924.85994922453,1.2807142682300776,1,36346.798828125,1.20732292418723,56653.45913097399,0.0,0,0.0,0.006930768417372292,0.19843400754112195,-1.0,0.0,0.0,True,1.4699386842347584,0.09931104472459751,6939.30489811246,0.0,0.4950100425233282,0.0,0.4950100425233282,2.424614829501536,2.424614829501536,0.0
27,Ampara,PF,5.0,52102059021,helped,a,43493.30859375,0.0,0,1.6209861161867876,1.6209861161867876,1249.999969482422,70735.02741562157,42048.53072495516,0.0,42048.53072495516,0.0,0.0,2.165880171765123e-05,13814.95791006095,0.0,13814.95791006095,34388.228587496575,0.0,34388.228587496575,0.4892744246406142,1,36346.798828125,1.5060508738794265,51790.42171536469,0.0,0,0.0,0.007519911552857938,0.47739317760092964,-1.0,0.0,0.0,True,959.3455348704382,0.09973536633355096,5894.585617968464,0.0,318.17581785224706,0.0,318.17581785224706,792.0049703787492,792.0049703787492,0.0
28,Ampara,PF,5.0,52102059031,helped,a,43493.30859375,0.0,1,2.4314791742801813,2.4314791742801813,0.0,71505.18081684581,14132.434929845467,0.0,14132.434929845467,0.0,0.0,2.165880171765123e-05,4643.173203484162,0.0,4643.173203484162,35158.38198872081,0.0,35158.38198872081,2.1592322155889323,1,36346.798828125,1.125250886606852,39562.00050447047,0.0,0,0.0,0.00747930495358376,0.07633694906721156,-1.0,0.0,0.0,True,0.000803239726724368,0.09836459347249082,5958.765068070484,0.0,0.00027511313667372627,0.0,0.00027511313667372627,0.0020831729348437644,0.0020831729348437644,0.0
29,Ampara,PF,5.0,52102059041,helped,a,43493.30859375,0.0,1,4.0524652904669685,4.0524652904669685,0.0,81725.26410679494,31010.42108101259,0.0,31010.42108101259,0.0,0.0,2.165880171765123e-05,10188.389821490757,0.0,10188.389821490757,45378.465278669944,0.0,45378.465278669944,1.1347822515936672,1,36346.798828125,1.2326455738844817,55935.56437542314,0.0,0,0.0,0.006996032676754663,0.22586155953092882,-1.0,0.0,0.0,True,4.827363698485026,0.09831627154898293,6810.438675566245,0.0,1.6210770776945038,0.0,1.6210770776945038,7.2201781805639875,7.2201781805639875,0.0
30,Ampara,PF,5.0,52102059051,helped,a,43493.30859375,0.0,0,1.6209861161867876,1.6209861161867876,150.0,100858.7011452491,43873.99631249198,0.0,43873.99631249198,0.0,0.0,2.165880171765123e-05,14414.685857951734,0.0,14414.685857951734,64511.9023171241,0.0,64511.9023171241,1.14184302023357,1,36346.798828125,1.2312787925789028,79432.13719199668,0.0,0,0.0,0.006297574445849965,0.27714279444722795,-1.0,0.0,0.0,True,6.467209343886725,0.09826946695222816,8404.891762104091,0.0,2.172050623570659,0.0,2.172050623570659,9.720854798867956,9.720854798867956,0.0
31,Ampara,PF,5.0,52102059061,helped,a,43493.30859375,0.0,1,3.241972232373575,3.241972232373575,1249.999969482422,57804.29008980555,26078.509552231484,0.0,26078.509552231484,0.0,0.0,2.165880171765123e-05,8568.050725534036,0.0,8568.050725534036,21457.491261680552,0.0,21457.491261680552,0.494255260651719,1,36346.798828125,1.5015032284261278,32218.492403338776,0.0,0,0.0,0.00831859459825265,0.3305872854767694,-1.0,0.0,0.2697495183044316,True,572.5239354225968,0.09959925054831942,4817.024174150462,0.0,189.90108626610632,0.0,189.90108626610632,475.58174028358064,475.58174028358064,0.0
32,Ampara,PF,5.0,52102059071,helped,a,43493.30859375,0.0,1,2.4314791742801813,2.4314791742801813,0.0,94081.69105696894,51401.97645199169,0.0,51401.97645199169,0.0,0.0,2.165880171765123e-05,16887.98008643097,0.0,16887.98008643097,57734.892228843935,0.0,57734.892228843935,0.7946564502351983,1,36346.798828125,1.3252310358302546,76512.07103197897,0.0,0,0.0,0.006520448035778217,0.3979772978591206,-1.0,0.0,0.0,True,110.7860380271703,0.09991980972954018,7840.140921414078,0.0,36.9600486367643,0.0,36.9600486367643,126.35521914968002,126.35521914968002,0.0
33,Ampara,PF,5.0,52102059081,helped,a,43493.30859375,0.0,1,3.241972232373575,3.241972232373575,0.0,75890.76029783556,26077.259098076196,0.0,26077.259098076196,0.0,0.0,2.165880171765123e-05,8567.612818708016,0.0,8567.612818708016,39543.96146971056,0.0,39543.96146971056,1.1878682699934429,1,36346.798828125,1.222748513823869,48352.320117796924,0.0,0,0.0,0.007259981997559126,0.19424691895126767,-1.0,0.0,0.0,True,2.693596192503601,0.0997428704063168,6324.23002481963,0.0,0.9054622591327839,0.0,0.9054622591327839,4.179176328934915,4.179176328934915,0.0
34,Ampara,PF,5.0,52102059091,helped,a,43493.30859375,0.0,1,2.4314791742801813,2.4314791742801813,0.0,133528.55686287096,34048.67830299321,0.0,34048.67830299321,0.0,0.0,2.165880171765123e-05,11186.600999424474,0.0,11186.600999424474,97181.75803474596,0.0,97181.75803474596,2.525653309360959,1,36346.798828125,1.1075011880296124,107628.91247828749,0.0,0,0.0,0.0054732201605824605,0.11826106830516439,-1.0,0.0,0.0,True,0.00011407511206557071,0.09741781205816213,11127.37973857258,0.0,3.934805151050288e-05,0.0,3.934805151050288e-05,0.0003418297319470984,0.0003418297319470984,0.0
35,Ampara,PF,5.0,52102059101,helped,a,43493.30859375,0.0,1,4.862958348560363,4.862958348560363,0.0,79044.18222716647,33392.91170935506,0.0,33392.91170935506,0.0,0.0,2.165880171765123e-05,10971.150661925269,0.0,10971.150661925269,42697.38339904147,0.0,42697.38339904147,0.9500888396092775,1,36346.798828125,1.2751845102026103,54447.04193663976,0.0,0,0.0,0.007113691715146475,0.2688571211783211,-1.0,0.0,0.0,True,21.657145599892115,0.09951626292297178,6587.015185597206,0.0,7.246851519985442,0.0,7.246851519985442,28.203203776844873,28.203203776844873,0.0
36,Ampara,PF,5.0,52102060011,helped,a,43493.30859375,0.0,1,1.8010988102314913,1.8010988102314913,0.0,105491.44572760709,28151.510808952877,0.0,28151.510808952877,0.0,0.0,2.165880171765123e-05,9249.102598001773,0.0,9249.102598001773,69144.64689948209,0.0,69144.64689948209,2.127613850210556,1,36346.798828125,1.1270611824670285,77930.24749579544,0.0,0,0.0,0.006157740367626415,0.12708358893259272,-1.0,0.0,0.0,True,0.002042802190116645,0.09800952305201704,8790.953810633924,0.0,0.0006992426079999437,0.0,0.0006992426079999437,0.005227413439837356,0.005227413439837356,0.0
37,Ampara,PF,5.0,52102060021,helped,a,43493.30859375,0.0,1,2.701648215347238,2.701648215347238,0.0,76291.96779815528,23026.284153207005,0.0,23026.284153207005,0.0,0.0,2.165880171765123e-05,7565.223267378725,0.0,7565.223267378725,39945.16897003028,0.0,39945.16897003028,1.40621671682714,1,36346.798828125,1.1895768881905144,47517.849801612916,0.0,0,0.0,0.007240867280425336,0.15746020283388978,-1.0,0.0,0.0,True,0.44016885072270534,0.09779084093239465,6357.6639831796065,0.0,0.14858818890638945,0.0,0.14858818890638945,0.7845611561009562,0.7845611561009562,0.0
38,Ampara,PF,5.0,52102060031,helped,a,43493.30859375,0.0,1,4.502747025578729,4.502747025578729,0.0,61854.626670224374,17785.110777387992,0.0,17785.110777387992,0.0,0.0,2.165880171765123e-05,5843.249956040538,0.0,5843.249956040538,25507.827842099374,0.0,25507.827842099374,1.1056764353169168,1,36346.798828125,1.2384545094740906,31590.28441793673,0.0,0,0.0,0.008041626547917019,0.15145020750734087,-1.0,0.0,0.0,True,3.466765101933495,0.09884371101178147,5154.552222518698,0.0,1.1635217494606342,0.0,1.1635217494606342,5.079179001250694,5.079179001250694,0.0
39,Ampara,PF,5.0,52102060041,helped,a,43493.30859375,0.0,1,4.502747025578729,4.502747025578729,0.0,60139.95723148843,24228.97944833715,0.0,24228.97944833715,0.0,0.0,2.165880171765123e-05,7960.3655478155915,0.0,7960.3655478155915,23793.158403363428,0.0,23793.158403363428,0.6534651155781326,1,36346.798828125,1.3895927026001347,33062.79928912289,0.0,0,0.0,0.008155459553498208,0.2679445190586336,-1.0,0.0,0.0,True,155.45772646267423,0.09965440438964279,5011.663102624036,0.0,51.7223606848519,0.0,51.7223606848519,154.59570460407792,154.59570460407792,0.0
40,Ampara,PF,5.0,52102060051,helped,a,43493.30859375,0.0,1,4.502747025578729,4.502747025578729,0.0,73982.6970432079,30920.249001088145,0.0,30920.249001088145,0.0,0.0,2.165880171765123e-05,10158.764028958472,0.0,10158.764028958472,37635.898215082896,0.0,37635.898215082896,0.8886453076479898,1,36346.798828125,1.293008145771743,48663.52296553839,0.0,0,0.0,0.007353005924870206,0.26678494204396297,-1.0,0.0,0.0,True,32.23781654437108,0.09962997006896046,6165.224753600658,0.0,10.774561701985748,0.0,10.774561701985748,39.91728780904078,39.91728780904078,0.0
41,Ampara,PF,5.0,52102060061,helped,a,43493.30859375,0.0,1,6.303845835810221,6.303845835810221,0.0,48480.07555637554,12927.419840379276,0.0,12927.419840379276,0.0,0.0,2.165880171765123e-05,4247.268760903815,0.0,4247.268760903815,12133.276728250537,0.0,12133.276728250537,0.6100218036328088,1,36346.798828125,1.4148533690723484,17166.80745685239,0.0,0,0.0,0.009083398165646546,0.08493588549345256,-1.0,0.0,0.21194605009633913,True,116.02843850247744,0.09952484712825793,4040.0062963646283,0.0,38.571536953182814,0.0,38.571536953182814,110.1882546249131,110.1882546249131,0.0
42,Ampara,PF,5.0,52102060071,helped,a,43493.30859375,0.0,1,2.701648215347238,2.701648215347238,0.0,122011.01352844006,60933.6699609925,0.0,60933.6699609925,0.0,0.0,2.165880171765123e-05,20019.59216209332,0.0,20019.59216209332,85664.21470031506,0.0,85664.21470031506,1.0773127989869151,1,36346.798828125,1.2444013668329428,106600.66586174273,0.0,0,0.0,0.005725724904569222,0.3433241162082634,-1.0,0.0,0.0,True,14.787687146479897,0.09887639117205005,10167.584460703338,0.0,4.9603577456901276,0.0,4.9603577456901276,21.225464908408917,21.225464908408917,0.0
43,Ampara,PF,5.0,52102060091,helped,a,43493.30859375,0.0,1,2.701648215347238,2.701648215347238,0.0,113963.84798217926,32908.770129577875,0.0,32908.770129577875,0.0,0.0,2.165880171765123e-05,10812.087257701372,0.0,10812.087257701372,77617.04915405426,0.0,77617.04915405426,2.0300048173574754,1,36346.798828125,1.1329952927766194,87939.75133075495,0.0,0,0.0,0.005924428238197458,0.14458368724111537,-1.0,0.0,0.0,True,0.005076524058169903,0.0993906941524596,9496.987331848271,0.0,0.0017344078653125804,0.0,0.0017344078653125804,0.012450844811602519,0.012450844811602519,0.0
44,Ampara,PF,5.0,52102060101,helped,a,43493.30859375,0.0,1,2.701648215347238,2.701648215347238,8333.332763671875,48268.013840785854,19819.579621851422,0.0,19819.579621851422,0.0,0.0,2.165880171765123e-05,6511.849672370362,0.0,6511.849672370362,11921.215012660854,0.0,11921.215012660854,0.2997203296689905,1,36346.798828125,1.8348916821724006,21874.13826812015,0.0,0,0.0,0.009103329894581746,0.2162491502538605,-1.0,1.0597302504816943,1.9460500963391103,True,1961.1618879408263,0.09958551707616436,4022.3344867321543,0.0,648.0662758281597,0.0,648.0662758281597,1239.2707048449306,1239.2707048449306,0.0
45,Ampara,PF,5.0,52103067011,helped,a,43493.30859375,0.0,1,3.6021976204629826,3.6021976204629826,0.0,102753.42851170579,42271.72769944503,0.0,42271.72769944503,0.0,0.0,2.165880171765123e-05,13888.261597761944,0.0,13888.261597761944,66406.62968358079,0.0,66406.62968358079,1.242399375280522,1,36346.798828125,1.213422094531589,80579.2716814342,0.0,0,0.0,0.006239242057664133,0.2538115227217662,-1.0,0.0,0.0,True,2.865099452954952,0.09963904891463216,8562.785709308815,0.0,0.964126181623521,0.0,0.964126181623521,4.6099628712088245,4.6099628712088245,0.0
46,Ampara,PF,5.0,52103067021,helped,a,43493.30859375,0.0,1,2.701648215347238,2.701648215347238,0.0,102512.07002948405,44849.46421442788,0.0,44849.46421442788,0.0,0.0,2.165880171765123e-05,14735.169945221209,0.0,14735.169945221209,66165.27120135906,0.0,66165.27120135906,1.1467272164110494,1,36346.798828125,1.2303426978432546,81405.95827341071,0.0,0,0.0,0.0062465826988716685,0.27955430811749415,-1.0,0.0,0.0,True,6.366165280697783,0.09910463834192207,8542.672502457004,0.0,2.138314144419322,0.0,2.138314144419322,9.601662946893317,9.601662946893317,0.0
47,Ampara,PF,5.0,52103067031,helped,a,43493.30859375,0.0,1,1.8010988102314913,1.8010988102314913,0.0,117625.39303197702,47873.86106265005,0.0,47873.86106265005,0.0,0.0,2.165880171765123e-05,15728.827334912137,0.0,15728.827334912137,81278.59420385203,0.0,81278.59420385203,1.3692183043928352,1,36346.798828125,1.1944844966893187,97086.02068920356,0.0,0,0.0,0.00583148888081493,0.24937116457489023,-1.0,0.0,0.0,True,1.2179886496743928,0.09927949098012334,9802.116085998085,0.0,0.41086450650598577,0.0,0.41086450650598577,2.1231391753498756,2.1231391753498756,0.0
48,Ampara,PF,5.0,52103067041,helped,a,43493.30859375,0.0,0,1.8010988102314913,1.8010988102314913,2499.999938964844,73981.20290810967,33957.44677282913,0.0,33957.44677282913,0.0,0.0,2.165880171765123e-05,11156.681274389575,0.0,11156.681274389575,37634.40407998467,0.0,37634.40407998467,0.779732439329953,1,36346.798828125,1.3310111525652089,50091.81155060519,0.0,0,0.0,0.007353080175682087,0.31009383196608886,-1.0,0.0,0.0,True,82.13310301538507,0.09963572830929657,6165.1002423424725,0.0,27.39310367542305,0.0,27.39310367542305,92.40436074382544,92.40436074382544,0.0
49,Ampara,PF,5.0,52103067061,helped,a,43493.30859375,0.0,1,1.8010988102314913,1.8010988102314913,0.0,173242.29277537798,68068.46946053728,0.0,68068.46946053728,0.0,0.0,2.165880171765123e-05,22363.71120548316,0.0,22363.71120548316,136895.49394725298,0.0,136895.49394725298,1.6825967095994376,1,36346.798828125,1.1595095417418158,158731.63145329882,0.0,0,0.0,0.004805106682568002,0.23760573255697262,-1.0,0.0,0.0,True,0.15379409011162892,0.09849137878616077,14436.857731281498,0.0,0.05219361205437796,0.0,0.05219361205437796,0.3194939443379833,0.3194939443379833,0.0
50,Ampara,PF,5.0,52103067071,helped,a,43493.30859375,0.0,1,3.6021976204629826,3.6021976204629826,0.0,112472.31443681991,35910.9830500391,0.0,35910.9830500391,0.0,0.0,2.165880171765123e-05,11798.456178035183,0.0,11798.456178035183,76125.51560869491,0.0,76125.51560869491,1.7912920774411851,1,36346.798828125,1.1501442187194972,87555.32167438131,0.0,0,0.0,0.005963581785685652,0.1697603066594942,-1.0,0.0,0.0,True,0.03503403986269726,0.09661874275552673,9372.692869734992,0.0,0.011914545467132507,0.0,0.011914545467132507,0.0768745421640194,0.0768745421640194,0.0
51,Ampara,PF,5.0,52103067081,helped,a,43493.30859375,0.0,1,2.701648215347238,2.701648215347238,0.0,130928.62116746003,26745.3275196845,0.0,26745.3275196845,0.0,0.0,2.165880171765123e-05,8787.104888454242,0.0,8787.104888454242,94581.82233933503,0.0,94581.82233933503,3.2078394772969627,1,36346.798828125,1.0850595032345105,102626.9051625336,0.0,0,0.0,0.005527295692134975,0.08026044329284043,-1.0,0.0,0.0,True,4.605124327757838e-07,0.09482749459898576,10910.71843062167,0.0,1.6094673045028673e-07,0.0,1.6094673045028673e-07,1.7323834481078684e-06,1.7323834481078684e-06,0.0
52,Ampara,PF,5.0,52103067091,helped,a,43493.30859375,0.0,1,5.403296430694476,5.403296430694476,0.0,98520.44416939592,41137.12233069831,0.0,41137.12233069831,0.0,0.0,2.165880171765123e-05,13515.490078144438,0.0,13515.490078144438,62173.64534127092,0.0,62173.64534127092,1.1828283678174458,1,36346.798828125,1.2236518008332349,76078.89308621304,0.0,0,0.0,0.006371868656419071,0.2600723055607704,-1.0,0.0,0.0,True,4.417901271763783,0.09861557012737698,8210.037014116328,0.0,1.4849495409883184,0.0,1.4849495409883184,6.831030586185459,6.831030586185459,0.0
53,Ampara,PF,5.0,52103067101,helped,a,43493.30859375,0.0,1,3.6021976204629826,3.6021976204629826,0.0,112512.19319555954,24651.81379640831,0.0,24651.81379640831,0.0,0.0,2.165880171765123e-05,8099.286627178253,0.0,8099.286627178253,76165.39436743454,0.0,76165.39436743454,2.761099378017097,1,36346.798828125,1.098529248829361,83669.9134612499,0.0,0,0.0,0.005962524827726458,0.09089295509773161,-1.0,0.0,0.0,True,1.3393460888863207e-05,0.09910353355200252,9376.016099629962,0.0,4.640826498944108e-06,0.0,4.640826498944108e-06,4.364216217472793e-05,4.364216217472793e-05,0.0
54,Ampara,PF,5.0,52103068011,helped,a,43493.30859375,0.0,1,4.862958348560363,4.862958348560363,0.0,85913.1255691381,30759.28369015314,0.0,30759.28369015314,0.0,0.0,2.165880171765123e-05,10105.879312196355,0.0,10105.879312196355,49566.326741013094,0.0,49566.326741013094,1.282879270737019,1,36346.798828125,1.2069886762318158,59825.99509880905,0.0,0,0.0,0.00682339065026466,0.20516346845656716,-1.0,0.0,0.0,True,1.5248753877902221,0.09921527316099787,7159.427130761508,0.0,0.5135317050259895,0.0,0.5135317050259895,2.5187199942580505,2.5187199942580505,0.0
55,Ampara,PF,5.0,52103068021,helped,a,43493.30859375,0.0,1,4.0524652904669685,4.0524652904669685,0.0,95652.25555999498,20627.330401116596,0.0,20627.330401116596,0.0,0.0,2.165880171765123e-05,6777.053512244691,0.0,6777.053512244691,59305.456731869985,0.0,59305.456731869985,2.5465439394320186,1,36346.798828125,1.1066395998103034,65629.76690432386,0.0,0,0.0,0.00646669514690269,0.08829353869492976,-1.0,0.0,0.0,True,5.880774176565534e-05,0.09773350489998078,7971.021296666248,0.0,2.0292784376531024e-05,0.0,2.0292784376531024e-05,0.0001775805434673209,0.0001775805434673209,0.0
56,Ampara,PF,5.0,52103068031,helped,a,43493.30859375,0.0,1,4.0524652904669685,4.0524652904669685,0.0,81181.01221371742,21985.773524115524,0.0,21985.773524115524,0.0,0.0,2.165880171765123e-05,7223.366319519362,0.0,7223.366319519362,44834.21338559242,0.0,44834.21338559242,1.7106901890360537,1,36346.798828125,1.1569787895760133,51872.23393445541,0.0,0,0.0,0.007019444823970498,0.13109971317927163,-1.0,0.0,0.0,True,0.03998221544585418,0.09707508147562294,6765.0843511431185,0.0,0.013576244316872762,0.0,0.013576244316872762,0.08426545294162942,0.08426545294162942,0.0
57,Ampara,PF,5.0,52103068041,helped,a,43493.30859375,0.0,1,1.6209861161867876,1.6209861161867876,0.0,71568.52042630437,34191.943893351185,0.0,34191.943893351185,0.0,0.0,2.165880171765123e-05,11233.670520949505,0.0,11233.670520949505,35221.72159817937,0.0,35221.72159817937,0.7015702632190642,1,36346.798828125,1.3649837920589176,48077.07910992636,0.0,0,0.0,0.00747599455178319,0.33308149691292144,-1.0,0.0,0.0,True,151.28039232696042,0.0995774480547027,5964.043368858697,0.0,50.37919319942418,0.0,50.37919319942418,157.95744711418052,157.95744711418052,0.0
58,Ampara,PF,5.0,52103068051,helped,a,43493.30859375,0.0,1,3.241972232373575,3.241972232373575,0.0,57577.27530452685,16295.550107660116,0.0,16295.550107660116,0.0,0.0,2.165880171765123e-05,5353.858834059265,0.0,5353.858834059265,21230.476476401847,0.0,21230.476476401847,0.9742916033794646,1,36346.798828125,1.2687451021363678,26936.063045456216,0.0,0,0.0,0.008334977678081336,0.15149996553682518,-1.0,0.0,0.0,True,8.76602723812907,0.09998402843999088,4798.106275377238,0.0,2.934630921016072,0.0,2.934630921016072,11.637141483671687,11.637141483671687,0.0
59,Ampara,PF,5.0,52103068061,helped,a,43493.30859375,0.0,1,3.241972232373575,3.241972232373575,0.0,60476.37786207795,23304.149992490275,0.0,23304.149992490275,0.0,0.0,2.165880171765123e-05,7656.515335980368,0.0,7656.515335980368,24129.57903395295,0.0,24129.57903395295,0.7068725400102986,1,36346.798828125,1.3624602369844527,32875.59196893462,0.0,0,0.0,0.00813274414595051,0.24830354555476383,-1.0,0.0,0.0,True,98.96922280139232,0.09911405172595522,5039.698155173162,0.0,32.96196506979666,0.0,32.96196506979666,103.87993837463064,103.87993837463064,0.0
60,Ampara,PF,5.0,52103068071,helped,a,43493.30859375,0.0,1,4.862958348560363,4.862958348560363,0.0,52360.93327150443,11296.811768556367,0.0,11296.811768556367,0.0,0.0,2.165880171765123e-05,3711.536897140979,0.0,3711.536897140979,16014.13444337943,0.0,16014.13444337943,1.089032711023972,1,36346.798828125,1.2419085200292466,19888.090006126728,0.0,0,0.0,0.008740299331567137,0.047982342563600844,-1.0,0.0,0.0,True,2.504218824474321,0.0987191737431683,4363.411105958702,0.0,0.8402008033635745,0.0,0.8402008033635745,3.6252067532628405,3.6252067532628405,0.0
61,Ampara,PF,5.0,52103068081,helped,a,43493.30859375,0.0,1,3.241972232373575,3.241972232373575,0.0,74836.00638684063,21764.15365515255,0.0,21764.15365515255,0.0,0.0,2.165880171765123e-05,7150.553712064477,0.0,7150.553712064477,38489.20755871563,0.0,38489.20755871563,1.4399206301887089,1,36346.798828125,1.1853170074432744,45621.912322359865,0.0,0,0.0,0.0073109648177687924,0.14856740927466136,-1.0,0.0,0.0,True,0.32065844699424667,0.09910643353437187,6236.333865570053,0.0,0.10831527325475125,0.0,0.10831527325475125,0.5830274412241949,0.5830274412241949,0.0
62,Ampara,PF,5.0,52103068091,helped,a,43493.30859375,0.0,1,3.241972232373575,3.241972232373575,0.0,56740.753008174324,15730.72036624808,0.0,15730.72036624808,0.0,0.0,2.165880171765123e-05,5168.285552959861,0.0,5168.285552959861,20393.954180049324,0.0,20393.954180049324,0.9678939217404018,1,36346.798828125,1.2704177899197677,25908.842197143273,0.0,0,0.0,0.008396193679850276,0.07051236002136307,-1.0,0.0,0.0,True,8.890987983784843,0.09956667447134926,4728.396084014527,0.0,2.9760975443748716,0.0,2.9760975443748716,11.74362297388521,11.74362297388521,0.0
63,Ampara,PF,5.0,52103068101,helped,a,43493.30859375,0.0,1,2.4314791742801813,2.4314791742801813,0.0,44218.85499038566,11252.867519155501,0.0,11252.867519155501,0.0,0.0,2.165880171765123e-05,3697.0991330700176,0.0,3697.0991330700176,7872.056162260662,0.0,7872.056162260662,0.37101272383094436,1,36346.798828125,1.6449016170994206,12948.757911200022,0.0,0,0.0,0.009511001481271127,0.10305961955142658,-1.0,4.393063583815038,5.202312138728321,True,640.2038876769478,0.09937740435775311,3684.9045825321386,0.0,211.84625828178451,0.0,211.84625828178451,451.07409429245683,451.07409429245683,0.0
64,Ampara,PF,5.0,52104072011,helped,a,43493.30859375,0.0,1,1.6209861161867876,1.6209861161867876,0.0,605070.3868616446,251903.5746028593,0.0,251903.5746028593,0.0,0.0,2.165880171765123e-05,82762.23688727496,0.0,82762.23688727496,568723.5880335196,0.0,568723.5880335196,1.929156233342028,1,36346.798828125,1.1397380446693186,648195.9101826426,0.0,0,0.0,0.0025711478243455113,0.2679017025260677,-1.0,0.0,0.0,True,0.08470123291368677,0.09867877562010552,50422.53223847038,0.0,0.02888222359718925,0.0,0.02888222359718925,0.19847218311598613,0.19847218311598613,0.0
65,Ampara,PF,5.0,52104072021,helped,a,43493.30859375,0.0,1,3.241972232373575,3.241972232373575,0.0,488820.2543676173,250668.6712556407,0.0,250668.6712556407,0.0,0.0,2.165880171765123e-05,82356.51273859416,0.0,82356.51273859416,452473.4555394923,0.0,452473.4555394923,1.4765185491546327,1,36346.798828125,1.1809029918590515,534327.25738339,0.0,0,0.0,0.002860588572073875,0.369789108082826,-1.0,0.0,0.0,True,2.7835273238614002,0.09731056069471133,40735.021197301445,0.0,0.9409114460219179,0.0,0.9409114460219179,5.16944488275652,5.16944488275652,0.0
66,Ampara,PF,5.0,52104072031,helped,a,43493.30859375,0.0,1,4.862958348560363,4.862958348560363,4999.999877929688,388132.9627445792,348436.1982886356,0.0,348436.1982886356,0.0,0.0,2.165880171765123e-05,114477.87713205974,0.0,114477.87713205974,351786.1639164542,0.0,351786.1639164542,0.6810666858091889,1,36346.798828125,1.3750820377055404,483734.83511485305,0.0,0,0.0,0.0032102564850938565,0.9022766272569438,-1.0,0.0,0.0,True,1806.269369861269,0.23257567382749045,32344.413562048267,0.0,601.2838606599844,0.0,601.2838606599844,1847.7235197368077,1835.4933988460075,0.0030721275366758505
67,Ampara,PF,5.0,52104072041,helped,a,43493.30859375,0.0,1,2.4314791742801813,2.4314791742801813,8000.000244140625,288429.644044353,64709.93818036793,0.0,64709.93818036793,0.0,0.0,2.165880171765123e-05,21260.44812395316,0.0,21260.44812395316,252082.845216228,0.0,252082.845216228,3.5670316427887276,1,36346.798828125,1.0766358912643192,271401.43873181904,0.0,0,0.0,0.0037240032272112186,0.09661220662044692,-1.0,0.0,0.0,True,6.945184407824006e-08,0.0975004533189634,24035.803670362748,0.0,7.878746557089784e-05,0.0,7.878746557089784e-05,7.90528279425679e-05,7.90528279425679e-05,0.0
68,Ampara,PF,5.0,52104072051,helped,a,43493.30859375,0.0,0,0.8104930580933938,0.8104930580933938,6000.0,137484.2297309482,44591.85824491643,0.0,44591.85824491643,0.0,0.0,2.165880171765123e-05,14650.66415474802,0.0,14650.66415474802,101137.4309028232,0.0,101137.4309028232,1.939519234050643,1,36346.798828125,1.1390138178495572,115196.93130012044,0.0,0,0.0,0.005393908229972148,0.1745497065979265,-1.0,0.0,0.0,True,0.013840048009038042,0.0980757368008831,11457.019144245683,0.0,0.004779324507503572,0.0,0.004779324507503572,0.032644475973185386,0.032644475973185386,0.0
69,Ampara,PF,5.0,52104072061,helped,a,43493.30859375,0.0,1,0.8104930580933938,0.8104930580933938,6999.999755859375,398446.47928267147,129474.50708782922,0.0,129474.50708782922,0.0,0.0,2.165880171765123e-05,42538.650096036145,0.0,42538.650096036145,362099.68045454647,0.0,362099.68045454647,2.46813861312278,1,36346.798828125,1.1099468206158454,401911.38906653743,0.0,0,0.0,0.0031684364354063414,0.17944630261248617,-1.0,0.0,0.0,True,0.0006764992038310527,0.09797106110831244,33203.87327355595,0.0,0.00030200479547568617,0.0,0.00030200479547568617,0.002053020316989636,0.002053020316989636,0.0
70,Ampara,PF,5.0,52104072062,helped,a,43493.30859375,0.0,1,3.241972232373575,3.241972232373575,30000.0,317493.8412242044,63212.09856793568,0.0,63212.09856793568,0.0,0.0,2.165880171765123e-05,20768.81347141118,0.0,20768.81347141118,281147.0423960794,0.0,281147.0423960794,4.119120149837028,1,36346.798828125,1.0665117997624074,299846.63818372047,0.0,0,0.0,0.0035494604635498118,0.07784865797514745,-1.0,0.0,0.0,True,9.5271412388432e-10,0.09503065697518309,26457.820102017035,0.0,0.0002953616696097316,0.0,0.0002953616696097316,0.0002953659181084011,0.0002953659181084011,0.0
71,Ampara,PF,5.0,52104072071,helped,a,43493.30859375,0.0,1,1.6209861161867876,1.6209861161867876,0.0,335218.1037876554,127618.66045052325,0.0,127618.66045052325,0.0,0.0,2.165880171765123e-05,41928.7651002751,0.0,41928.7651002751,298871.3049595304,0.0,298871.3049595304,2.0133618308810717,1,36346.798828125,1.134062853115649,338938.84481680224,0.0,0,0.0,0.003454349397698688,0.23005879938988458,-1.0,0.0,0.0,True,0.022387986918809888,0.09840627192152684,27934.841982304617,0.0,0.007646462502299986,0.0,0.007646462502299986,0.05450454409809266,0.05450454409809266,0.0
72,Ampara,PF,5.0,52104072081,helped,a,43493.30859375,0.0,1,4.0524652904669685,4.0524652904669685,0.0,139548.878343871,65969.81244831327,0.0,65969.81244831327,0.0,0.0,2.165880171765123e-05,21674.203130559425,0.0,21674.203130559425,103202.07951574601,0.0,103202.07951574601,1.2358361098731774,1,36346.798828125,1.2145030536432617,125339.24071420824,0.0,0,0.0,0.00535385765943229,0.3155478282363941,-1.0,0.0,0.0,True,4.703901260347487,0.09824954742251002,11629.073195322584,0.0,1.5826958040106571,0.0,1.5826958040106571,7.536032454381152,7.536032454381152,0.0
73,Ampara,PF,5.0,52104072091,helped,a,43493.30859375,0.0,1,4.862958348560363,4.862958348560363,0.0,98173.79896725177,35480.34736553952,0.0,35480.34736553952,0.0,0.0,2.165880171765123e-05,11656.971990727174,0.0,11656.971990727174,61827.00013912677,0.0,61827.00013912677,1.4140230260859146,1,36346.798828125,1.1885729039980415,73485.89710084922,0.0,0,0.0,0.00638310806751584,0.20714014668935876,-1.0,0.0,0.0,True,0.6385413000383553,0.0985536998270291,8181.149913937647,0.0,0.21558537625371904,0.0,0.21558537625371904,1.1434356279002185,1.1434356279002185,0.0
74,Ampara,PF,5.0,52104072101,helped,a,43493.30859375,0.0,1,4.0524652904669685,4.0524652904669685,0.0,318447.18144782574,94262.41928828768,0.0,94262.41928828768,0.0,0.0,2.165880171765123e-05,30969.662447244802,0.0,30969.662447244802,282100.38261970074,0.0,282100.38261970074,2.6641658687372507,1,36346.798828125,1.1020351975549296,310884.5508906231,0.0,0,0.0,0.0035441434439726772,0.15400995333481154,-1.0,0.0,0.0,True,0.00010830436622854319,0.09858653081417046,26537.265120652144,0.0,3.7457376214609966e-05,0.0,3.7457376214609966e-05,0.00034119649124595525,0.00034119649124595525,0.0
75,Ampara,PF,5.0,52104075011,helped,a,43493.30859375,0.0,1,3.6021976204629826,3.6021976204629826,0.0,86542.68964664827,22754.300836979724,0.0,22754.300836979724,0.0,0.0,2.165880171765123e-05,7475.863885788062,0.0,7475.863885788062,50195.89081852327,0.0,50195.89081852327,1.8774484541976206,1,36346.798828125,1.1434674568950622,57397.36762083901,0.0,0,0.0,0.006798526605139847,0.12437596529542931,-1.0,0.0,0.0,True,0.011408432610786537,0.09796591349008832,7211.890803887356,0.0,0.0038862809096907123,0.0,0.0038862809096907123,0.026094018726557186,0.026094018726557186,0.0
76,Ampara,PF,5.0,52104075021,helped,a,43493.30859375,0.0,1,3.6021976204629826,3.6021976204629826,0.0,91524.962232987,27173.278039246718,0.0,27173.278039246718,0.0,0.0,2.165880171765123e-05,8927.706872097702,0.0,8927.706872097702,55178.163404862,0.0,55178.163404862,1.7020565743288008,1,36346.798828125,1.157747944440934,63882.405260004954,0.0,0,0.0,0.006610894347261547,0.15142276973819951,-1.0,0.0,0.0,True,0.05282475653724058,0.09689524942840144,7627.08018608225,0.0,0.017934036473538337,0.0,0.017934036473538337,0.11084225873705678,0.11084225873705678,0.0
77,Ampara,PF,5.0,52104075031,helped,a,43493.30859375,0.0,1,3.6021976204629826,3.6021976204629826,0.0,112328.2915320566,47196.17130773838,0.0,47196.17130773838,0.0,0.0,2.165880171765123e-05,15506.174202178696,0.0,15506.174202178696,75981.4927039316,0.0,75981.4927039316,1.2813606872351793,1,36346.798828125,1.207223012597705,91726.60652371084,0.0,0,0.0,0.005967403695672581,0.26209611582285386,-1.0,0.0,0.0,True,2.367339588925858,0.09795810863301835,9360.690961004717,0.0,0.7972247270037364,0.0,0.7972247270037364,3.9064648693110424,3.9064648693110424,0.0
78,Ampara,PF,5.0,52104075041,helped,a,43493.30859375,0.0,1,2.701648215347238,2.701648215347238,0.0,105059.57623133021,49127.314424056596,0.0,49127.314424056596,0.0,0.0,2.165880171765123e-05,16140.64604049196,0.0,16140.64604049196,68712.77740320521,0.0,68712.77740320521,1.070120196453682,1,36346.798828125,1.2459568490690134,85613.15562407806,0.0,0,0.0,0.006170383731441691,0.3100788691835127,-1.0,0.0,0.0,True,12.603783846615517,0.09816570960943594,8754.964685944184,0.0,4.227206900328616,0.0,4.227206900328616,17.995755935102586,17.995755935102586,0.0
79,Ampara,PF,5.0,52104075051,helped,a,43493.30859375,0.0,1,7.204395240925965,7.204395240925965,0.0,53600.81345084749,12844.849626986263,0.0,12844.849626986263,0.0,0.0,2.165880171765123e-05,4220.140541022699,0.0,4220.140541022699,17254.014622722494,0.0,17254.014622722494,1.0147159725650974,1,36346.798828125,1.2586365232160588,21716.53297626248,0.0,0,0.0,0.008638618704833699,0.053125259963609894,-1.0,0.0,0.0,True,5.056122274202533,0.09945740503403933,4466.734454237291,0.0,1.6939730979421415,0.0,1.6939730979421415,6.925796977204277,6.925796977204277,0.0
80,Ampara,PF,5.0,52104075071,helped,a,43493.30859375,0.0,1,3.6021976204629826,3.6021976204629826,0.0,70295.60521290696,18315.169807361126,0.0,18315.169807361126,0.0,0.0,2.165880171765123e-05,6017.399414110108,0.0,6017.399414110108,33948.80638478196,0.0,33948.80638478196,1.5250422062396507,1,36346.798828125,1.175364921826552,39902.236162554,0.0,0,0.0,0.007543378653956656,0.12472456991677675,-1.0,0.0,0.0,True,0.13979245030939166,0.09721148782521993,5857.96710107558,0.0,0.04729802666265677,0.0,0.04729802666265677,0.2668447678223887,0.2668447678223887,0.0
81,Ampara,PF,5.0,52104075081,helped,a,43493.30859375,0.0,1,3.6021976204629826,3.6021976204629826,0.0,91499.7670136834,33711.52508736705,0.0,33711.52508736705,0.0,0.0,2.165880171765123e-05,11075.830223968229,0.0,11075.830223968229,55152.968185558406,0.0,55152.968185558406,1.3074797965194254,1,36346.798828125,1.2032650159047913,66363.63714099239,0.0,0,0.0,0.006611804466892258,0.21403361200530974,-1.0,0.0,0.0,True,1.3819384390632232,0.09761797639817082,7624.9805844736175,0.0,0.46561553190536525,0.0,0.46561553190536525,2.3185691815956577,2.3185691815956577,0.0
82,Ampara,PF,5.0,52104075091,helped,a,43493.30859375,0.0,1,3.6021976204629826,3.6021976204629826,0.0,96167.64427858661,19426.87087855658,0.0,19426.87087855658,0.0,0.0,2.165880171765123e-05,6382.645788827774,0.0,6382.645788827774,59820.84545046161,0.0,59820.84545046161,2.750736338121186,1,36346.798828125,1.0988925210874823,65736.6796706424,0.0,0,0.0,0.006449343473240739,0.07841676525232988,-1.0,0.0,0.0,True,1.1434582072846587e-05,0.0980310188078164,8013.970356548884,0.0,3.961285073727596e-06,0.0,3.961285073727596e-06,3.712683266796166e-05,3.712683266796166e-05,0.0
83,Ampara,PF,5.0,52104075101,helped,a,43493.30859375,0.0,1,6.303845835810221,6.303845835810221,0.0,61103.83843174395,15466.066519194956,0.0,15466.066519194956,0.0,0.0,2.165880171765123e-05,5081.334248606712,0.0,5081.334248606712,24757.03960361895,0.0,24757.03960361895,1.2721854862445272,1,36346.798828125,1.2086502258574985,29922.601508477077,0.0,0,0.0,0.008090879801493745,0.12239748927289619,-1.0,0.0,0.0,True,0.8327628486845651,0.09912535867566419,5091.986535978663,0.0,0.2803914487008525,0.0,0.2803914487008525,1.366110131784084,1.366110131784084,0.0
84,Ampara,PF,5.0,52105079011,helped,a,43493.30859375,0.0,0,0.9005494051157459,0.9005494051157459,3000.0,121001.98601080448,35494.59752380098,0.0,35494.59752380098,0.0,0.0,2.165880171765123e-05,11661.718818017433,0.0,11661.718818017433,84655.18718267948,0.0,84655.18718267948,2.056466996582117,1,36346.798828125,1.1313324531107176,95773.16058392776,0.0,0,0.0,0.005749548561385856,0.1483685547966698,-1.0,0.0,0.0,True,0.004462953639400332,0.0980129793585931,10083.498834233707,0.0,0.0015550936783084507,0.0,0.0015550936783084507,0.011103973959694414,0.011103973959694414,0.0
85,Ampara,PF,5.0,52105079021,helped,a,43493.30859375,0.0,0,1.8010988102314913,1.8010988102314913,1500.0,71679.36767253355,24805.085114763166,0.0,24805.085114763166,0.0,0.0,2.165880171765123e-05,8149.67599172809,0.0,8149.67599172809,35332.56884440855,0.0,35332.56884440855,1.0958596887257648,1,36346.798828125,1.2404797098646374,43829.33474888425,0.0,0,0.0,0.0074702117577714056,0.19822926016204653,-1.0,0.0,0.0,True,5.216136717648312,0.0981732829602624,5973.280639377796,0.0,1.7503325707958988,0.0,1.7503325707958988,7.588465400673539,7.588465400673539,0.0
86,Ampara,PF,5.0,52105079031,helped,a,43493.30859375,0.0,0,0.9005494051157459,0.9005494051157459,1000.000030517578,118426.92912961752,66122.39179793386,0.0,66122.39179793386,0.0,0.0,2.165880171765123e-05,21724.354321256356,0.0,21724.354321256356,82080.13030149252,0.0,82080.13030149252,0.912788759436892,1,36346.798828125,1.2857360345630455,105533.38125025907,0.0,0,0.0,0.005811721060114054,0.4088265445212402,-1.0,0.0,0.0,True,57.208041144364614,0.09871559707722888,9868.91076080146,0.0,19.129046555670747,0.0,19.129046555670747,72.27442378511913,72.27442378511913,0.0
87,Ampara,PF,5.0,52105079041,helped,a,43493.30859375,0.0,1,4.502747025578729,4.502747025578729,0.0,74376.5569144563,17097.26698111481,0.0,17097.26698111481,0.0,0.0,2.165880171765123e-05,5617.260740530782,0.0,5617.260740530782,38029.758086331305,0.0,38029.758086331305,1.8957706738511195,1,36346.798828125,1.1421234126809294,43434.67708899088,0.0,0,0.0,0.007333511219318926,0.09988688843915987,-1.0,0.0,0.0,True,0.007440607457087807,0.09897956272596709,6198.046409538026,0.0,0.002535536808891967,0.0,0.002535536808891967,0.017165991737823186,0.017165991737823186,0.0
88,Ampara,PF,5.0,52105079051,helped,a,43493.30859375,0.0,1,3.6021976204629826,3.6021976204629826,0.0,101437.96853380528,29264.03539955346,0.0,29264.03539955346,0.0,0.0,2.165880171765123e-05,9614.619537788616,0.0,9614.619537788616,65091.16970568028,0.0,65091.16970568028,1.8957245441528607,1,36346.798828125,1.1421267649475673,74342.36708260172,0.0,0,0.0,0.0062795673698045045,0.14424393316459402,-1.0,0.0,0.0,True,0.012740037397370224,0.09795724664781247,8453.164044483774,0.0,0.004341420407223136,0.0,0.004341420407223136,0.029391504404266904,0.029391504404266904,0.0
89,Ampara,PF,5.0,52105079061,helped,a,43493.30859375,0.0,1,4.502747025578729,4.502747025578729,0.0,88562.66069045712,34522.515993269706,0.0,34522.515993269706,0.0,0.0,2.165880171765123e-05,11342.27908867195,0.0,11342.27908867195,52215.86186233212,0.0,52215.86186233212,1.1839688272323092,1,36346.798828125,1.2234467588769353,63883.32695743601,0.0,0,0.0,0.006720547699471256,0.23439303857486973,-1.0,0.0,0.0,True,3.6750029335259526,0.09902717279242879,7380.22172420476,0.0,1.2352729276168128,0.0,1.2352729276168128,5.686761897363115,5.686761897363115,0.0
90,Ampara,PF,5.0,52105079071,helped,a,43493.30859375,0.0,1,3.6021976204629826,3.6021976204629826,0.0,102760.33082992432,52346.0707701752,0.0,52346.0707701752,0.0,0.0,2.165880171765123e-05,17198.159716587543,0.0,17198.159716587543,66413.53200179932,0.0,66413.53200179932,0.9401922925846962,1,36346.798828125,1.2779073630638522,84870.34155217613,0.0,0,0.0,0.006239032512030306,0.3548100098123999,-1.0,0.0,0.0,True,36.64706435270131,0.09825447775563312,8563.360902493694,0.0,12.26039675014483,0.0,12.26039675014483,47.34554541525473,47.34554541525473,0.0
91,Ampara,PF,5.0,52105079091,helped,a,43493.30859375,0.0,1,4.502747025578729,4.502747025578729,0.0,97794.88630633907,29628.63372702496,0.0,29628.63372702496,0.0,0.0,2.165880171765123e-05,9734.4073303774,0.0,9734.4073303774,61448.087478214075,0.0,61448.087478214075,1.7453953707175986,1,36346.798828125,1.1539611805244188,70908.70756732767,0.0,0,0.0,0.006395461996676583,0.15619878443436977,-1.0,0.0,0.0,True,0.04120808173900619,0.09694908582159467,8149.5738588615895,0.0,0.014001855712654112,0.0,0.014001855712654112,0.08838619809996633,0.08838619809996633,0.0
92,Ampara,PF,5.0,52105079101,helped,a,43493.30859375,0.0,1,4.502747025578729,4.502747025578729,0.0,204269.3147260458,95066.40713213243,0.0,95066.40713213243,0.0,0.0,2.165880171765123e-05,31233.81047488463,0.0,31233.81047488463,167922.5158979208,0.0,167922.5158979208,1.4378234073057274,1,36346.798828125,1.1855764846731802,199084.98609573315,0.0,0,0.0,0.0044251544125620485,0.3107609846819701,-1.0,0.0,0.0,True,1.4235255940157165,0.09738011729572893,17022.44289383715,0.0,0.4808335306259512,0.0,0.4808335306259512,2.585108091621277,2.585108091621277,0.0
93,Ampara,PF,5.0,52105080021,helped,a,43493.30859375,0.0,1,3.0393488092211913,3.0393488092211913,0.0,156100.25071455978,59494.90835985676,0.0,59494.90835985676,0.0,0.0,2.165880171765123e-05,19546.890936454736,0.0,19546.890936454736,119753.45188643478,0.0,119753.45188643478,1.684288012410703,1,36346.798828125,1.159354877526702,138836.7485451974,0.0,0,0.0,0.005062070570393299,0.2259434195140675,-1.0,0.0,0.0,True,0.13267779385662629,0.09760185279681899,13008.354226213314,0.0,0.04502877169883804,0.0,0.04502877169883804,0.2758674442228243,0.2758674442228243,0.0
94,Ampara,PF,5.0,52105080031,helped,a,43493.30859375,0.0,1,2.0262325394807945,2.0262325394807945,0.0,257854.53057833834,57410.0843478854,0.0,57410.0843478854,0.0,0.0,2.165880171765123e-05,18861.927656282634,0.0,18861.927656282634,221507.73175021334,0.0,221507.73175021334,3.5297945717335426,1,36346.798828125,1.0774308381815767,238659.2610833322,0.0,0,0.0,0.003938606673433383,0.09513593888342106,-1.0,0.0,0.0,True,8.215824397176412e-08,0.09806737827865408,21487.87754819486,0.0,2.8892560953063256e-08,0.0,2.8892560953063256e-08,3.3930390137171913e-07,3.3930390137171913e-07,0.0
95,Ampara,PF,5.0,52105080041,helped,a,43493.30859375,0.0,1,7.09181388818278,7.09181388818278,0.0,117991.63777099803,30894.402945870246,0.0,30894.402945870246,0.0,0.0,2.165880171765123e-05,10150.272377548134,0.0,10150.272377548134,81644.83894287303,0.0,81644.83894287303,2.3141591922196967,1,36346.798828125,1.1170775757160265,91203.61875603003,0.0,0,0.0,0.005822431408274671,0.12335985040785523,-1.0,0.0,0.0,True,0.0005304514420532794,0.096026116966895,9832.636480916502,0.0,0.00018222510032839902,0.0,0.00018222510032839902,0.0014657477567370301,0.0014657477567370301,0.0
96,Ampara,PF,5.0,52105080051,helped,a,43493.30859375,0.0,0,2.0262325394807945,2.0262325394807945,49.999998092651346,57668.25934297946,20686.52623780601,0.0,20686.52623780601,0.0,0.0,2.165880171765123e-05,6796.503226934219,0.0,6796.503226934219,21321.460514854458,0.0,21321.460514854458,0.7021457890486662,1,36346.798828125,1.3647081786490762,29097.571545365223,0.0,0,0.0,0.00832839997581249,0.22573085001117013,-1.0,0.0,0.019267822736030827,True,91.12031727150647,0.09920924915225093,4805.6882785816215,0.0,30.345102744378302,0.0,30.345102744378302,95.19630190113082,95.19630190113082,0.0
97,Ampara,PF,5.0,52105080061,helped,a,43493.30859375,0.0,0,4.052465078961589,4.052465078961589,0.0,43978.161544766444,25177.174330845115,0.0,25177.174330845115,0.0,0.0,2.165880171765123e-05,8271.89240727023,0.0,8271.89240727023,8271.89240727023,0.0,8271.89240727023,0.0,3,36346.798828125,5.632680043150034,46592.92328151532,0.0,0,0.0,0.009536992927029751,0.4756565349401918,-1.0,7.726396917148325,5.761078998073208,True,25177.174330845115,0.0,3664.8467953972036,0.0,8271.89240727023,0.0,8271.89240727023,8271.89240727023,8271.89240727023,0.0
98,Ampara,PF,5.0,52105080071,helped,a,43493.30859375,0.0,1,9.118046427663575,9.118046427663575,0.0,49828.32154581401,11420.883788343268,0.0,11420.883788343268,0.0,0.0,2.165880171765123e-05,3752.300423061066,0.0,3752.300423061066,13481.522717689011,0.0,13481.522717689011,0.8518799836277191,1,36346.798828125,1.304821695376177,17590.98332874742,0.0,0,0.0,0.008959666954076136,0.05430027259109298,-1.0,0.0,0.0,True,15.819383476818777,0.09848243996766648,4152.360128817834,0.0,5.283429272209791,0.0,5.283429272209791,18.98266762512907,18.98266762512907,0.0
99,Ampara,PF,5.0,52105080081,helped,a,43493.30859375,0.0,1,7.09181388818278,7.09181388818278,0.0,58331.51470211651,17741.946136252183,0.0,17741.946136252183,0.0,0.0,2.165880171765123e-05,5829.068330152663,0.0,5829.068330152663,21984.71587399151,0.0,21984.71587399151,0.910590496655153,1,36346.798828125,1.2863831899724034,28280.768936622135,0.0,0,0.0,0.008280915798245584,0.17022647077231456,-1.0,0.0,0.0,True,15.612991357112415,0.09951233732081555,4860.9595585097095,0.0,5.220399599323082,0.0,5.220399599323082,19.68908158892886,19.68908158892886,0.0
