,region,hazard,rp,hhid,helped_cat,affected_cat,province,pcwgt,ispoor,pcwgt_ae,pcsoc,axfin,has_ew,c,pov_line,dk_private,dk_public,dk0,pc_fee_BE,pc_fee,scale_fac_soc,di0_prv,di0_pub,di0,dc0_prv,dc0_pub,dc0,hh_reco_rate,welf_class,c_min,macro_multiplier,dc_npv_pre,help_received,dc_post_reco,dw,const,integ,t_start_prv_reco,t_pov_inc,t_pov_cons,t_pov_bool,dk_prv_t,sav_f,sav_i,sav_offset_to,di_prv_t,di_pub_t,di_t,dc_t,dc_net,sav_delta
0,ARMM,EQ,1,153829114,helped,a,Maguindanao,0.9376180350922879,0,0.9376180350922879,822.4791037502216,0,1.0,243302.09000000003,22302.6775,142353.59305945708,16275.762792237392,158629.35585169448,0.27632415534694565,0.21869459692111673,3.5408683162971045e-06,45382.916632273256,5188.780435057305,50571.69706733056,215810.63206494274,5188.780435057305,220999.41250000003,1.197214006122674,1,15573.959716184301,1.221092670965582,269860.7628914495,5843.039496960806,0,0.0,0.004054684583948997,0.0,-1.0,0.0,0.0,False,110450.70079018599,222049.315878709,261405.04988353286,0.0,36033.84654740566,4280.605869695605,32372.44188023124,167691.33686688123,0.0,3194.0654359000814
1,ARMM,EQ,1,153893114,helped,a,Maguindanao,0.7552823003862174,0,0.7552823003862174,0.0,0,1.0,98041.71900000001,22302.6775,25201.950223118558,2881.4233270665027,28083.37355018506,0.11172607499369994,0.10152369391108236,3.5408683162971045e-06,8034.485874012259,918.6096636731029,8953.095537685362,74820.4318363269,918.6096636731029,75739.0415,2.650030865510152,1,15573.959716184301,1.102567393650949,83507.39758427607,0.0,0,0.0,0.006387406222212573,0.0,-1.0,0.0,0.0,False,14371.654177906386,98873.57028566988,105336.55385202407,0.0,4821.763640785635,757.8285432373981,5579.592184023033,45660.0716330148,0.0,857.6869437108215
2,ARMM,EQ,1,156627419,helped,a,Sulu,1.6402678738822034,0,1.6402678738822034,0.0,0,1.0,116599.21000000002,22302.6775,29296.48035569665,3349.5646626749062,32646.04501837156,0.13287376245071927,0.12101382355727948,3.5408683162971045e-06,9339.839000245256,1067.8550559815367,10407.694056226792,93228.67744401847,1067.8550559815367,94296.5325,2.8634442576465053,1,15573.959716184301,1.0950799051023372,103262.23786157946,0.0,0,0.0,0.00585709396839272,0.0,-1.0,0.0,0.0,False,15967.759919415508,123299.6528287206,132469.79121574652,0.0,5379.339788346164,880.9520228944149,6260.291811240579,54576.602876868434,0.0,1023.0896764347418
3,ARMM,EQ,1,156642019,helped,a,Sulu,0.6923660802935437,1,0.6923660802935437,0.0,0,1.0,21066.311000000005,22302.6775,25926.07591005482,2964.2150407074646,28890.290950762286,0.024006680693007904,0.013510833412757946,3.5408683162971045e-06,8265.340135336915,945.0040041048755,9210.344139441791,8265.340135336915,945.0040041048755,9210.344139441791,0.0,3,15573.959716184301,5.63268004315001,51878.92162477743,0.0,0,0.0,0.013779572685382052,0.0,-1.0,0.21194605009633913,0.21194605009633913,False,25926.07591005482,16482.96856874233,12574.005061753056,0.0,8265.340135336915,779.6031721686263,9044.943307505542,9044.943307505542,0.0,174.27636430646515
4,ARMM,EQ,1,157025015,helped,a,Tawi-tawi,2.7115561747025616,0,2.7115561747025616,1370.7984756648525,1,1.0,26179.943,22302.6775,13269.616959653575,1517.1597241593054,14786.776683812881,0.02827192719515055,0.02289994548280446,3.5408683162971045e-06,4230.413575047091,483.6767894730768,4714.090364520168,10122.306494342622,483.6767894730768,10605.983283815698,0.4440137900897893,2,15573.959716184301,1.5514944393475492,16455.124088653116,0.0,0,0.0,0.012360773468492348,0.0014085377844104013,-1.0,0.21194605009633913,0.0,True,12077.811559409987,52382.296094181336,48606.252784684366,346.5068750436783,3883.542893519219,399.0204885266285,4282.563382045848,9691.354066630876,346.5068750436783,179.25837234874075
5,ARMM,EQ,1,157260118,helped,a,Basilan,2.340994052994802,0,2.340994052994802,0.0,0,1.0,23040.299000000003,22302.6775,14563.13087169611,1665.051499480144,16228.182371176254,0.026256191753953943,0.02036053574841792,3.5408683162971045e-06,4642.786301621201,530.8252985836085,5173.61160020481,6935.513985232093,530.8252985836085,7466.3392838157015,0.17962156376491156,2,15573.959716184301,2.2783703409617413,17011.08597980322,0.0,0,0.0,0.013176071421869688,0.008230290828981803,-1.0,0.21194605009633913,0.21194605009633913,True,14052.525472300142,12111.320241538777,7487.9830212591705,1699.5586036025845,4495.534968630143,437.9167546862719,4933.451723316415,7466.3392838157015,1699.5586036025845,110.86465095050741
6,ARMM,EQ,1,157260240,helped,a,Basilan,2.340994052994802,1,2.340994052994802,0.0,0,1.0,18463.852000000006,22302.6775,22714.19543824295,2596.989995292591,25311.185433535542,0.021040978618750827,0.011845420969754945,3.5408683162971045e-06,7241.379368359613,827.9311421299814,8069.310510489595,7241.379368359613,827.9311421299814,8069.310510489595,0.0,3,15573.959716184301,5.63268004315001,45451.844274415365,0.0,0,0.0,0.014718679224862093,0.0,-1.0,0.21194605009633913,0.21194605009633913,False,22714.19543824295,20042.156897011973,15893.588264003305,0.0,7241.379368359613,683.0211744479499,7924.400542807563,7924.400542807563,0.0,152.6859449481226
7,ARMM,EQ,1,157260362,helped,a,Basilan,1.3770553526910434,0,1.3770553526910434,0.0,0,1.0,25606.150000000012,22302.6775,24862.19242255012,2842.577680462033,27704.770103012153,0.029180176198256278,0.01911505063677257,3.5408683162971045e-06,7926.1696831982445,906.2255110124021,8832.395194210647,9125.964772803309,906.2255110124021,10032.190283815711,0.05846167754095349,2,15573.959716184301,3.5675818586138086,35790.66005870265,0.0,0,0.0,0.012498498805629702,0.002291536843837584,-1.0,0.21194605009633913,0.0,True,24582.470931720036,12155.835419157262,8321.868370777878,547.9535716002968,7845.826108265269,747.6119466336112,8593.43805489888,10032.190283815711,547.9535716002968,182.6317641026351
8,ARMM,EQ,1,157260484,helped,a,Basilan,1.6524663300693085,0,1.6524663300693085,0.0,0,0.0,25441.725000000002,22302.6775,31441.040521313185,3594.759404859443,35035.79992617263,0.028992801271865605,0.01626428918019459,3.5408683162971045e-06,10023.533643083232,1146.024153016598,11169.55779609983,10023.533643083232,1146.024153016598,11169.55779609983,0.0,3,15573.959716184301,5.63268004315001,62914.54528890213,0.0,0,0.0,0.012538821464144603,0.0,-1.0,0.21194605009633913,0.0,True,31441.040521313185,11765.977595032089,8268.42835496533,0.0,10023.533643083232,945.4394491374552,10968.973092220687,10968.973092220687,0.0,211.34822913720012
9,ARMM,EQ,1,157640114,helped,a,Basilan,0.9277003579106523,0,0.9277003579106523,0.0,0,1.0,32336.271000000008,22302.6775,7821.67334262669,894.2780946160409,8715.951437242731,0.03684966640336656,0.03368326470018698,3.5408683162971045e-06,2493.5817833980313,285.09955201959286,2778.6813354176243,16477.211731796113,285.09955201959286,16762.311283815707,1.7878054139885713,2,15573.959716184301,1.1504275290486408,19283.824351384254,0.0,0,0.0,0.011122054727009101,0.0,-1.0,0.0,0.0,True,5354.729656242898,13391.237126282087,10509.132972081814,0.0,1766.9395214521087,235.19954854462418,2002.1390699967328,11910.868983605464,0.0,225.58876423818904
10,ARMM,EQ,1,157640230,helped,a,Basilan,0.9277003579106523,0,0.9277003579106523,0.0,0,1.0,28000.33800000001,22302.6775,10355.322430798498,1183.9586757070244,11539.281106505523,0.03190853745880309,0.027716393836287975,3.5408683162971045e-06,3301.319582592107,377.45091832838506,3678.770500920492,12048.927365487325,377.45091832838506,12426.37828381571,0.8447450903970251,2,15573.959716184301,1.3072255440115463,16244.079112154257,0.0,0,0.0,0.011952213953413136,0.0,-1.0,0.0,0.0,True,8657.79652022973,12532.611962798655,9099.974094330826,0.0,2805.4340694463285,311.38696977850395,3116.8210392248325,10550.465764107634,0.0,201.63907363321562
11,ARMM,EQ,1,157640347,helped,a,Basilan,0.9277003579106523,0,0.9277003579106523,0.0,0,1.0,24290.74000000001,22302.6775,27521.089730653235,3146.578309778989,30667.668040432225,0.027681165391362297,0.01653960451408027,3.5408683162971045e-06,8773.83713247393,1003.1421678708601,9776.979300344788,8773.83713247393,1003.1421678708601,9776.979300344788,0.0,3,15573.959716184301,5.63268004315001,55070.59618734284,0.0,0,0.0,0.0128324512458021,0.0,-1.0,0.21194605009633913,0.0,True,27521.089730653235,11684.339073875955,7894.365224981422,0.0,8773.83713247393,827.5656111626844,9601.402743636614,9601.402743636614,0.0,184.99812608163032
12,ARMM,EQ,1,157640463,helped,a,Basilan,1.391550480970012,1,1.391550480970012,0.0,0,1.0,14660.443000000005,22302.6775,13364.828695969401,1528.0456006729119,14892.874296642312,0.016706701705820393,0.01129613345066178,3.5408683162971045e-06,4260.762616214405,487.1472518896948,4747.9098681041,4260.762616214405,487.1472518896948,4747.9098681041,0.0,3,15573.959716184301,5.63268004315001,26743.457160744958,0.0,0,0.0,0.01651796147215679,0.0,-1.0,0.21194605009633913,0.21194605009633913,False,13364.828695969401,17465.659092653397,12619.635367576966,0.0,4260.762616214405,401.88352772766365,4662.646143942069,4662.646143942069,0.0,89.83903938231346
13,ARMM,EQ,1,157640579,helped,a,Basilan,1.1596254473883152,0,1.1596254473883152,0.0,0,1.0,25692.90800000001,22302.6775,7213.586507099705,824.7534912715665,8038.339998371272,0.029279043608101504,0.02635879343511925,3.5408683162971045e-06,2299.7211874139716,262.93482117447485,2562.6560085884466,9856.013462641235,262.93482117447485,10118.94828381571,1.0475083743419813,2,15573.959716184301,1.2509785108885974,12658.586855846504,0.0,0,0.0,0.012477378936814505,0.0021960623270154064,-1.0,0.0,0.0,True,5777.384088162389,12381.328783097497,8350.071458008604,527.2566700731759,1879.4061250561635,216.91423504112697,2096.3203600972906,8271.565456110888,527.2566700731759,147.61838529847734
14,ARMM,EQ,1,157640696,helped,a,Basilan,1.0436628374375232,0,1.0436628374375232,0.0,0,1.0,28644.793000000005,22302.6775,35720.891906376164,4084.0891395871054,39804.98104596327,0.03264294346875957,0.018181786012773166,3.5408683162971045e-06,11387.96795041777,1302.024494521799,12689.992444939568,11768.808789293906,1302.024494521799,13070.833283815704,0.33734587408746286,2,15573.959716184301,4.933691215097612,64487.455346367016,5843.039496960806,0,0.0,0.011816997715454355,0.0,-1.0,0.0,0.0,True,33256.046478635646,6313.7549835679165,9309.408672254545,0.0,10671.302723720797,1074.1355822422486,3803.427769093025,15095.376586152857,0.0,289.911817606509
15,ARMM,EQ,1,157738012,helped,a,Basilan,1.1732694664217047,1,1.1732694664217047,0.0,0,0.0,21983.363000000005,22302.6775,23434.100226750386,2679.299119487644,26113.39934623803,0.025051731938234664,0.015564741688859261,3.5408683162971045e-06,7470.887989822998,854.1716310521772,8325.059620875176,7470.887989822998,854.1716310521772,8325.059620875176,0.0,3,15573.959716184301,5.63268004315001,46892.39718453759,0.0,0,0.0,0.01348909862603006,0.0,-1.0,0.21194605009633913,0.21194605009633913,False,23434.100226750386,23018.027232286702,18923.1665831714,0.0,7470.887989822998,704.6688799752687,8175.556869798267,8175.556869798267,0.0,157.52518053561207
16,ARMM,EQ,1,1536121012,helped,a,Lanao del Sur,1.1522156917868613,0,1.1522156917868613,0.0,1,1.0,41782.48800000001,22302.6775,34805.539512848365,3979.4338364916457,38784.97334934001,0.04761435677919283,0.033523824294206854,3.5408683162971045e-06,11096.149824819062,1268.659951424273,12364.809776243335,24939.868332391437,1268.659951424273,26208.52828381571,0.3977446895331706,2,15573.959716184301,1.607239819368476,42123.39026479356,5843.039496960806,0,0.0,0.009784369543536581,0.0,-1.0,0.0,0.0,True,31991.688657873863,78821.27324646467,82086.59854463466,0.0,10277.5452622867,1046.6107214757312,3382.1454468924094,16204.56095192559,0.0,311.03325687182735
17,ARMM,EQ,1,1536121027,helped,a,Lanao del Sur,1.4402696846035346,0,1.4402696846035346,0.0,0,1.0,75756.96100000001,22302.6775,17405.78087281737,1990.061189262114,19395.842062079482,0.08633088028557315,0.07928461640940891,3.5408683162971045e-06,5549.034868758618,634.4397307347731,6183.474599493391,52819.84376926523,634.4397307347731,53454.283500000005,2.715810870302837,1,15573.959716184301,1.1001367944634777,58807.02410003197,0.0,0,0.0,0.007266390332545927,0.0,-1.0,0.0,0.0,False,9788.390086618347,146045.618323511,148833.45428386235,0.0,3288.220019230857,523.3959057127411,3811.6159249435977,31823.121317890425,0.0,597.3957594970565
18,ARMM,EQ,1,1536201011,helped,a,Lanao del Sur,1.5122828800378858,1,1.5122828800378858,0.0,0,1.0,17893.768000000004,22302.6775,12560.956564703964,1436.136209117885,13997.092773821849,0.02039132407998546,0.015306209076503898,3.5408683162971045e-06,4004.484858898643,457.8461580616257,4462.331016960268,4004.484858898643,457.8461580616257,4462.331016960268,0.0,3,15573.959716184301,5.63268004315001,25134.882865161395,0.0,0,0.0,0.014951304778021696,0.0,-1.0,0.21194605009633913,0.21194605009633913,False,12560.956564703964,16100.924443874695,11194.936574321726,0.0,4004.484858898643,377.71090454601824,4382.195763444661,4382.195763444661,0.0,84.435371164637
19,ARMM,EQ,1,1536201024,helped,a,Lanao del Sur,1.2962424552953387,1,1.2962424552953387,0.0,0,1.0,20441.686,22302.6775,13820.574275900379,1580.152518335813,15400.726794236192,0.023294872492328148,0.01769982317797914,3.5408683162971045e-06,4406.0561903894695,503.75915256382825,4909.815342953298,4406.0561903894695,503.75915256382825,4909.815342953298,0.0033823390608017593,3,15573.959716184301,5.63268004315001,27655.418897804764,0.0,0,0.0,0.013988515848086478,0.0,0.09633911368015413,0.21194605009633913,0.21194605009633913,False,13817.613827008227,17598.095493419078,12788.999056767147,0.0,4405.3994789413755,415.5879040107797,4820.987382952155,4867.7262838157,0.0,93.78743105290255
20,ARMM,EQ,1,1536201036,helped,a,Lanao del Sur,1.2962424552953387,1,1.2962424552953387,0.0,0,1.0,20354.516000000007,22302.6775,5070.429281264784,579.7191518882979,5650.148433153082,0.02319553557681364,0.02114290126377103,3.5408683162971045e-06,1616.4738075757919,184.81686121529586,1801.2906687910877,4595.73942260041,184.81686121529586,4780.556283815706,0.5875766034313885,2,15573.959716184301,1.4292323118471835,6832.525509433502,0.0,0,0.0,0.014018437369930291,0.013581656963034225,-1.0,0.21194605009633913,0.21194605009633913,False,4476.721384340972,18132.81245517929,12734.466122323107,2390.278141907853,1443.4468460741512,152.46899552576198,1595.9158415999132,4256.28159294712,2390.278141907853,35.49134393688049
21,ARMM,EQ,1,1536201049,helped,a,Lanao del Sur,0.43208084016909987,0,0.43208084016909987,0.0,0,0.0,29381.922000000006,22302.6775,24666.15652511496,2820.1642401206614,27486.32076523562,0.03348295862530769,0.023497211621242936,3.5408683162971045e-06,7863.672629010061,899.0800136117456,8762.752642621806,12908.88227020396,899.0800136117456,13807.962283815705,0.2335734326182066,2,15573.959716184301,2.050733570703128,28316.4517984235,0.0,0,0.0,0.011667824682808314,0.0,-1.0,0.21194605009633913,0.0,True,23548.337458201346,60646.86556893307,57724.23203858374,0.0,7541.169704522341,741.7171013037746,8282.886805826116,13807.962283815705,0.0,265.451595575904
22,ARMM,EQ,1,1536215011,helped,a,Lanao del Sur,1.967871896034359,1,1.967871896034359,1599.2649022059893,0,1.0,14467.27099999999,22302.6775,3675.485357164034,420.23054377389735,4095.7159009379316,0.014664082076136608,0.013176147713151346,3.5408683162971045e-06,1171.7655829843409,133.97123388818724,1305.7368168725282,1171.7655829843409,133.97123388818724,1305.7368168725282,0.0,3,15573.959716184301,5.63268004315001,7354.797710004109,0.0,0,0.0,0.01662787255985455,0.0,-1.0,0.21194605009633913,0.21194605009633913,False,3675.485357164034,14620.044105863839,9051.206854832339,0.0,1171.7645918461221,110.52270515774939,1282.2872970038716,1282.2872970038716,0.0,24.70688433533471
23,ARMM,EQ,1,1536215012,helped,a,Lanao del Sur,1.5305669163867925,1,1.5305669163867925,2193.2777433308343,0,1.0,9765.75679999997,22302.6775,2888.0957717042725,330.2056568525774,3218.3014285568497,0.008629421960396687,0.007460233627890262,3.5408683162971045e-06,920.7446327040657,105.27092792474689,1026.0155606288126,920.7446327040657,105.27092792474689,1026.0155606288126,0.0,3,15573.959716184301,5.63268004315001,5779.217372315283,0.0,0,0.0,0.02023844045330413,0.0,-1.0,0.21194605009633913,0.21194605009633913,False,2888.0957717042725,11737.362593266802,6109.781460854145,0.0,920.7432734286933,86.8457159872092,1007.5889894159026,1007.5889894159026,0.0,19.414046038842052
24,ARMM,EQ,1,1536215013,helped,a,Lanao del Sur,1.967871896034359,1,1.967871896034359,2505.51501345605,0,1.0,14189.76599999998,22302.6775,5653.259262915422,646.3560545872542,6299.615317502677,0.01331510213491689,0.0110264795034941,3.5408683162971045e-06,1802.2912858730376,206.06098116167843,2008.352267034716,1802.2912858730376,206.06098116167843,2008.352267034716,0.0,3,15573.959716184301,5.63268004315001,11312.405734141526,0.0,0,0.0,0.016789678452528784,0.0,-1.0,0.21194605009633913,0.21194605009633913,False,5653.259262915422,14298.88716864857,8877.588582136956,0.0,1802.2897330898284,169.99482952031573,1972.2845626101441,1972.2845626101441,0.0,38.00162933738235
25,ARMM,EQ,1,1536215027,helped,a,Lanao del Sur,2.186524152958283,0,2.186524152958283,0.0,0,1.0,26386.825999999997,22302.6775,9782.716065175575,1118.4906732498519,10901.206738425426,0.03006981650864068,0.02610948077188987,3.5408683162971045e-06,3118.770307030623,356.57944860936965,3475.3497556399925,10456.286835206327,356.57944860936965,10812.866283815696,0.7500490129010009,2,15573.959716184301,1.343140721317035,14523.201019948861,0.0,0,0.0,0.01231222147380375,0.001122612227890846,-1.0,0.0,0.0,True,8344.872147146769,55624.87977919741,51840.01965275202,278.9133751231179,2699.10619017885,294.16856231135415,2993.274752490204,9343.449447014189,278.9133751231179,173.35925342859213
26,ARMM,EQ,1,1536250016,helped,a,Lanao del Sur,0.4334701344093935,0,0.4334701344093935,0.0,0,0.0,24692.900000000012,22302.6775,29036.923658500324,3319.8886766747523,32356.812335175076,0.028139457624278646,0.016384227009798327,3.5408683162971045e-06,9257.091252604037,1058.3942290135942,10315.485481617632,9257.091252604037,1058.3942290135942,10315.485481617632,0.0,3,15573.959716184301,5.63268004315001,58103.82920771131,0.0,0,0.0,0.012727524650605115,0.0,-1.0,0.21194605009633913,0.0,True,29036.923658500324,52188.98909625617,48512.09497089156,0.0,9257.091252604037,873.1470922449064,10130.238344848944,10130.238344848944,0.0,195.18763670229177
27,ARMM,EQ,1,1536313011,helped,a,Lanao del Sur,1.1674598260131217,1,1.1674598260131217,0.0,0,1.0,12662.072000000002,22302.6775,7188.867772363921,821.9273155886259,8010.795087952547,0.014429404342121215,0.011519108739701621,3.5408683162971045e-06,2291.8407526341293,262.03382468805074,2553.87457732218,2291.8407526341293,262.03382468805074,2553.87457732218,0.0,3,15573.959716184301,5.63268004315001,14385.15836439081,0.0,0,0.0,0.01777369021128406,0.0,-1.0,0.21194605009633913,0.21194605009633913,False,7188.867772363921,13228.558949390002,7921.814189802451,0.0,2291.8407526341293,216.17093690071923,2508.0116895348488,2508.0116895348488,0.0,48.323924653850646
28,ARMM,EQ,1,1536313025,helped,a,Lanao del Sur,0.9339678421785087,1,0.9339678421785087,0.0,0,1.0,16819.752000000008,22302.6775,8852.02162859121,1012.0812630175767,9864.102891608787,0.019167400291374277,0.01558380899385306,3.5408683162971045e-06,2822.0610747070314,322.65568890807,3144.716763615101,2822.0610747070314,322.65568890807,3144.716763615101,0.0,3,15573.959716184301,5.63268004315001,17713.18335577407,0.0,0,0.0,0.015421272154267028,0.0,-1.0,0.21194605009633913,0.21194605009633913,False,8852.02162859121,15705.668508031038,10522.99762924405,0.0,2822.0610747070314,266.1823627184005,3088.2434374254317,3088.2434374254317,0.0,59.503727118023725
29,ARMM,EQ,1,1536313038,helped,a,Lanao del Sur,1.1674598260131217,1,1.1674598260131217,287.8676682696048,0,1.0,14568.435,22302.6775,4968.524777142376,568.0680688287775,5536.592845971153,0.016273804181845198,0.01426240045671128,3.5408683162971045e-06,1583.9872498596017,181.10244778975118,1765.0896976493527,1583.9872498596017,181.10244778975118,1765.0896976493527,0.0,3,15573.959716184301,5.63268004315001,9942.185514319195,0.0,0,0.0,0.016570039563229826,0.0,-1.0,0.21194605009633913,0.21194605009633913,False,4968.524777142376,14586.876874531297,9114.499418607727,0.0,1583.987071454731,149.40470322993906,1733.39177468467,1733.39177468467,0.0,33.39868544671811
30,ARMM,EQ,1,1536322016,helped,a,Lanao del Sur,2.1304116830333406,1,2.1304116830333406,0.0,1,1.0,19211.766000000003,22302.6775,8261.863513496812,944.6065102926593,9206.47002378947,0.021893284111811774,0.01854862252637849,3.5408683162971045e-06,2633.9162288843454,301.1444589111346,2935.06068779548,3336.6618249045673,301.1444589111346,3637.806283815702,0.09871015014081022,2,15573.959716184301,2.9161917645172135,10608.54072577232,0.0,0,0.0,0.014429336168095521,0.010744669424124813,-1.0,0.21194605009633913,0.21194605009633913,False,8102.548915183968,17477.715698826494,12019.522087027823,1818.903141907851,2588.043675722273,248.4361700356036,2836.4798457578763,3637.806283815702,1818.903141907851,34.97968994601924
31,ARMM,EQ,1,1536382012,helped,a,Lanao del Sur,1.2962424552953387,1,1.2962424552953387,0.0,1,1.0,16270.782000000007,22302.6775,17552.372262886274,2006.8214735715474,19559.193736457823,0.018541806778583143,0.011435956699566048,3.5408683162971045e-06,5595.768809677207,639.7829786317172,6235.551788308924,5595.768809677207,639.7829786317172,6235.551788308924,0.0,3,15573.959716184301,5.63268004315001,35122.868116036036,0.0,0,0.0,0.01567926796696876,0.0,-1.0,0.21194605009633913,0.21194605009633913,False,17552.372262886274,14713.176570278525,10179.540055117546,0.0,5595.768809677207,527.8039431306214,6123.572752807829,6123.572752807829,0.0,117.98791431228956
32,ARMM,EQ,1,1536382025,helped,a,Lanao del Sur,1.2962424552953387,1,1.2962424552953387,0.0,1,1.0,15593.180000000002,22302.6775,19734.204019837493,2256.2776015519394,21990.48162138943,0.01776962721420931,0.009780479973495243,3.5408683162971045e-06,6291.34578985135,719.3106230679676,7010.6564129193175,6291.34578985135,719.3106230679676,7010.6564129193175,0.0,3,15573.959716184301,5.63268004315001,39488.78446643228,0.0,0,0.0,0.016016316765809096,0.0,-1.0,0.21194605009633913,0.21194605009633913,False,19734.204019837493,14126.484063654047,9755.608624698185,0.0,6291.345789851352,593.4121348507474,6884.7579247020985,6884.7579247020985,0.0,132.6542952736435
33,ARMM,EQ,1,1536382038,helped,a,Lanao del Sur,1.2962424552953387,1,1.2962424552953387,0.0,0,1.0,16000.623000000001,22302.6775,16712.45280792372,1910.7906708376388,18623.24347876136,0.018233939831715108,0.011468122293381207,3.5408683162971045e-06,5327.999016607215,609.1679618887721,5937.166978495987,5327.999016607215,609.1679618887721,5937.166978495987,0.0,3,15573.959716184301,5.63268004315001,33442.16195262359,0.0,0,0.0,0.01581108048186516,0.0,-1.0,0.21194605009633913,0.21194605009633913,False,16712.45280792372,14606.813596185759,10010.519859968683,0.0,5327.999016607215,502.5473684863653,5830.54638509358,5830.54638509358,0.0,112.34193420218844
34,ARMM,EQ,1,1536401017,helped,a,Lanao del Sur,1.3004104311761637,1,1.3004104311761637,799.632471066311,0,1.0,13540.620999999997,22302.6775,14631.670448209241,1672.8878586842436,16304.558306893485,0.014519335792934395,0.008595890614318242,3.5408683162971045e-06,4664.639833235308,533.323562280331,5197.96339551564,4664.639833235308,533.323562280331,5197.96339551564,0.0,3,15573.959716184301,5.63268004315001,29278.464682945207,0.0,0,0.0,0.017187420582844906,0.0,-1.0,0.21194605009633913,0.21194605009633913,False,14631.670448209241,13222.980596036292,8471.459998208602,0.0,4664.639337666186,439.97775579782103,5104.617093464008,5104.617093464008,0.0,98.3548572921774
35,ARMM,EQ,1,1536405018,helped,a,Lanao del Sur,1.8334521585592787,1,1.8334521585592787,299.862169480626,0,1.0,11936.803999999998,22302.6775,2776.840941647619,317.48551973080856,3094.326461378427,0.013261189715104147,0.012137058273131355,3.5408683162971045e-06,885.2694288046448,101.21569564646869,986.4851244511135,885.2694288046448,101.21569564646869,986.4851244511135,0.0,3,15573.959716184301,5.63268004315001,5556.555073360141,0.0,0,0.0,0.01830568413026645,0.0,-1.0,0.21194605009633913,0.21194605009633913,False,2776.840941647619,13103.94089932494,7468.063638167045,0.0,885.2692429662286,83.50025720153889,968.7695001677675,968.7695001677675,0.0,18.666079001305732
36,ARMM,EQ,1,1536932011,helped,a,Lanao del Sur,0.6772972451333306,1,0.6772972451333306,5597.426846692262,0,1.0,21340.802999999967,22302.6775,8904.215624864786,1018.0487773196065,9922.264402184393,0.01794078727606242,0.0143360613781121,3.5408683162971045e-06,2838.7205561534597,324.55815712732084,3163.2787132807807,5442.2851266883445,324.55815712732084,5766.843283815665,0.3007638386419653,2,15573.959716184301,1.7887721051914747,10315.568401100263,0.0,0,0.0,0.013690667317993583,0.01325688482179916,-1.0,0.21194605009633913,0.21194605009633913,False,8356.348553235746,18520.818421532324,13351.512432119282,2451.4403599959505,2679.53789438701,267.7518484054827,2947.2897427924927,5475.184156462796,2451.4403599959505,57.955874281908386
37,ARMM,EQ,1,1536932025,helped,a,Lanao del Sur,0.6772972451333306,0,0.6772972451333306,0.0,0,1.0,217936.58000000002,22302.6775,84703.07498528095,9684.386088222756,94387.46107350371,0.24835548508640987,0.2140651072001907,3.5408683162971045e-06,27003.690326725373,3087.4223040457327,30091.112630771106,192546.4801959543,3087.4223040457327,195633.90250000003,1.9543893760409015,1,15573.959716184301,1.1379876233935013,222628.959761171,5843.039496960806,0,0.0,0.004284152581442262,0.0,-1.0,0.0,0.0,False,55976.210995437206,396181.89222815837,428162.0134434265,0.0,18530.263398180196,2547.0412946431284,13135.294155953303,126732.78630725651,0.0,2396.460135439001
38,ARMM,EQ,1,1536932039,helped,a,Lanao del Sur,1.3545944902666611,1,1.3545944902666611,1279.4118506725172,0,1.0,18579.624999999996,22302.6775,12594.132342641093,1439.9293068581517,14034.061649499245,0.019714922702740008,0.014616374397035562,3.5408683162971045e-06,4015.065964227289,459.0554132955704,4474.12137752286,4015.065964227289,459.0554132955704,4474.12137752286,0.0,3,15573.959716184301,5.63268004315001,25201.294193803846,0.0,0,0.0,0.014672750190353188,0.0,-1.0,0.21194605009633913,0.21194605009633913,False,12594.132342641093,16527.54305680153,11624.030255006654,0.0,4015.065171316758,378.70850795536865,4393.773679272127,4393.773679272127,0.0,84.6584523944533
39,ARMM,EQ,1,1538132011,helped,a,Maguindanao,0.43439653552146545,0,0.43439653552146545,47.97794665225337,0,0.0,28168.066000000006,22302.6775,33461.18964965496,3825.7298167134168,37286.919466368374,0.032045001849445094,0.018498661856057703,3.5408683162971045e-06,10667.565703013612,1219.6584747625884,11887.2241777762,11374.447809053117,1219.6584747625884,12594.106283815705,0.36987139130695057,2,15573.959716184301,4.426309034591167,55745.406426654845,5843.039496960806,0,0.0,0.011916575827596705,0.0,-1.0,0.0,0.0,True,30938.255767483588,27380.205761271674,30263.911988638887,0.0,9933.786547524947,1006.1858063637771,2997.961817018704,14522.9799293618,0.0,278.8314603264298
40,ARMM,EQ,1,1538132016,helped,a,Maguindanao,0.9821136463586007,0,0.9821136463586007,119.94486271454308,0,1.0,40491.922000000006,22302.6775,52429.93064539254,5994.489468498712,58424.42011389125,0.04600697122909784,0.024781361145251552,3.5408683162971045e-06,16714.878972458213,1911.0680137915288,18625.946986249743,23006.894270024175,1911.0680137915288,24917.962283815705,0.34258046388639457,2,15573.959716184301,2.544157367786506,63395.217334596,5843.039496960806,0,0.0,0.009939071157044663,0.0,-1.0,0.0,0.0,True,48757.98835045663,38097.07270709325,43504.72313773597,0.0,15647.19205784689,1576.580288877302,9281.761809854172,26095.91711711795,0.0,501.1556764276984
41,ARMM,EQ,1,1538133013,helped,a,Maguindanao,0.49179119369943797,0,0.49179119369943797,2398.897298396605,0,0.0,47652.73400000001,22302.6775,45013.612837753106,5146.557029037421,50160.16986679053,0.051570225457552334,0.03334706281297656,3.5408683162971045e-06,14350.534278149153,1640.743648151008,15991.277926300161,30438.0306356647,1640.743648151008,32078.77428381571,0.3573918053523333,2,15573.959716184301,1.6659469568511682,53441.536397638294,5843.039496960806,0,0.0,0.009161911330655163,0.0,-1.0,0.0,0.0,True,41729.86961252716,46718.49422778767,51198.339481470735,0.0,13395.589153525003,1353.5698761675237,6807.148492822505,21824.11597021988,0.0,419.0586889329773
42,ARMM,EQ,1,1538226014,helped,a,Maguindanao,0.9180367744754392,0,0.9180367744754392,254.28310028703584,0,1.0,32448.801,22302.6775,24728.247433264354,2827.2633014852177,27555.510734749572,0.036688127849424435,0.02667725526401427,3.5408683162971045e-06,7883.468367491449,901.3432237104606,8784.81159120191,15973.498060105238,901.3432237104606,16874.8412838157,0.32715742247592966,2,15573.959716184301,1.7179529216084783,28990.182885210543,0.0,0,0.0,0.01110275275361472,0.0,-1.0,0.0,0.0,True,23071.693754035143,37262.07358200742,34863.16060137557,0.0,7401.863768464507,743.5841894479287,8145.447957912436,15741.254233284068,0.0,302.3457599920519
43,ARMM,EQ,1,1538291346,helped,a,Maguindanao,0.9376180350922879,0,0.9376180350922879,2741.5970125007393,0,1.0,27148.196999999993,22302.6775,6838.296138429398,781.8452872184517,7620.141425647849,0.02781319675295145,0.02504487422779519,3.5408683162971045e-06,2180.086774690631,249.25550841130064,2429.3422831019316,11324.981775404392,249.25550841130064,11574.237283815693,1.3373060797004526,2,15573.959716184301,1.1989262099600895,13876.65643986391,0.0,0,0.0,0.012138345634104979,0.00012021318116470926,-1.0,0.0,0.0,True,5150.541509749101,32880.1774641166,29168.166814100186,30.948080314728493,1684.881468709458,205.62916579598772,1890.5106345054458,8958.146506453159,30.948080314728493,169.80291276370463
44,ARMM,EQ,1,1538291587,helped,a,Maguindanao,1.7412906099828365,1,1.7412906099828365,442.87337032751236,0,1.0,17948.328,22302.6775,7412.956795140804,847.5481636520639,8260.504958792868,0.019948811145932683,0.016947814716701596,3.5408683162971045e-06,2363.2828272624283,270.2018569245827,2633.484684187011,2363.2828272624283,270.2018569245827,2633.484684187011,0.0,3,15573.959716184301,5.63268004315001,14833.576624561385,0.0,0,0.0,0.01492856271356849,0.0,-1.0,0.21194605009633913,0.21194605009633913,False,7412.956795140804,5290.039132086557,0.016947814716701596,0.0,2363.2825527933755,222.90934627709817,2586.1918990704735,2586.1918990704735,0.0,49.83028707264881
45,ARMM,EQ,1,1538517014,helped,a,Maguindanao,1.5140504036495732,1,1.5140504036495732,1911.12150870275,1,1.0,20872.67799999999,22302.6775,11252.900558440097,1286.581787488218,12539.482345928314,0.021608151143738655,0.017052594837089704,3.5408683162971045e-06,3587.477965806686,410.1675904372292,3997.645556243915,4888.550693378458,410.1675904372292,5298.718283815688,0.1325894055439694,2,15573.959716184301,2.5827301186678557,13685.159301946827,0.0,0,0.0,0.013843340747380603,0.0,-1.0,0.21194605009633913,0.21194605009633913,False,10960.899726696356,4721.338130442962,0.017052594837089704,0.0,3503.3242473405935,338.37735420869,3841.7016015492836,5298.718283815688,0.0,101.96446438875793
46,ARMM,EQ,1,1538811017,helped,a,Maguindanao,0.9238211685392813,1,0.9238211685392813,3838.2356495855797,1,1.0,15453.292999999969,22302.6775,12577.71102387557,1438.05180251689,14015.76282639246,0.013236250667825676,0.008144327441090903,3.5408683162971045e-06,4009.8398404045793,458.45685715310066,4468.29669755768,4009.8398404045793,458.45685715310066,4468.29669755768,0.0,3,15573.959716184301,5.63268004315001,25168.48563520624,0.0,0,0.0,0.016088645265375606,0.0,-1.0,0.21194605009633913,0.21194605009633913,False,12577.71102387557,4904.7506866912645,0.008144327441090903,0.0,4009.837461672926,378.21471505569474,4388.052176728621,4388.052176728621,0.0,84.54821149766128
47,ARMM,EQ,1,1538931218,helped,a,Maguindanao,0.7552823003862174,0,0.7552823003862174,0.0,0,1.0,236120.6900000001,22302.6775,73493.23588949261,8402.72766189841,81895.96355139103,0.2690776761931743,0.23932557146501957,3.5408683162971045e-06,23429.947300186024,2678.82430149252,26108.771601678545,211139.1881985076,2678.82430149252,213818.0125000001,2.5541022738550896,1,15573.959716184301,1.106331265371299,236553.55232830136,5843.039496960806,0,0.0,0.0041158825547999035,0.0,-1.0,0.0,0.0,False,42771.050552952656,220633.80601916346,253689.34289909637,0.0,14323.407750833183,2209.958808697495,8591.356022660657,123343.47055109093,0.0,2319.0300799475785
48,ARMM,EQ,1,1538931332,helped,a,Maguindanao,1.0070430609709602,0,1.0070430609709602,1919.117943493833,0,1.0,78659.79700000005,22302.6775,33657.147543704996,3848.1343386666686,37505.281882371666,0.08745190262662235,0.0738264270796398,3.5408683162971045e-06,10730.04451486061,1226.8011289442584,11956.845643804869,55130.318371055786,1226.8011289442584,56357.119500000044,1.3191930123769358,1,15573.959716184301,1.2015387259756756,67715.26156368895,5843.039496960806,0,0.0,0.007131051698998041,0.0,-1.0,0.0,0.0,False,25447.7592435018,76115.12638711625,84512.50426276644,0.0,8321.711763319694,1012.0783061135618,1391.779532563236,35826.51704189219,0.0,681.5998384892898
49,ARMM,EQ,1,1538931446,helped,a,Maguindanao,0.5035215398014744,0,0.5035215398014744,3838.235815973855,0,1.0,50589.066,22302.6775,12247.858236898497,1400.3386292712034,13648.196866169701,0.05327616460048233,0.04831792100340483,3.5408683162971045e-06,3904.6814088549086,446.43374167893836,4351.115150533847,27839.95475832106,446.43374167893836,28286.388499999997,1.9542415405623799,1,15573.959716184301,1.1379977510102364,32189.846497201812,0.0,0,0.0,0.008892045268893225,0.0,-1.0,0.0,0.0,False,8094.277321302407,55280.47825699335,54353.1624146225,0.0,2679.5184682685203,368.29596452946265,3047.814432797983,19472.960337225846,0.0,368.22546535424993
50,ARMM,EQ,1,1538931788,helped,a,Maguindanao,0.6294019200938459,0,0.6294019200938459,0.0,0,1.0,140935.58000000005,22302.6775,45860.1131484178,5243.34024303174,51103.45339144954,0.16060692673453225,0.14204145234649468,3.5408683162971045e-06,14620.393581031847,1671.598536712987,16291.992117744834,116961.30396328708,1671.598536712987,118632.90250000007,2.231588702170179,1,15573.959716184301,1.121296113183735,133022.61246895508,5843.039496960806,0,0.0,0.005327453553929155,0.0,-1.0,0.0,0.0,False,28577.489680712046,133366.61078552727,151421.94650854418,0.0,9510.902948870156,1379.024338683387,2947.916750683522,69523.03738269268,0.0,1311.1668758189749
51,ARMM,EQ,1,1566111111,helped,a,Sulu,6.645878439190469,0,6.645878439190469,0.0,0,1.0,24142.43600000001,22302.6775,23099.398601848563,2641.0315623715883,25740.43016422015,0.027512161583647894,0.018160680906685742,3.5408683162971045e-06,7364.183728705309,841.9717757092417,8206.15550441455,7726.504508106466,841.9717757092417,8568.476283815708,0.023327030237333186,2,15573.959716184301,4.67258684536642,40036.94956859142,0.0,0,0.0,0.012871804982910543,0.004690661842447351,-1.0,0.21194605009633913,0.0,True,23003.849450838934,31676.232233984836,27428.51047028603,1039.9486677608506,7337.019228150949,694.6043237574779,8031.623551908427,8568.476283815708,1039.9486677608506,145.0212390404364
52,ARMM,EQ,1,1566126012,helped,a,Sulu,1.7028797404388318,1,1.7028797404388318,685.3992467243188,0,0.0,20699.721,22302.6775,25428.755827074947,2907.354770949359,28336.110598024305,0.022807858082889376,0.01251334199829624,3.5408683162971045e-06,8106.794864698598,926.8767151403513,9033.671579838949,8106.794864698598,926.8767151403513,9033.671579838949,0.0,3,15573.959716184301,5.63268004315001,50883.78162413027,0.0,0,0.0,0.013901054618474238,0.0,-1.0,0.21194605009633913,0.21194605009633913,False,25428.755827074947,16301.258688708054,12355.195011141155,0.0,8106.794439925074,764.6486408458235,8871.443080770898,8871.443080770898,0.0,170.93339269308086
53,ARMM,EQ,1,1566131117,helped,a,Sulu,1.7147229777606354,1,1.7147229777606354,0.0,0,0.0,18379.77500000001,22302.6775,24723.224280530532,2826.6889876192463,27549.91326814978,0.020945166414486592,0.01093627166209794,3.5408683162971045e-06,7881.866065259588,901.1601300767321,8783.02619533632,7881.866065259588,901.1601300767321,8783.02619533632,0.0,3,15573.959716184301,5.63268004315001,49471.97636893466,0.0,0,0.0,0.014752305599606979,0.0,-1.0,0.21194605009633913,0.21194605009633913,False,24723.224280530532,14969.169327685571,10970.471571634167,0.0,7881.866065259588,743.4331420692524,8625.29920732884,8625.29920732884,0.0,166.1907361720393
54,ARMM,EQ,1,1566131236,helped,a,Sulu,1.7147229777606354,1,1.7147229777606354,0.0,0,0.0,18344.682000000008,22302.6775,18177.92596918458,2078.343122717865,20256.269091902446,0.020905175243485664,0.013546083894759595,3.5408683162971045e-06,5795.197916242112,662.5843759309237,6457.782292173036,5795.197916242112,662.5843759309237,6457.782292173036,0.0,3,15573.959716184301,5.63268004315001,36374.62144013059,0.0,0,0.0,0.014766409286667358,0.0,-1.0,0.21194605009633913,0.21194605009633913,False,18177.92596918458,15436.496633426164,10949.527985147655,0.0,5795.197916242112,546.6144895273811,6341.812405769493,6341.812405769493,0.0,122.1929172595278
55,ARMM,EQ,1,1566131354,helped,a,Sulu,1.4289358458538441,0,1.4289358458538441,0.0,0,0.0,22801.00600000001,22302.6775,28049.354379454566,3206.976575327678,31256.330954782243,0.02598349898666916,0.014628069036051084,3.5408683162971045e-06,8942.250085477895,1022.3973845136035,9964.6474699915,8942.250085477895,1022.3973845136035,9964.6474699915,0.0,3,15573.959716184301,5.63268004315001,56127.67094124636,0.0,0,0.0,0.013245031369892041,0.0,-1.0,0.21194605009633913,0.0,True,28049.354379454566,29655.06095170413,25904.493269837425,0.0,8942.250085477895,843.4506528241702,9785.700738302066,9785.700738302066,0.0,188.5491471734502
56,ARMM,EQ,1,1566131473,helped,a,Sulu,2.0005102028273702,1,2.0005102028273702,0.0,0,0.0,15999.516000000005,22302.6775,21607.47383732838,2470.4548101497244,24077.928647478104,0.01823267832012311,0.009485156741711553,3.5408683162971045e-06,6888.551948644471,787.591202220756,7676.143150865227,6888.551948644471,787.591202220756,7676.143150865227,0.0,3,15573.959716184301,5.63268004315001,43237.2583342412,0.0,0,0.0,0.015811627453515734,0.0,-1.0,0.21194605009633913,0.21194605009633913,False,21607.47383732838,13780.88028189936,9549.748829781609,0.0,6888.551948644471,649.7417968138699,7538.293745458341,7538.293745458341,0.0,145.24650761962118
57,ARMM,EQ,1,1566131592,helped,a,Sulu,1.7147229777606354,1,1.7147229777606354,0.0,0,0.0,18754.285000000003,22302.6775,21082.1134780566,2410.3886017444274,23492.502079801026,0.021371949347024622,0.012837126171717823,3.5408683162971045e-06,6721.064895144022,768.4418467674972,7489.5067419115185,6721.064895144022,768.4418467674972,7489.5067419115185,0.0,3,15573.959716184301,5.63268004315001,42185.995158202466,0.0,0,0.0,0.014604266181320893,0.0,-1.0,0.21194605009633913,0.21194605009633913,False,21082.1134780566,15464.329310849489,11194.009789584483,0.0,6721.064895144022,633.9440878184607,7355.008982962482,7355.008982962482,0.0,141.71500930563548
58,ARMM,EQ,1,1566211116,helped,a,Sulu,1.7375861048218841,0,1.7375861048218841,0.0,0,1.0,68036.97700000001,22302.6775,41538.41816417344,4749.226389547307,46287.64455372075,0.07753336510395782,0.06071719484587992,3.5408683162971045e-06,13242.619361366544,1514.0729983785498,14756.692359745093,50948.94428543717,1514.0729983785498,52463.017283815716,0.9077458071475633,2,15573.959716184301,1.2872250135686898,67531.7081350141,5843.039496960806,0,0.0,0.007667565439693043,0.0,-1.0,0.0,0.0,True,34268.46692120424,69222.58513453453,77297.63335705939,0.0,11117.689793857531,1249.0699587552053,4424.749215742715,36080.66352792125,0.0,689.1515324843416
59,ARMM,EQ,1,1566211249,helped,a,Sulu,2.171982724187299,1,2.171982724187299,0.0,0,1.0,22240.633,22302.6775,5684.585728786773,649.9377142888696,6334.523443075643,0.025344910878861246,0.023043648613294603,3.5408683162971045e-06,1812.2694209455246,207.2028290751685,2019.472250020693,6459.470454740532,207.2028290751685,6666.6732838157,0.8175091828172378,2,15573.959716184301,1.3167611325691317,8778.416263665535,0.0,0,0.0,0.013410853669601229,0.010224202564036017,-1.0,0.21194605009633913,0.21194605009633913,False,4780.238360176853,18247.450901457305,13274.940110481271,2010.6947165263343,1548.1546347501562,170.93682368290573,1719.091458433062,5689.0231561890105,2010.6947165263343,70.01458764847902
60,ARMM,EQ,1,1566211379,helped,a,Sulu,0.7601939534655546,0,0.7601939534655546,0.0,0,1.0,29673.543,22302.6775,10739.659540437397,1227.9012239370795,11967.560764374477,0.033815283170899726,0.029467550972236273,3.5408683162971045e-06,3423.8478413543903,391.4599842894237,3815.307825643814,13708.123299526278,391.4599842894237,14099.583283815702,0.9575979033086777,2,15573.959716184301,1.2731538672448357,17950.9389843306,0.0,0,0.0,0.01161034951246798,0.0,-1.0,0.0,0.0,True,8766.909022152606,36851.15866748781,33712.47447410444,0.0,2846.9742165628,322.9440766425011,3169.918293205301,11721.42771246234,0.0,223.7756204380746
61,ARMM,EQ,1,1566233153,helped,a,Sulu,1.4385332764130407,0,1.4385332764130407,1919.1177980076216,0,0.0,30097.895999999993,22302.6775,25651.631226090976,2932.836861345877,28584.468087436853,0.03211188378517351,0.021727171599019636,3.5408683162971045e-06,8177.852831335482,935.0005108592761,9112.853342194758,13588.935772956416,935.0005108592761,14523.936283815692,0.2409900304449421,2,15573.959716184301,2.0258938857736926,29423.953714748895,0.0,0,0.0,0.011528211274024895,0.0,-1.0,0.21194605009633913,0.0,True,24453.39907704411,36965.98966402663,34194.578936365164,0.0,7832.133313859139,771.3505562715923,8603.48387013073,14523.936283815692,0.0,279.1959254619231
62,ARMM,EQ,1,1566237172,helped,a,Sulu,1.1047933677294892,0,1.1047933677294892,0.0,0,1.0,62615.32800000002,22302.6775,17122.456357308332,1957.6677490366565,19080.12410634499,0.07135497932143683,0.06442336372968405,3.5408683162971045e-06,5458.709842422738,624.1125681303746,6082.822410553113,39688.53793186964,624.1125681303746,40312.65050000002,1.9991190151193863,1,15573.959716184301,1.1349901586785578,45754.461587748265,0.0,0,0.0,0.007992629207138464,0.0,-1.0,0.0,0.0,False,11208.646174110694,70006.03725634342,71138.04082770845,0.0,3713.689144497633,514.8762712022859,4228.565415699919,27515.925371322686,0.0,520.0910614627015
63,ARMM,EQ,1,1566274222,helped,a,Sulu,1.913645821809256,0,1.913645821809256,0.0,0,1.0,74621.10900000003,22302.6775,18222.3910170545,2083.426960477928,20305.817977532428,0.0850364896218013,0.07765962409062856,3.5408683162971045e-06,5809.3735572474825,664.2051244169487,6473.578681664431,51654.22637558307,664.2051244169487,52318.43150000002,2.5158527646250692,1,15573.959716184301,1.1079102060514943,57964.12422345601,0.0,0,0.0,0.007321484479995207,0.0,-1.0,0.0,0.0,False,10691.254357508742,82010.40490266582,84777.9565091613,0.0,3577.70914727375,547.9515639265414,4125.660711200291,32359.264156954858,0.0,608.6219154451817
64,ARMM,EQ,1,1566274335,helped,a,Sulu,1.6402678738822034,0,1.6402678738822034,0.0,0,1.0,29568.061000000012,22302.6775,13829.909673916323,1581.219865639194,15411.129539555517,0.03369507832379291,0.028096286485702393,3.5408683162971045e-06,4409.032353853938,504.09942729478195,4913.13178114872,13490.001856520928,504.09942729478195,13994.101283815711,0.6566181353876812,2,15573.959716184301,1.3878785490666217,19422.112985273496,0.0,0,0.0,0.011631040632329493,0.0,-1.0,0.0,0.0,True,12033.157859701276,36669.91684924209,33592.63381960435,0.0,3885.063101804947,415.86862161462903,4300.931723419576,12302.719125271859,0.0,235.55340538773336
65,ARMM,EQ,1,1566274447,helped,a,Sulu,2.187023862896252,0,2.187023862896252,0.0,0,1.0,44617.313,22302.6775,27767.932109740545,3174.800625231319,30942.73273497186,0.05084485777177554,0.03960344705792513,3.5408683162971045e-06,8852.531502962182,1012.1395586611035,9864.671061623285,28031.213725154597,1012.1395586611035,29043.3532838157,0.6906773664814905,2,15573.959716184301,1.3702799831195593,39797.52564748238,0.0,0,0.0,0.009468436907342037,0.04585117346036912,-1.0,0.0,0.0,True,23986.603666144347,53890.4490929725,50690.26930917122,14521.67664190785,7749.474022499434,834.9882192901057,8584.462241789539,25373.4112127048,14521.67664190785,205.85064077149508
66,ARMM,EQ,1,1566274560,helped,a,Sulu,2.187023862896252,0,2.187023862896252,0.0,0,1.0,64729.309000000016,22302.6775,42489.29741769262,4857.943597464032,47347.24101515665,0.07376402316675391,0.05656288488186288,3.5408683162971045e-06,13545.763596739365,1548.7324935182435,15094.49609025761,47606.61679029746,1548.7324935182435,49155.3492838157,0.8016337116314636,2,15573.959716184301,1.3225974086630103,65012.73758469981,5843.039496960806,0,0.0,0.007861031023852851,0.003086535762618087,-1.0,0.0,0.0,True,35850.19907205258,66396.85539086173,73539.75049072852,1855.3392596591839,11607.094270319414,1277.663120518856,4942.746853968249,34128.811642541994,1855.3392596591839,616.7871265918145
67,ARMM,EQ,1,1566274672,helped,a,Sulu,1.3668899259551508,0,1.3668899259551508,5757.353532017398,0,1.0,111140.91000000002,22302.6775,59515.10350794158,6804.560997952003,66319.66450589358,0.12009266313501334,0.09599894861069071,3.5408683162971045e-06,18973.681320663076,2169.322164867564,21143.00348553064,86668.91033513244,2169.322164867564,88838.23250000001,1.1374462115391641,1,15573.959716184301,1.2321280070122886,109460.07435671934,5843.039496960806,0,0.0,0.005999195591797061,0.0,-1.0,0.0,0.0,False,46765.833789496864,111565.13835485808,126268.53035319169,0.0,15239.515137523287,1789.6330955638743,9087.137696217142,63459.42422354891,0.0,1209.4235969802835
68,ARMM,EQ,1,1566274785,helped,a,Sulu,1.0935118848681544,0,1.0935118848681544,0.0,0,1.0,49402.30100000001,22302.6775,18838.969713231054,2153.9224666751275,20992.892179906183,0.05629771940644307,0.048671135926516056,3.5408683162971045e-06,6005.941393497832,686.6793831036105,6692.620776601442,26412.944116896397,686.6793831036105,27099.62350000001,1.083233480070104,1,15573.959716184301,1.2431356389002506,33688.50777362876,0.0,0,0.0,0.008998215852045917,0.0,-1.0,0.0,0.0,False,14974.37675473009,56836.512143524786,56126.55690979492,0.0,4874.57881972644,566.4922296678004,5441.071049394241,22003.927183367327,0.0,419.57395772493675
69,ARMM,EQ,1,1566274898,helped,a,Sulu,1.913645821809256,0,1.913645821809256,0.0,0,1.0,25535.25600000001,22302.6775,20305.702735614323,2321.61896269459,22627.32169830891,0.02909938703583244,0.020878913937797824,3.5408683162971045e-06,6473.541942064722,740.1417190125893,7213.683661077312,9221.154564803117,740.1417190125893,9961.296283815705,0.15463965141205596,2,15573.959716184301,2.4231603063664906,24137.81775489825,0.0,0,0.0,0.01251583668594029,0.0023511391894256773,-1.0,0.21194605009633913,0.0,True,19691.629245030286,32864.39464294719,29010.911611721436,560.4143841304858,6296.505729526988,610.5972350277132,6907.102964554701,9961.296283815707,560.4143841304858,180.84887169714543
70,ARMM,EQ,1,1566420222,helped,a,Sulu,0.6923660802935437,1,0.6923660802935437,0.0,0,1.0,17854.453000000005,22302.6775,23975.158891765055,2741.1601677351955,26716.319059500252,0.020346521615451182,0.010640472104132954,3.5408683162971045e-06,7643.379728064927,873.8931888640249,8517.272916928952,7643.379728064927,873.8931888640249,8517.272916928952,0.0,3,15573.959716184301,5.63268004315001,47975.07318124778,0.0,0,0.0,0.014967756901130025,0.0,-1.0,0.21194605009633913,0.21194605009633913,False,23975.158891765055,14711.421852577205,10656.9187801218,0.0,7643.379728064926,720.9386406994964,8364.318368764423,8364.318368764423,0.0,161.16220363707944
71,ARMM,EQ,1,1566420335,helped,a,Sulu,1.384732197851065,1,1.384732197851065,0.0,0,1.0,18049.627000000004,22302.6775,17266.849992734344,1974.176756701261,19241.026749435605,0.020568937390931626,0.01357868554269568,3.5408683162971045e-06,5504.743130079316,629.3757079945883,6134.118838073904,5504.743130079316,629.3757079945883,6134.118838073904,0.0,3,15573.959716184301,5.63268004315001,34551.52876152941,0.0,0,0.0,0.014886612366672453,0.0,-1.0,0.21194605009633913,0.21194605009633913,False,17266.849992734344,15328.350626851116,10773.4165439817,0.0,5504.743130079316,519.218221623538,6023.961351702854,6023.961351702854,0.0,116.06861949331125
72,ARMM,EQ,1,1566420447,helped,a,Sulu,0.8654575817349411,1,0.8654575817349411,0.0,0,1.0,21050.871000000003,22302.6775,22245.904272033156,2543.4486987568066,24789.35297078996,0.02398908562617821,0.01498312176788469,3.5408683162971045e-06,7092.086209436306,810.8619555438398,7902.9481649801455,7092.086209436306,810.8619555438398,7902.9481649801455,0.0,3,15573.959716184301,5.63268004315001,44514.77841093266,0.0,0,0.0,0.01378462515101108,0.0,-1.0,0.21194605009633913,0.21194605009633913,False,22245.904272033156,16748.290361570944,12564.790756796587,0.0,7092.086209436306,668.9395494483829,7761.025758884689,7761.025758884689,0.0,149.53806857195931
73,ARMM,EQ,1,1566420560,helped,a,Sulu,0.8654575817349411,1,0.8654575817349411,0.0,0,0.0,19140.492000000006,22302.6775,18850.9679407634,2155.2942641903624,21006.26220495376,0.021812061910178402,0.014180498949089649,3.5408683162971045e-06,6009.76647801583,687.1167178201933,6696.883195836023,6009.76647801583,687.1167178201933,6696.883195836023,0.0,3,15573.959716184301,5.63268004315001,37721.40032849223,0.0,0,0.0,0.014456176671459358,0.0,-1.0,0.21194605009633913,0.21194605009633913,False,18850.9679407634,15861.28879181893,11424.529117568141,0.0,6009.76647801583,566.853019178603,6576.619497194433,6576.619497194433,0.0,126.71713867426652
74,ARMM,EQ,1,1566420673,helped,a,Sulu,1.1250948758190114,1,1.1250948758190114,0.0,0,0.0,21132.137000000006,22302.6775,28053.782887264304,3207.4829014490338,31261.26578871334,0.024081694479868736,0.012724464954718453,3.5408683162971045e-06,8943.661912067715,1022.5588033734005,9966.220715441115,8943.661912067715,1022.5588033734005,9966.220715441115,0.0,3,15573.959716184301,5.63268004315001,56136.53252949339,0.0,0,0.0,0.0137580944596874,0.0,-1.0,0.21194605009633913,0.21194605009633913,False,28053.782887264304,16363.533507968537,12613.294285288603,0.0,8943.661912067715,843.5838190907668,9787.245731158482,9787.245731158482,0.0,188.57891582193605
75,ARMM,EQ,1,1566420785,helped,a,Sulu,0.8654575817349411,1,0.8654575817349411,0.0,0,0.0,21142.00600000001,22302.6775,12417.765455138051,1419.76469026006,13837.530145398112,0.02409294096397121,0.01906580866515005,3.5408683162971045e-06,3958.8349414555037,452.626850197163,4411.461791652667,5115.419433618545,452.626850197163,5568.046283815707,0.10762727599430225,2,15573.959716184301,2.8150823184587943,15674.508641929795,0.0,0,0.0,0.013754882974383056,0.014199884980688707,-1.0,0.21194605009633913,0.21194605009633913,False,12156.421590547916,17831.146676292345,12619.19120342177,2585.1871095757506,3883.5626046111893,373.40511435890255,4256.9677189700915,5568.046283815707,2585.1871095757506,57.36203879994829
76,ARMM,EQ,1,1566420898,helped,a,Sulu,0.5192745695361523,0,0.5192745695361523,0.0,0,1.0,27279.287000000004,22302.6775,34380.159933142255,3930.7987652780475,38310.958698420305,0.031086844419125945,0.0171684644046854,3.5408683162971045e-06,10960.537056998148,1253.1548897450075,12213.691946743154,10960.537056998148,1253.1548897450075,12213.691946743154,0.32463752417793257,3,15573.959716184301,5.63268004315001,68795.81888160217,5843.039496960806,0,0.0,0.012109145237957699,0.000527486620935267,0.0,0.0,0.0,True,32094.15771441173,28298.4080317996,30992.32108058872,136.05932056976144,10295.950876698505,1033.8194579283609,3387.7597977568457,13872.103200698155,136.05932056976144,263.8294564806332
77,ARMM,EQ,1,1566515015,helped,a,Sulu,1.7456302796398873,0,1.7456302796398873,411.2395447708592,0,1.0,23346.768,22302.6775,21129.794394956956,2415.8401205751643,23545.63451553212,0.0261367976647683,0.01758268818256821,3.5408683162971045e-06,6736.267224630416,770.179813498234,7506.44703812865,7002.628470317465,770.179813498234,7772.808283815699,0.02002892794028517,2,15573.959716184301,4.8283471523760255,37529.816743126314,0.0,0,0.0,0.013089305732282152,0.006284743623259911,-1.0,0.21194605009633913,0.21194605009633913,True,21056.60914950781,31002.866321165686,26524.5425536619,1332.6885836248725,6715.526325127821,635.3778641522334,7350.904189280054,7772.808283815699,1332.6885836248725,124.05819028873194
78,ARMM,EQ,1,1566734011,helped,a,Sulu,1.6341969198315616,1,1.6341969198315616,0.0,0,0.0,19313.260000000006,22302.6775,19089.718369377068,2182.5913998589936,21272.30976923606,0.02200894432637218,0.01428072615736006,3.5408683162971045e-06,6085.881101254441,695.8191574722416,6781.7002587266825,6085.881101254441,695.8191574722416,6781.7002587266825,0.0,3,15573.959716184301,5.63268004315001,38199.147705955045,0.0,0,0.0,0.014391372091969045,0.0,-1.0,0.21194605009633913,0.21194605009633913,False,19089.718369377068,15946.599424517166,11527.650422655057,0.0,6085.881101254441,574.0323004608757,6659.9134017153165,6659.9134017153165,0.0,128.3220308615668
79,ARMM,EQ,1,1570113017,helped,a,Tawi-tawi,4.357857924977816,0,4.357857924977816,0.0,1,0.0,37827.422000000006,22302.6775,13617.86231551131,1556.9757813702493,15174.838096881558,0.04310725505731223,0.03759434196043095,3.5408683162971045e-06,4341.430779743857,496.37031304518257,4837.801092789039,21757.09197077052,496.37031304518257,22253.462283815705,1.2788836300092055,2,15573.959716184301,1.2076063941323194,26873.42334551825,0.0,0,0.0,0.010283160715591455,0.0,-1.0,0.0,0.0,True,10384.642194004075,71940.45356043061,70231.22066754533,0.0,3393.2594044325724,409.4923079049861,3802.7517123375583,17414.82089390568,0.0,331.44528925831366
80,ARMM,EQ,1,1570130121,helped,a,Tawi-tawi,1.7431429091432844,0,1.7431429091432844,2056.1977494659377,0,1.0,39478.047000000006,22302.6775,10175.688150610897,1163.4204871664192,11339.108637777315,0.04264507373405094,0.03852569140691267,3.5408683162971045e-06,3244.058712484875,370.90325895098016,3614.961971435855,16804.466241049024,370.90325895098016,17175.369500000004,1.3326280569781466,1,15573.959716184301,1.1995944295364456,20603.47757743017,0.0,0,0.0,0.01006588966786871,0.0,-1.0,0.0,0.0,False,7671.837125523412,75965.33674409086,73295.80650664255,0.0,2509.433354148967,305.98532491908384,2815.4186790680506,13305.03581817674,0.0,253.09581575281948
81,ARMM,EQ,1,1570130251,helped,a,Tawi-tawi,1.369612338989691,0,1.369612338989691,3402.0725077933016,0,1.0,31803.640999999996,22302.6775,10786.52011525045,1233.2589503110573,12019.779065561508,0.03236577044614029,0.027999062044185917,3.5408683162971045e-06,3438.799232539102,393.168049597364,3831.967282136466,15836.51323421833,393.168049597364,16229.681283815693,1.1493710547251288,2,15573.959716184301,1.229839139528751,19959.897264913765,0.0,0,0.0,0.01121480107048948,0.0,-1.0,0.0,0.0,True,8454.446888495962,61836.421721150866,59047.333244062254,0.0,2755.6784565582107,324.3531850976581,3080.031641655869,13014.926803169416,0.0,248.0129343016239
82,ARMM,EQ,1,1570130385,helped,a,Tawi-tawi,1.2451021178851789,0,1.2451021178851789,3262.500324536639,0,1.0,40550.086,22302.6775,10226.972934254212,1169.2840481450394,11396.256982399253,0.042492070069791735,0.03835192503007974,3.5408683162971045e-06,3260.4127847947993,372.7725864211581,3633.1853712159573,17874.635913578844,372.7725864211581,18247.4085,1.4289881495466934,1,15573.959716184301,1.1866776459393742,21653.79176327413,0.0,0,0.0,0.009931940425125364,0.0,-1.0,0.0,0.0,False,7554.627137205802,77789.72170816132,75286.1763684185,0.0,2475.6901639141674,307.5274703695183,2783.2176342836856,13880.057131912345,0.0,263.7902821993653
83,ARMM,EQ,1,1570250319,helped,a,Tawi-tawi,1.936825692679061,0,1.936825692679061,2302.9416131838616,0,0.0,26021.849999999995,22302.6775,8672.336415401502,991.5372511363533,9663.873666537855,0.02702951931303977,0.02351869975268169,3.5408683162971045e-06,2764.7848406357843,316.106173025612,3080.8910136613963,10131.784110790082,316.106173025612,10447.890283815694,0.849482644270002,2,15573.959716184301,1.3056251862971036,13641.028698218563,0.0,0,0.0,0.012398264897451126,0.0016332055487453757,-1.0,0.0,0.0,True,7243.421996296888,52214.61189644742,48312.73463217284,398.7171669200869,2347.347396170628,260.77918629168306,2608.126582462311,8862.82956859317,398.7171669200869,161.69507766603988
84,ARMM,EQ,1,1570250427,helped,a,Tawi-tawi,3.6799690676220638,0,3.6799690676220638,2020.1240840123432,1,0.0,39276.79299999999,22302.6775,10419.673614255154,1191.3161619132406,11610.989776168395,0.04245683804588418,0.03823867979160283,3.5408683162971045e-06,3321.8421587920525,379.79651533451903,3701.6386741265715,16594.31898466547,379.79651533451903,16974.11549999999,1.2737900741646402,1,15573.959716184301,1.2083992136191972,20511.507822081414,0.0,0,0.0,0.010091645489374947,0.0,-1.0,0.0,0.0,False,7954.3658221775,75610.47167583588,72922.15383279328,0.0,2598.8992757341052,313.32202493030024,2912.2213006644056,13296.166327576404,0.0,253.06990483381972
85,ARMM,EQ,1,1570250534,helped,a,Tawi-tawi,2.7115561747025616,0,2.7115561747025616,3015.7566464626752,1,1.0,27355.366999999995,22302.6775,11807.591210375957,1350.0014264305862,13157.592636806543,0.0277368569157457,0.022956760924809364,3.5408683162971045e-06,3764.3195491785773,430.38603340320225,4194.70558258178,11351.021250412492,430.38603340320225,11781.407283815694,0.6425274694949701,2,15573.959716184301,1.3956582691191006,16442.818497517375,0.0,0,0.0,0.012092294701636887,0.0,-1.0,0.0,0.0,True,10304.302106801963,54299.91124021039,50788.56963096107,0.0,3325.985005032587,355.05703197102224,3681.0420370036095,10384.314836315414,0.0,198.84970758157212
86,ARMM,EQ,1,1570250749,helped,a,Tawi-tawi,1.7431431886231155,0,1.7431431886231155,0.0,1,0.0,59169.49600000002,22302.6775,18817.850849096398,2151.5078762477992,20969.3587253442,0.067428188885952,0.05981019459470588,3.5408683162971045e-06,5999.208612341498,685.9096016974836,6685.118214038982,36180.908898302536,685.9096016974836,36866.81850000002,1.603886678026801,1,15573.959716184301,1.167055128368859,43025.60959706896,0.0,0,0.0,0.008222067931794311,0.0,-1.0,0.0,0.0,False,13394.825643465183,109067.14175076105,109855.3839696146,0.0,4404.353662957919,565.8571804791344,4970.210843437054,27128.280482040187,0.0,514.7088097983814
87,ARMM,EQ,1,1570250964,helped,a,Tawi-tawi,2.324190980270783,0,2.324190980270783,463.7868229113265,0,1.0,52427.598000000005,22302.6775,13483.04501020398,1541.5616675828,15024.60667778678,0.059216757149371,0.05375848063471,3.5408683162971045e-06,4298.452107909779,491.4562298734734,4789.908337783253,29633.46427012653,491.4562298734734,30124.920500000004,1.8790274854858966,1,15573.959716184301,1.1433506253364678,34443.346691886385,0.0,0,0.0,0.008734740665458405,0.0,-1.0,0.0,0.0,False,9053.763407171728,97907.35289697017,97338.22904376205,0.0,2992.793908178074,405.4383199723172,3398.232228150391,21037.713325905737,0.0,398.1008717369175
88,ARMM,EQ,1,1570510121,helped,a,Tawi-tawi,1.4599905267640183,0,1.4599905267640183,4660.7144903575645,0,1.0,60632.23,22302.6775,20989.75971879111,2399.8294873134437,23389.589206104552,0.06378384429735826,0.05528655986364308,3.5408683162971045e-06,6691.638638029851,765.0755574531094,7456.71419548296,37564.4769425469,765.0755574531094,38329.552500000005,1.4708523926969064,1,15573.959716184301,1.1815725695795645,45289.14783825983,0.0,0,0.0,0.008122285012863419,0.0,-1.0,0.0,0.0,False,15368.090763375234,111428.46580053393,112571.12199225747,0.0,5040.260593365732,631.1669886564102,5671.427582022143,28925.390052154275,0.0,549.5059765052239
89,ARMM,EQ,1,1570510243,helped,a,Tawi-tawi,3.7542613279189205,1,3.7542613279189205,10715.074075858876,1,1.0,20574.4839999999,22302.6775,11172.045734034013,1277.3373847698983,12449.383118803911,0.011235555473871492,0.00671269576768992,3.5408683162971045e-06,3561.732287303569,407.2204366496669,3968.9527239532363,4593.30384716593,407.2204366496669,5000.524283815597,0.10673888593678578,2,15573.959716184301,2.824667249704573,14124.817175846332,0.0,0,0.0,0.013943298330456665,0.014103232709717882,-1.0,0.21194605009633913,0.21194605009633913,False,10938.878992373087,14136.93734449507,8822.809825043836,2500.2621419077987,3494.570700889521,335.9460307098772,3830.516731599398,5000.524283815597,2500.2621419077987,48.07559848291339
90,ARMM,EQ,1,1570510365,helped,a,Tawi-tawi,3.7542613279189205,0,3.7542613279189205,0.0,1,1.0,29654.223000000005,22302.6775,38002.41339311443,4344.94312806378,42347.35652117821,0.03379326654582527,0.018408460269485814,3.5408683162971045e-06,12115.326428399312,1385.1858239840335,13500.512252383345,12695.077459831671,1385.1858239840335,14080.263283815704,0.32232704721105615,2,15573.959716184301,4.693554568569828,66086.48406241921,5843.039496960806,0,0.0,0.011614131021583067,0.0,-1.0,0.0,0.0,True,35492.937163943025,51847.975527016264,55056.66922665766,0.0,11385.787806122475,1142.7414674754325,4586.518736727887,16098.124112882037,0.0,309.21461297761834
91,ARMM,EQ,1,1570524016,helped,a,Tawi-tawi,7.729188471784745,0,7.729188471784745,1180.9956179494063,0,1.0,49582.766,22302.6775,17008.21732168207,1944.6064177031337,18952.823739385203,0.05515753785929466,0.04827211353237931,3.5408683162971045e-06,5422.294147541171,619.9485617274607,6042.242709268631,26660.139938272543,619.9485617274607,27280.088500000005,1.248681469024821,1,15573.959716184301,1.2123975995443164,33074.31381275652,0.0,0,0.0,0.008981825648028435,0.0,-1.0,0.0,0.0,False,13053.332875824653,92816.68477812796,92056.4489494265,0.0,4262.796099841529,511.44107665650506,4774.237176498034,21470.60227499279,0.0,408.754848705516
92,ARMM,EQ,1,1570541111,helped,a,Tawi-tawi,12.676512027762385,0,12.676512027762385,1370.7984181380875,1,1.0,36033.031,22302.6775,18211.834055511445,2082.219947727573,20294.054003239016,0.039500278416070754,0.03212752553493796,3.5408683162971045e-06,5806.01280809935,663.8203237643553,6469.833131863706,19795.250960051344,663.8203237643553,20459.071283815698,0.7681399967357178,2,15573.959716184301,1.335644702205715,27326.05017227751,0.0,0,0.0,0.010536093063094677,0.0,-1.0,0.0,0.0,True,15475.642981191671,68743.83106474057,66899.71132965072,0.0,5007.266624946534,547.6341136214514,5554.900738567985,17619.60851051422,0.0,336.9915396285395
93,ARMM,EQ,1,1570541464,helped,a,Tawi-tawi,12.676512027762385,0,12.676512027762385,342.6996045345219,1,1.0,26691.490000000005,22302.6775,19655.323855322855,2247.258968308754,21902.58282363161,0.030026472013582883,0.022069302078676748,3.5408683162971045e-06,6266.199680899052,716.4354455220331,6982.635126421084,10401.094838293671,716.4354455220331,11117.530283815704,0.24032370409328543,2,15573.959716184301,2.028074704693925,22547.181947275305,0.0,0,0.0,0.012241752268705568,0.0007120930202133675,-1.0,0.21194605009633913,0.0,True,18739.647766249916,53085.844696366454,49556.00081632262,179.48354461552037,6002.006272765977,591.040189837158,6593.046462603135,11117.530283815704,179.48354461552037,210.25715761502443
94,ARMM,EQ,1,1570633017,helped,a,Tawi-tawi,5.578058110434026,0,5.578058110434026,0.0,0,1.0,74134.26600000002,22302.6775,26086.64135088387,2982.573025015406,29069.214375899275,0.08448169460103919,0.07392105802045246,3.5408683162971045e-06,8316.529061383288,950.8566053635744,9267.385666746863,50880.73189463644,950.8566053635744,51831.58850000001,1.631647488104519,1,15573.959716184301,1.164313667323477,60348.226889636375,0.0,0,0.0,0.00734548539672312,0.0,-1.0,0.0,0.0,False,18459.924098847652,134184.85105082652,137639.30314063202,0.0,6073.056631394498,784.4314125643289,6857.488043958827,37939.54311387919,0.0,719.6409774527847
95,ARMM,EQ,1,1570748013,helped,a,Tawi-tawi,3.399128635565427,0,3.399128635565427,799.6324802527713,1,1.0,40324.543,22302.6775,15876.57504223692,1815.2219679673042,17691.797010204224,0.04504167370676719,0.03861434848166868,3.5408683162971045e-06,5061.5205621732575,578.7002644918854,5640.220826665143,24171.88301932381,578.7002644918854,24750.583283815697,1.203682935791296,2,15573.959716184301,1.2199608736624645,30194.743206579387,0.0,0,0.0,0.009959677330519081,0.0,-1.0,0.0,0.0,True,12301.594785200194,76078.26392794195,74867.4287784538,0.0,4013.8202664088044,477.41232838483086,4491.232594793635,19645.87979162609,0.0,374.1775294195589
96,ARMM,EQ,1,1570912016,helped,a,Tawi-tawi,7.819136074299324,0,7.819136074299324,0.0,1,1.0,24047.217000000004,22302.6775,14696.475728897076,1680.2972633468926,16376.772992243968,0.02740365221392922,0.02145401683803222,3.5408683162971045e-06,4685.29719312239,535.6857111049202,5220.98290422731,7937.571572710783,535.6857111049202,8473.257283815703,0.25301678119236304,2,15573.959716184301,1.988142721724997,16846.044798121507,0.0,0,0.0,0.012897263843961185,0.004811464125140361,-1.0,0.21194605009633913,0.0,True,13976.88071892269,48922.83330954193,44646.587628366455,1061.6342091842662,4477.663185049825,441.9264657596677,4919.589650809493,8473.257283815703,1061.6342091842662,142.40852953445508
97,ARMM,EQ,1,1572200244,helped,a,Basilan,2.3430920149267687,0,2.3430920149267687,0.0,0,1.0,22369.799000000006,22302.6775,15291.143539443872,1748.287624648109,17039.43116409198,0.025492105464491033,0.01930171755144063,3.5408683162971045e-06,4874.879748490869,557.3613192466465,5432.241067737516,6238.477964569059,557.3613192466465,6795.839283815705,0.10324946642005288,2,15573.959716184301,2.86331170912043,19458.606194650103,0.0,0,0.0,0.013372079649035834,0.010815195078850181,-1.0,0.21194605009633913,0.21194605009633913,True,14982.548932337913,12125.688068919037,7270.073376965801,2130.7866951787305,4786.0103006505415,459.80826604048275,5245.818566691024,6795.839283815705,2130.7866951787305,89.7552461169432
98,ARMM,EQ,1,1572200368,helped,a,Basilan,1.0814270838123548,0,1.0814270838123548,0.0,0,1.0,37075.246,22302.6775,12799.820653533629,1463.4463399394638,14263.266993473093,0.04225009268764324,0.03706835316410812,3.5408683162971045e-06,4080.635717483795,466.5527406221339,4547.1884581059285,21034.733543193564,466.5527406221339,21501.286283815698,1.324557451594392,2,15573.959716184301,1.2007578683491356,25817.838684919043,0.0,0,0.0,0.010386948420414233,0.002120423544541844,-1.0,0.0,0.0,True,9666.791348864888,14072.1117056124,12049.275565003549,735.0246187640416,3161.477265926878,384.89360361759486,3546.370869544473,16681.577869431396,735.0246187640416,303.18852703414143
99,ARMM,EQ,1,1572200493,helped,a,Basilan,0.7209513519442587,0,0.7209513519442587,0.0,0,1.0,39071.25800000001,22302.6775,16885.043484901642,1930.5235406463482,18815.56702554799,0.04452470178951268,0.037689105602732524,3.5408683162971045e-06,5383.021637630141,615.4588823266024,5998.480519956744,22881.839401489102,615.4588823266024,23497.298283815704,1.036350174609035,2,15573.959716184301,1.2535328666209444,29454.635675558897,0.0,0,0.0,0.010118154306727491,0.009171303524351746,-1.0,0.0,0.0,True,13555.30390942758,14745.757894158114,12697.968432603822,3191.1442197770502,4408.646581008193,507.7372105482924,4916.383791556485,19247.759048722568,3191.1442197770502,305.69780184455533
