,district,hazard,rp,hhid,helped_cat,affected_cat,N_children,pcwgt,frac_remittance,pcsoc,pcsamurdhi,gsp_samurdhi,pov_line,c,k,optimal_hh_reco_rate,dk_private,dk_public,dk0,scale_fac_soc,di0_pub,hh_reco_rate,dc0_prv,dc0_pub,dc0,welf_class,c_min,sub_savings_q1,sub_savings_q3,dc_pre_reco,dw,const,integ,t_start_prv_reco,t_pov_inc,t_pov_cons,dk_prv_t,sav_f,sav_i,sav_offset_to,t_exhaust_sav,intermed_sf_num,di_t,di_prv_t,di_pub_t,dc_t,dc_net,sav_delta,dc_net_t0
0,Ampara,PF,5,521411,helped,a,2,5.330590823111983,0.0,0.0,0.0,0.0,52153.133146515145,96075.65860047363,298482.23822773044,1.0350000000000006,26060,0,26060.0,1.743473478250559e-05,0.0,1.0350000000000006,35360.309891464625,0.0,35360.309891464625,1,45477.532103761216,1.0,1.0,0,0,0.00645243013073147,0.015385766510273562,-1,0.0,0.0,21348.44000000001,4477.07,7997.11,13791.0,0.91,116092.00571160321,7010.06,7010.06,0,29550.76,13791.0,298.02,13791.0
1,Ampara,PF,10,521411,helped,a,2,6.480996107587006,0.0,0.0,0.0,0.0,52153.133146515145,96075.65860047363,298482.23822773044,0.7150000000000004,44754,0,44754.0,2.192072989425747e-05,0.0,0.7150000000000004,46404.556871934285,0.0,46404.556871934285,1,45477.532103761216,1.0,1.0,0,0,0.00645243013073147,0.03115456070838151,-1,0.0,0.0,38994.310000000005,4472.219999999998,7997.22,25058.0,0.862,256227.67174255705,12725.63,12725.63,0,40993.32,25058.0,301.62,25058.0
2,Ampara,PF,25,521411,helped,a,2,7.559263766962934,0.0,0.0,0.0,0.0,52153.133146515145,96075.65860047363,298482.23822773044,1.0350000000000006,26751,0,26751.0,2.4716257527773024e-05,0.0,1.0350000000000006,36297.91442465733,0.0,36297.91442465733,1,45477.532103761216,1.0,1.0,0,0,0.00645243013073147,0.016304828742798254,-1,0.0,0.0,21914.540000000005,4453.580000000002,7997.28,14519.0,0.885,168994.52281103504,7195.95,7195.95,0,30334.36,14519.0,298.94,14519.0
3,Ampara,PF,50,521411,helped,a,2,8.021197682071167,0.0,0.0,0.0,0.0,52153.133146515145,96075.65860047363,298482.23822773044,0.7150000000000004,45815,0,45815.0,2.7245611072726705e-05,0.0,0.7150000000000004,47504.68724779169,0.0,47504.68724779169,1,45477.532103761216,1.0,1.0,0,0,0.00645243013073147,0.03284723865267795,-1,0.0,0.0,39918.76,4480.35,7997.33,26128.0,0.836,324638.00339960214,13027.32,13027.32,0,41965.16,26128.0,299.6,26128.0
4,Ampara,PF,100,521411,helped,a,2,8.61601669604615,0.0,0.0,0.0,0.0,52153.133146515145,96075.65860047363,298482.23822773044,0.7150000000000004,45031,0,45031.0,2.835882364462852e-05,0.0,0.7150000000000004,46691.77281360488,0.0,46691.77281360488,1,45477.532103761216,1.0,1.0,0,0,0.00645243013073147,0.03139895419068499,-1,0.0,0.0,39235.659999999996,4450.56,7997.37,25214.0,0.862,342744.54104754707,12804.39,12804.39,0,41247.04,25214.0,303.47,25214.0
5,Ampara,PF,250,521411,helped,a,2,9.196914413949381,0.0,0.0,0.0,0.0,52153.133146515145,96075.65860047363,298482.23822773044,0.9650000000000006,28362,0,28362.0,3.02561042692661e-05,0.0,0.9650000000000006,36498.50916123252,0.0,36498.50916123252,1,45477.532103761216,1.0,1.0,0,0,0.00645243013073147,0.01734198457285294,-1,0.0,0.0,23549.760000000002,4532.86,7997.44,15329.0,0.899,220649.8874525818,7722.47,7722.47,0,30874.49,15329.0,294.03,15329.0
6,Ampara,PF,500,521411,helped,a,2,10.304290237838977,0.0,0.0,0.0,0.0,52153.133146515145,96075.65860047363,298482.23822773044,0.7950000000000005,40144,0,40144.0,3.4209097873120826e-05,0.0,0.7950000000000005,44836.05704846338,0.0,44836.05704846338,1,45477.532103761216,1.0,1.0,0,0,0.00645243013073147,0.027803554024158357,-1,0.0,0.0,34442.579999999994,4392.640000000002,7997.51,22866.0,0.847,360384.616764935,11257.53,11257.53,0,39062.04,22866.0,306.33,22866.0
7,Ampara,PF,1000,521411,helped,a,2,10.940873140029225,0.0,0.0,0.0,0.0,52153.133146515145,96075.65860047363,298482.23822773044,0.9650000000000006,30602,0,30602.0,3.722218967863348e-05,0.0,0.9650000000000006,39381.121830337695,0.0,39381.121830337695,1,45477.532103761216,1.0,1.0,0,0,0.00645243013073147,0.019969715803505924,-1,0.0,0.0,25409.72,4411.17,7997.57,17328.0,0.851,283221.89721794915,8332.39,8332.39,0,33312.95,17328.0,302.06,17328.0
8,Ampara,PF,5,521421,helped,a,2,6.663238528889979,0.0,0.0,0.0,0.0,52153.133146515145,75242.57914904952,233759.24517809914,1.0350000000000006,20918,0,20918.0,1.743473478250559e-05,0.0,1.0350000000000006,28383.229559081232,0.0,28383.229559081232,1,45477.532103761216,1.0,1.0,0,0,0.007291185688264953,0.002198833831235216,-1,0.0,0.0,17136.130000000005,15947.969999999998,6263.02,1703.0,2.718,116482.00506269913,5626.89,5626.89,0,23720.03,1703.0,419.69,1703.0
9,Ampara,PF,10,521421,helped,a,2,8.101245134483758,0.0,0.0,0.0,0.0,52153.133146515145,75242.57914904952,233759.24517809914,0.6450000000000004,39881,0,39881.0,2.192072989425747e-05,0.0,0.485,29766.047045288302,0.0,29766.047045288302,2,45477.532103761216,1.0,1.0,0,0,0.007291185688264953,0.013838005861103772,-1,0.0,0.0,36541.299999999996,17146.970000000005,6263.1,9823.0,2.612,298809.40401345,11872.37,11872.37,0,29761.29,9823.0,381.5,9823.0
10,Ampara,PF,25,521421,helped,a,2,9.449079708703666,0.0,0.0,0.0,0.0,52153.133146515145,75242.57914904952,233759.24517809914,1.1150000000000009,17548,0,17548.0,2.4716257527773024e-05,0.0,1.1150000000000009,25214.381748864977,0.0,25214.381748864977,1,45477.532103761216,1.0,1.0,0,0,0.007291185688264953,0.0006429053297373833,-1,0.0,0.0,14155.499999999998,15951.089999999998,6263.15,504.0,3.509,136661.09491901024,4655.33,4655.33,0,20781.46,504.0,386.43,504.0
11,Ampara,PF,50,521421,helped,a,2,10.026497102588957,0.0,0.0,0.0,0.0,52153.133146515145,75242.57914904952,233759.24517809914,1.0350000000000006,20594,0,20594.0,2.7245611072726705e-05,0.0,1.0350000000000006,27943.600226585666,0.0,27943.600226585666,1,45477.532103761216,1.0,1.0,0,0,0.007291185688264953,0.002164690964466146,-1,0.0,0.0,16870.690000000002,15968.859999999993,6263.19,1677.0,2.718,172561.12864907828,5539.73,5539.73,0,23352.61,1677.0,413.18,1677.0
12,Ampara,PF,100,521421,helped,a,2,10.770020870057687,0.0,0.0,0.0,0.0,52153.133146515145,75242.57914904952,233759.24517809914,0.9050000000000006,26656,0,26656.0,2.835882364462852e-05,0.0,0.909,29766.047045288302,0.0,29766.047045288302,2,45477.532103761216,1.0,1.0,0,0,0.007291185688264953,0.006348202911953797,-1,0.0,0.0,22552.080000000005,15578.399999999996,6263.22,4763.0,2.306,247177.90247930252,7387.34,7387.34,0,28249.39,4763.0,447.79,4763.0
13,Ampara,PF,250,521421,helped,a,2,11.496143017436724,0.0,0.0,0.0,0.0,52153.133146515145,75242.57914904952,233759.24517809914,0.7550000000000004,32264,0,32264.0,3.02561042692661e-05,0.0,0.71,29766.047045288302,0.0,29766.047045288302,2,45477.532103761216,1.0,1.0,0,0,0.007291185688264953,0.009330681118930583,-1,0.0,0.0,28449.030000000002,16451.30999999999,6263.28,6846.0,2.447,331558.9961901607,9283.32,9283.32,0,29760.35,6846.0,437.61,6846.0
14,Ampara,PF,500,521421,helped,a,2,12.880362797298721,0.0,0.0,0.0,0.0,52153.133146515145,75242.57914904952,233759.24517809914,1.2150000000000007,16248,0,16248.0,3.4209097873120826e-05,0.0,1.2150000000000007,24971.236896259295,0.0,24971.236896259295,1,45477.532103761216,1.0,1.0,0,0,0.007291185688264953,0.0,-1,0.0,0.0,12856.699999999999,16147.320000000003,6263.33,0.0,10.0,169521.41725869183,4236.35,4236.35,0,20227.24,0.0,385.21,0.0
15,Ampara,PF,1000,521421,helped,a,2,13.67609142503653,0.0,0.0,0.0,0.0,52153.133146515145,75242.57914904952,233759.24517809914,1.0350000000000006,20436,0,20436.0,3.722218967863348e-05,0.0,1.0350000000000006,27729.213082961283,0.0,27729.213082961283,1,45477.532103761216,1.0,1.0,0,0,0.007291185688264953,0.0021476263179595672,-1,0.0,0.0,16741.24,15959.53,6263.37,1664.0,2.718,233566.44359791515,5497.22,5497.22,0,23173.42,1664.0,410.02,1664.0
16,Ampara,PF,5,521431,helped,a,2,5.330590823111983,0.0,0.0,0.0,0.0,52153.133146515145,106152.78973650702,329789.2799926544,0.7150000000000004,48911,0,48911.0,1.743473478250559e-05,0.0,0.7150000000000004,50714.86975830491,0.0,50714.86975830491,1,45477.532103761216,1.0,1.0,0,0,0.006138528685099078,0.030730724399420505,-1,0.0,0.0,42616.31,4983.69,8835.91,27386.0,0.862,230321.39637779453,13907.65,13907.65,0,44801.0,27386.0,329.63,27386.0
17,Ampara,PF,10,521431,helped,a,2,6.480996107587006,0.0,0.0,0.0,0.0,52153.133146515145,106152.78973650702,329789.2799926544,0.9050000000000006,36840,0,36840.0,2.192072989425747e-05,0.0,0.9050000000000006,45198.28336153325,0.0,45198.28336153325,1,45477.532103761216,1.0,1.0,0,0,0.006138528685099078,0.021993380645790924,-1,0.0,0.0,30944.969999999994,4849.66,8836.03,20791.0,0.858,204082.0307306395,10135.8,10135.8,0,38633.62,20791.0,337.34,20791.0
18,Ampara,PF,25,521431,helped,a,2,7.559263766962934,0.0,0.0,0.0,0.0,52153.133146515145,106152.78973650702,329789.2799926544,0.9650000000000006,34299,0,34299.0,2.4716257527773024e-05,0.0,0.9650000000000006,44138.71961501708,0.0,44138.71961501708,1,45477.532103761216,1.0,1.0,0,0,0.006138528685099078,0.020304522719544357,-1,0.0,0.0,28479.420000000006,4816.68,8836.09,19421.0,0.851,219323.7230082859,9339.01,9339.01,0,37337.42,19421.0,338.56,19421.0
19,Ampara,PF,50,521431,helped,a,2,8.021197682071167,0.0,0.0,0.0,0.0,52153.133146515145,106152.78973650702,329789.2799926544,1.2150000000000007,22190,0,22190.0,2.7245611072726705e-05,0.0,1.2150000000000007,34103.381753323105,0.0,34103.381753323105,1,45477.532103761216,1.0,1.0,0,0,0.006138528685099078,0.010645827736554238,-1,0.0,0.0,17558.49,5079.61,8836.15,10913.0,0.938,144176.13540464317,5785.61,5785.61,0,27624.49,10913.0,315.81,10913.0
20,Ampara,PF,100,521431,helped,a,2,8.61601669604615,0.0,0.0,0.0,0.0,52153.133146515145,106152.78973650702,329789.2799926544,1.1150000000000009,25795,0,25795.0,2.835882364462852e-05,0.0,1.1150000000000009,37064.33651766424,0.0,37064.33651766424,1,45477.532103761216,1.0,1.0,0,0,0.006138528685099078,0.0132685083159654,-1,0.0,0.0,20808.15,4979.860000000001,8836.19,13343.0,0.916,183176.6872782751,6843.19,6843.19,0,30548.11,13343.0,325.23,13343.0
21,Ampara,PF,250,521431,helped,a,2,9.196914413949381,0.0,0.0,0.0,0.0,52153.133146515145,106152.78973650702,329789.2799926544,0.9050000000000006,36978,0,36978.0,3.02561042692661e-05,0.0,0.9050000000000006,45367.59289204063,0.0,45367.59289204063,1,45477.532103761216,1.0,1.0,0,0,0.006138528685099078,0.022090757209387545,-1,0.0,0.0,31060.900000000005,4834.750000000001,8836.28,20869.0,0.858,290689.3570485899,10173.77,10173.77,0,38778.35,20869.0,338.6,20869.0
22,Ampara,PF,500,521431,helped,a,2,10.304290237838977,0.0,0.0,0.0,0.0,52153.133146515145,106152.78973650702,329789.2799926544,1.2150000000000007,23455,0,23455.0,3.4209097873120826e-05,0.0,1.2150000000000007,36047.53578297402,0.0,36047.53578297402,1,45477.532103761216,1.0,1.0,0,0,0.006138528685099078,0.011694551497732259,-1,0.0,0.0,18559.47,4935.050000000001,8836.35,11896.0,0.912,195772.03457192177,6115.44,6115.44,0,29199.32,11896.0,326.86,11896.0
23,Ampara,PF,1000,521431,helped,a,2,10.940873140029225,0.0,0.0,0.0,0.0,52153.133146515145,106152.78973650702,329789.2799926544,1.2150000000000007,22193,0,22193.0,3.722218967863348e-05,0.0,1.2150000000000007,34107.992395290654,0.0,34107.992395290654,1,45477.532103761216,1.0,1.0,0,0,0.006138528685099078,0.010647944959289786,-1,0.0,0.0,17560.859999999997,5079.2,8836.41,10915.0,0.938,196682.10708114013,5786.39,5786.39,0,27628.23,10915.0,315.84,10915.0
24,Ampara,PF,5,521441,helped,a,0,1.3326477057779957,0.0,0.0,0.0,0.0,52153.133146515145,114097.3536276571,354470.98654056026,0.7150000000000004,53952,0,53952.0,1.743473478250559e-05,0.0,0.7150000000000004,55941.78514444739,0.0,55941.78514444739,1,45477.532103761216,1.0,1.0,0,0,0.0059209611283216135,0.031750478952426046,-1,0.0,0.0,47008.57000000001,5248.049999999999,9497.19,30209.0,0.862,63514.86920486509,15341.04,15341.04,0,49418.41,30209.0,363.59,30209.0
25,Ampara,PF,10,521441,helped,a,0,1.6202490268967515,0.0,0.0,0.0,0.0,52153.133146515145,114097.3536276571,354470.98654056026,1.2150000000000007,24292,0,24292.0,2.192072989425747e-05,0.0,1.2150000000000007,37333.9048919209,0.0,37333.9048919209,1,45477.532103761216,1.0,1.0,0,0,0.0059209611283216135,0.010860146965990821,-1,0.0,0.0,19221.77,5385.13,9497.32,11947.0,0.938,31881.753519679263,6333.67,6333.67,0,30241.31,11947.0,345.72,11947.0
26,Ampara,PF,25,521441,helped,a,0,1.8898159417407334,0.0,0.0,0.0,0.0,52153.133146515145,114097.3536276571,354470.98654056026,1.0350000000000006,32772,0,32772.0,2.4716257527773024e-05,0.0,1.0350000000000006,44467.69285353333,0.0,44467.69285353333,1,45477.532103761216,1.0,1.0,0,0,0.0059209611283216135,0.01737198856699714,-1,0.0,0.0,26846.960000000003,5241.879999999999,9497.39,18232.0,0.861,51757.74986393152,8815.58,8815.58,0,37161.87,18232.0,357.65,18232.0
27,Ampara,PF,50,521441,helped,a,0,2.0052994205177916,0.0,0.0,0.0,0.0,52153.133146515145,114097.3536276571,354470.98654056026,1.2150000000000007,25576,0,25576.0,2.7245611072726705e-05,0.0,1.2150000000000007,39307.25965403297,0.0,39307.25965403297,1,45477.532103761216,1.0,1.0,0,0,0.0059209611283216135,0.011879559213722782,-1,0.0,0.0,20237.769999999997,5243.429999999999,9497.46,12971.0,0.912,41544.04878379175,6668.44,6668.44,0,31839.75,12971.0,356.43,12971.0
28,Ampara,PF,100,521441,helped,a,0,2.1540041740115377,0.0,0.0,0.0,0.0,52153.133146515145,114097.3536276571,354470.98654056026,1.2150000000000007,24705,0,24705.0,2.835882364462852e-05,0.0,1.2150000000000007,37968.63660278717,0.0,37968.63660278717,1,45477.532103761216,1.0,1.0,0,0,0.0059209611283216135,0.011438645198639965,-1,0.0,0.0,19548.55,5388.420000000002,9497.5,12530.0,0.912,43105.048388607545,6441.34,6441.34,0,30755.42,12530.0,344.28,12530.0
29,Ampara,PF,250,521441,helped,a,0,2.2992286034873453,0.0,0.0,0.0,0.0,52153.133146515145,114097.3536276571,354470.98654056026,1.2150000000000007,24687,0,24687.0,3.02561042692661e-05,0.0,1.2150000000000007,37940.97275098186,0.0,37940.97275098186,1,45477.532103761216,1.0,1.0,0,0,0.0059209611283216135,0.011429676862499677,-1,0.0,0.0,19534.32,5391.450000000002,9497.59,12521.0,0.912,45977.72036850851,6436.65,6436.65,0,30733.03,12521.0,344.03,12521.0
30,Ampara,PF,500,521441,helped,a,0,2.5760725594597442,0.0,0.0,0.0,0.0,52153.133146515145,114097.3536276571,354470.98654056026,1.2150000000000007,25082,0,25082.0,3.4209097873120826e-05,0.0,1.2150000000000007,38548.040610042815,0.0,38548.040610042815,1,45477.532103761216,1.0,1.0,0,0,0.0059209611283216135,0.01162925474672555,-1,0.0,0.0,19846.879999999997,5325.719999999999,9497.67,12721.0,0.912,52338.01466909242,6539.64,6539.64,0,31224.77,12721.0,349.54,12721.0
31,Ampara,PF,1000,521441,helped,a,0,2.7352182850073063,0.0,0.0,0.0,0.0,52153.133146515145,114097.3536276571,354470.98654056026,1.1150000000000009,27629,0,27629.0,3.722218967863348e-05,0.0,1.1150000000000009,39699.5756404941,0.0,39699.5756404941,1,45477.532103761216,1.0,1.0,0,0,0.0059209611283216135,0.01321774455036971,-1,0.0,0.0,22287.579999999998,5367.05,9497.74,14292.0,0.916,62285.24199450667,7329.73,7329.73,0,32720.04,14292.0,348.34,14292.0
32,Ampara,PF,5,521451,helped,a,0,1.3326477057779957,0.0,0.0,0.0,0.0,52153.133146515145,115579.13744100326,359074.5058462817,0.7950000000000005,45383,0,45383.0,1.743473478250559e-05,0.0,0.7950000000000005,50687.39480446427,0.0,50687.39480446427,1,45477.532103761216,1.0,1.0,0,0,0.005882883812926209,0.02516425726881388,-1,0.0,0.0,38937.53,5448.099999999999,9620.53,25344.0,0.872,52690.97127376563,12726.7,12726.7,0,44159.86,25344.0,356.06,25344.0
33,Ampara,PF,10,521451,helped,a,0,1.6202490268967515,0.0,0.0,0.0,0.0,52153.133146515145,115579.13744100326,359074.5058462817,1.1150000000000009,29653,0,29653.0,2.192072989425747e-05,0.0,1.1150000000000009,42607.82208793555,0.0,42607.82208793555,1,45477.532103761216,1.0,1.0,0,0,0.005882883812926209,0.014970471794545817,-1,0.0,0.0,23920.300000000003,5352.000000000001,9620.66,16191.0,0.868,39598.48115509989,7866.68,7866.68,0,35117.0,16191.0,357.45,16191.0
34,Ampara,PF,25,521451,helped,a,0,1.8898159417407334,0.0,0.0,0.0,0.0,52153.133146515145,115579.13744100326,359074.5058462817,0.6750000000000004,58423,0,58423.0,2.4716257527773024e-05,0.0,0.6750000000000004,58240.75855675507,0.0,58240.75855675507,1,45477.532103761216,1.0,1.0,0,0,0.005882883812926209,0.03443746897212087,-1,0.0,0.0,51298.0,5381.58,9620.73,32615.0,0.859,98212.8462787733,16727.99,16727.99,0,51807.42,32615.0,363.33,32615.0
35,Ampara,PF,50,521451,helped,a,0,2.0052994205177916,0.0,0.0,0.0,0.0,52153.133146515145,115579.13744100326,359074.5058462817,1.0350000000000006,32288,0,32288.0,2.7245611072726705e-05,0.0,1.0350000000000006,43810.96261610167,0.0,43810.96261610167,1,45477.532103761216,1.0,1.0,0,0,0.005882883812926209,0.016365732521302908,-1,0.0,0.0,26450.460000000003,5343.500000000001,9620.8,17524.0,0.885,54109.4755356925,8685.38,8685.38,0,36613.03,17524.0,360.82,17524.0
36,Ampara,PF,100,521451,helped,a,0,2.1540041740115377,0.0,0.0,0.0,0.0,52153.133146515145,115579.13744100326,359074.5058462817,0.7550000000000004,51117,0,51117.0,2.835882364462852e-05,0.0,0.7550000000000004,55046.90848511116,0.0,55046.90848511116,1,45477.532103761216,1.0,1.0,0,0,0.005882883812926209,0.02990433337992183,-1,0.0,0.0,44196.48,5370.429999999998,9620.84,29175.0,0.841,96594.40011983254,14434.45,14434.45,0,48291.75,29175.0,361.6,29175.0
37,Ampara,PF,250,521451,helped,a,0,2.2992286034873453,0.0,0.0,0.0,0.0,52153.133146515145,115579.13744100326,359074.5058462817,0.8450000000000005,42357,0,42357.0,3.02561042692661e-05,0.0,0.8450000000000005,49425.563939860585,0.0,49425.563939860585,1,45477.532103761216,1.0,1.0,0,0,0.005882883812926209,0.023249636615299996,-1,0.0,0.0,35992.86,5402.72,9620.93,23724.0,0.869,84114.22048454189,11775.58,11775.58,0,42688.78,23724.0,358.75,23724.0
38,Ampara,PF,500,521451,helped,a,0,2.5760725594597442,0.0,0.0,0.0,0.0,52153.133146515145,115579.13744100326,359074.5058462817,0.7550000000000004,48631,0,48631.0,3.4209097873120826e-05,0.0,0.7550000000000004,52369.78317466676,0.0,52369.78317466676,1,45477.532103761216,1.0,1.0,0,0,0.005882883812926209,0.027461734259281265,-1,0.0,0.0,42047.04999999999,5476.1,9621.02,27232.0,0.866,109903.47305801733,13732.46,13732.46,0,45943.17,27232.0,354.12,27232.0
39,Ampara,PF,1000,521451,helped,a,0,2.7352182850073063,0.0,0.0,0.0,0.0,52153.133146515145,115579.13744100326,359074.5058462817,0.6450000000000004,60928,0,60928.0,3.722218967863348e-05,0.0,0.6450000000000004,58910.104599660626,0.0,58910.104599660626,1,45477.532103761216,1.0,1.0,0,0,0.005882883812926209,0.03575869711762403,-1,0.0,0.0,53807.64,5416.219999999998,9621.08,33579.0,0.872,149016.11448070625,17536.23,17536.23,0,52676.17,33579.0,361.68,33579.0
40,Ampara,PF,5,521471,helped,a,0,7.995886234667974,0.0,720.0,720.0,2.7877594928468792e-08,52153.133146515145,49717.85175888202,152220.96471851468,0.6750000000000004,23823,0,23823.0,1.743473478250559e-05,0.0,0.0,7669.177338940848,0.0,7669.177338940848,3,45477.532103761216,1.0,1.0,0,0,0.008969615325456504,0.0,-1,0.1926782273603083,0.1926782273603083,23823.0,16975.879999999997,4138.4,0.0,10.0,190485.99776849514,7668.18,7668.18,0,7668.18,0.0,147.75,0.0
41,Ampara,PF,5,521471,not_helped,na,0,1145.710382365332,0.0,720.0,720.0,2.7877594928468792e-08,52153.133146515145,49717.85175888202,152220.96471851468,0.0,0,0,0.0,1.743473478250559e-05,0.0,0.0,0.014474613860269834,0.0,0.014474613860269834,0,45477.532103761216,1.0,1.0,0,0,0.008969615325456504,0.0,-1,0.1926782273603083,0.1926782273603083,0.0,4138.17,4138.4,0.0,10.0,0.0,0.01,0.01,0,0.01,0.0,0.0,0.0
42,Ampara,PF,10,521471,helped,a,0,9.721494161380509,0.0,720.0,720.0,2.7877594928468792e-08,52153.133146515145,49717.85175888202,152220.96471851468,0.9050000000000006,16588,0,16588.0,2.192072989425747e-05,0.0,0.0,5340.374450648932,0.0,5340.374450648932,3,45477.532103761216,1.0,1.0,0,0,0.008969615325456504,0.0,-1,0.1926782273603083,0.1926782273603083,16588.0,17811.569999999992,4138.45,0.0,10.0,161260.14514897988,5339.37,5339.37,0,5339.37,0.0,102.88,0.0
43,Ampara,PF,10,521471,not_helped,na,0,1143.9847744386195,0.0,720.0,720.0,2.7877594928468792e-08,52153.133146515145,49717.85175888202,152220.96471851468,0.0,0,0,0.0,2.192072989425747e-05,0.0,0.0,0.01813140047110885,0.0,0.01813140047110885,0,45477.532103761216,1.0,1.0,0,0,0.008969615325456504,0.0,-1,0.1926782273603083,0.1926782273603083,0.0,4138.17,4138.45,0.0,10.0,0.0,0.02,0.02,0,0.02,0.0,0.0,0.0
44,Ampara,PF,25,521471,helped,a,0,11.3388956504444,0.0,720.0,720.0,2.7877594928468792e-08,52153.133146515145,49717.85175888202,152220.96471851468,1.1150000000000009,12703,0,12703.0,2.4716257527773024e-05,0.0,0.013,4241.319655120804,0.0,4241.319655120804,2,45477.532103761216,1.0,1.0,0,0,0.008969615325456504,0.0,-1,0.1926782273603083,0.1926782273603083,12672.929999999997,17284.320000000007,4138.48,0.0,10.0,143732.9751545982,4080.21,4080.21,0,4245.0,0.0,81.78,0.0
45,Ampara,PF,25,521471,not_helped,na,0,1142.3673729495556,0.0,720.0,720.0,2.7877594928468792e-08,52153.133146515145,49717.85175888202,152220.96471851468,0.0,0,0,0.0,2.4716257527773024e-05,0.0,0.0,0.02052208150095892,0.0,0.02052208150095892,0,45477.532103761216,1.0,1.0,0,0,0.008969615325456504,0.0,-1,0.1926782273603083,0.1926782273603083,0.0,4138.17,4138.48,0.0,10.0,0.0,0.02,0.02,0,0.02,0.0,0.0,0.0
46,Ampara,PF,50,521471,helped,a,0,12.031796523106749,0.0,720.0,720.0,2.7877594928468792e-08,52153.133146515145,49717.85175888202,152220.96471851468,0.6750000000000005,24423,0,24423.0,2.7245611072726705e-05,0.0,0.0,7862.313801181574,0.0,7862.313801181574,3,45477.532103761216,1.0,1.0,0,0,0.008969615325456504,0.0,-1,0.1926782273603083,0.1926782273603083,24423.0,16887.779999999988,4138.51,0.0,10.0,293852.56648383616,7861.31,7861.31,0,7861.31,0.0,151.47,0.0
47,Ampara,PF,50,521471,not_helped,na,0,1141.6744720768932,0.0,720.0,720.0,2.7877594928468792e-08,52153.133146515145,49717.85175888202,152220.96471851468,0.0,0,0,0.0,2.7245611072726705e-05,0.0,0.0,0.022543344272092508,0.0,0.022543344272092508,0,45477.532103761216,1.0,1.0,0,0,0.008969615325456504,0.0,-1,0.1926782273603083,0.1926782273603083,0.0,4138.17,4138.51,0.0,10.0,0.0,0.02,0.02,0,0.02,0.0,0.0,0.0
48,Ampara,PF,100,521471,helped,a,0,12.924025044069225,0.0,720.0,720.0,2.7877594928468792e-08,52153.133146515145,49717.85175888202,152220.96471851468,0.7950000000000005,19398,0,19398.0,2.835882364462852e-05,0.0,0.0,6244.864490202301,0.0,6244.864490202301,3,45477.532103761216,1.0,1.0,0,0,0.008969615325456504,0.0,-1,0.1926782273603083,0.1926782273603083,19398.0,16962.779999999984,4138.53,0.0,10.0,250700.23780485484,6243.86,6243.86,0,6243.86,0.0,120.31,0.0
49,Ampara,PF,100,521471,not_helped,na,0,1140.7822435559308,0.0,720.0,720.0,2.7877594928468792e-08,52153.133146515145,49717.85175888202,152220.96471851468,0.0,0,0,0.0,2.835882364462852e-05,0.0,0.0,0.023528013872986905,0.0,0.023528013872986905,0,45477.532103761216,1.0,1.0,0,0,0.008969615325456504,0.0,-1,0.1926782273603083,0.1926782273603083,0.0,4138.17,4138.53,0.0,10.0,0.0,0.02,0.02,0,0.02,0.0,0.0,0.0
50,Ampara,PF,250,521471,helped,a,0,13.79537162092407,0.0,720.0,720.0,2.7877594928468792e-08,52153.133146515145,49717.85175888202,152220.96471851468,1.0350000000000006,13470,0,13470.0,3.02561042692661e-05,0.0,0.0,4336.757531725459,0.0,4336.757531725459,3,45477.532103761216,1.0,1.0,0,0,0.008969615325456504,0.0,-1,0.1926782273603083,0.1926782273603083,13470.0,17871.15999999999,4138.57,0.0,10.0,185823.65573384723,4335.75,4335.75,0,4335.75,0.0,83.54,0.0
51,Ampara,PF,250,521471,not_helped,na,0,1139.910896979076,0.0,720.0,720.0,2.7877594928468792e-08,52153.133146515145,49717.85175888202,152220.96471851468,0.0,0,0,0.0,3.02561042692661e-05,0.0,0.0,0.025097418925305617,0.0,0.025097418925305617,0,45477.532103761216,1.0,1.0,0,0,0.008969615325456504,0.0,-1,0.1926782273603083,0.1926782273603083,0.0,4138.17,4138.57,0.0,10.0,0.0,0.02,0.02,0,0.02,0.0,0.0,0.0
52,Ampara,PF,500,521471,helped,a,0,15.456435356758465,0.0,720.0,720.0,2.7877594928468792e-08,52153.133146515145,49717.85175888202,152220.96471851468,0.9050000000000006,17431,0,17431.0,3.4209097873120826e-05,0.0,0.0,5611.730069341573,0.0,5611.730069341573,3,45477.532103761216,1.0,1.0,0,0,0.008969615325456504,0.0,-1,0.1926782273603083,0.1926782273603083,17431.0,17231.419999999995,4138.6,0.0,10.0,269421.1247036568,5610.73,5610.73,0,5610.73,0.0,108.11,0.0
53,Ampara,PF,500,521471,not_helped,na,0,1138.2498332432415,0.0,720.0,720.0,2.7877594928468792e-08,52153.133146515145,49717.85175888202,152220.96471851468,0.0,0,0,0.0,3.4209097873120826e-05,0.0,0.0,0.028357211121956674,0.0,0.028357211121956674,0,45477.532103761216,1.0,1.0,0,0,0.008969615325456504,0.0,-1,0.1926782273603083,0.1926782273603083,0.0,4138.17,4138.6,0.0,10.0,0.0,0.02,0.02,0,0.02,0.0,0.0,0.0
54,Ampara,PF,1000,521471,helped,a,0,16.411309710043838,0.0,720.0,720.0,2.7877594928468792e-08,52153.133146515145,49717.85175888202,152220.96471851468,0.6450000000000004,26330,0,26330.0,3.722218967863348e-05,0.0,0.0,8476.148459060783,0.0,8476.148459060783,3,45477.532103761216,1.0,1.0,0,0,0.008969615325456504,0.0,-1,0.1926782273603083,0.1926782273603083,26330.0,16725.210000000006,4138.63,0.0,10.0,432109.78466545424,8475.14,8475.14,0,8475.14,0.0,163.3,0.0
55,Ampara,PF,1000,521471,not_helped,na,0,1137.294958889956,0.0,720.0,720.0,2.7877594928468792e-08,52153.133146515145,49717.85175888202,152220.96471851468,0.0,0,0,0.0,3.722218967863348e-05,0.0,0.0,0.030790516538115036,0.0,0.030790516538115036,0,45477.532103761216,1.0,1.0,0,0,0.008969615325456504,0.0,-1,0.1926782273603083,0.1926782273603083,0.0,4138.17,4138.63,0.0,10.0,0.0,0.03,0.03,0,0.03,0.0,0.0,0.0
56,Ampara,PF,5,521481,helped,a,2,5.330590823111983,0.0,1050.0,1050.0,4.065482593735031e-08,52153.133146515145,115980.62075799773,357055.80042100244,0.7950000000000005,45837,0,45837.0,1.743473478250559e-05,0.0,0.7950000000000005,51194.47973103228,0.0,51194.47973103228,1,45477.532103761216,1.0,1.0,0,0,0.005872692768802392,0.025361428429648433,-1,0.0,0.0,39327.03999999999,5439.6900000000005,9653.95,25597.0,0.872,212872.293683328,12854.03,12854.03,0,44601.63,25597.0,359.63,25597.0
57,Ampara,PF,5,521481,not_helped,na,2,763.8069215768879,0.0,1050.0,1050.0,4.065482593735031e-08,52153.133146515145,115980.62075799773,357055.80042100244,0.0,0,0,0.0,1.743473478250559e-05,0.0,0.0,0.021108811879560173,0.0,0.021108811879560173,0,45477.532103761216,1.0,1.0,0,0,0.005872692768802392,0.0,-1,0.0,0.0,0.0,9653.42,9653.95,0.0,10.0,0.0,0.02,0.02,0,0.02,0.0,0.0,0.0
58,Ampara,PF,10,521481,helped,a,2,6.480996107587006,0.0,1050.0,1050.0,4.065482593735031e-08,52153.133146515145,115980.62075799773,357055.80042100244,0.8450000000000005,44622,0,44622.0,2.192072989425747e-05,0.0,0.8450000000000005,52068.57506698771,0.0,52068.57506698771,1,45477.532103761216,1.0,1.0,0,0,0.005872692768802392,0.025262155950677212,-1,0.0,0.0,37917.53999999999,5311.05,9654.08,25514.0,0.844,249777.20112663673,12405.28,12405.28,0,44971.53,25514.0,367.89,25514.0
59,Ampara,PF,10,521481,not_helped,na,2,762.656516292413,0.0,1050.0,1050.0,4.065482593735031e-08,52153.133146515145,115980.62075799773,357055.80042100244,0.0,0,0,0.0,2.192072989425747e-05,0.0,0.0,0.02644162568703374,0.0,0.02644162568703374,0,45477.532103761216,1.0,1.0,0,0,0.005872692768802392,0.0,-1,0.0,0.0,0.0,9653.42,9654.08,0.0,10.0,0.0,0.02,0.02,0,0.02,0.0,0.0,0.0
60,Ampara,PF,25,521481,helped,a,2,7.559263766962934,0.0,1050.0,1050.0,4.065482593735031e-08,52153.133146515145,115980.62075799773,357055.80042100244,1.2150000000000007,23515,0,23515.0,2.4716257527773024e-05,0.0,1.2150000000000007,36139.77855036056,0.0,36139.77855036056,1,45477.532103761216,1.0,1.0,0,0,0.005872692768802392,0.009951491948307464,-1,0.0,0.0,18606.950000000004,5603.670000000002,9654.15,11203.0,0.964,143986.51286134226,6131.11,6131.11,0,29274.05,11203.0,341.64,11203.0
61,Ampara,PF,25,521481,not_helped,na,2,761.578248633037,0.0,1050.0,1050.0,4.065482593735031e-08,52153.133146515145,115980.62075799773,357055.80042100244,0.0,0,0,0.0,2.4716257527773024e-05,0.0,0.0,0.029928035522231763,0.0,0.029928035522231763,0,45477.532103761216,1.0,1.0,0,0,0.005872692768802392,0.0,-1,0.0,0.0,0.0,9653.42,9654.15,0.0,10.0,0.0,0.03,0.03,0,0.03,0.0,0.0,0.0
62,Ampara,PF,50,521481,helped,a,2,8.021197682071167,0.0,1050.0,1050.0,4.065482593735031e-08,52153.133146515145,115980.62075799773,357055.80042100244,0.7950000000000005,47480,0,47480.0,2.7245611072726705e-05,0.0,0.7950000000000005,53029.52641549321,0.0,53029.52641549321,1,45477.532103761216,1.0,1.0,0,0,0.005872692768802392,0.027115612967186654,-1,0.0,0.0,40736.689999999995,5390.85,9654.21,27045.0,0.847,331800.772505738,13314.78,13314.78,0,46200.34,27045.0,362.3,27045.0
63,Ampara,PF,50,521481,not_helped,na,2,761.1163147179288,0.0,1050.0,1050.0,4.065482593735031e-08,52153.133146515145,115980.62075799773,357055.80042100244,0.0,0,0,0.0,2.7245611072726705e-05,0.0,0.0,0.03287571039680157,0.0,0.03287571039680157,0,45477.532103761216,1.0,1.0,0,0,0.005872692768802392,0.0,-1,0.0,0.0,0.0,9653.42,9654.21,0.0,10.0,0.0,0.03,0.03,0,0.03,0.0,0.0,0.0
64,Ampara,PF,100,521481,helped,a,2,8.61601669604615,0.0,1050.0,1050.0,4.065482593735031e-08,52153.133146515145,115980.62075799773,357055.80042100244,0.7950000000000005,46791,0,46791.0,2.835882364462852e-05,0.0,0.7950000000000005,52259.997079588706,0.0,52259.997079588706,1,45477.532103761216,1.0,1.0,0,0,0.005872692768802392,0.026002199631453775,-1,0.0,0.0,40145.54,5352.020000000001,9654.26,26130.0,0.872,351233.81613799446,13121.57,13121.57,0,45529.92,26130.0,367.11,26130.0
65,Ampara,PF,100,521481,not_helped,na,2,760.5214957039539,0.0,1050.0,1050.0,4.065482593735031e-08,52153.133146515145,115980.62075799773,357055.80042100244,0.0,0,0,0.0,2.835882364462852e-05,0.0,0.0,0.0343116868981059,0.0,0.0343116868981059,0,45477.532103761216,1.0,1.0,0,0,0.005872692768802392,0.0,-1,0.0,0.0,0.0,9653.42,9654.26,0.0,10.0,0.0,0.03,0.03,0,0.03,0.0,0.0,0.0
66,Ampara,PF,250,521481,helped,a,2,9.196914413949381,0.0,1050.0,1050.0,4.065482593735031e-08,52153.133146515145,115980.62075799773,357055.80042100244,1.1150000000000009,30296,0,30296.0,3.02561042692661e-05,0.0,1.1150000000000009,43531.77295005004,0.0,43531.77295005004,1,45477.532103761216,1.0,1.0,0,0,0.005872692768802392,0.015275509090670308,-1,0.0,0.0,24438.989999999994,5292.860000000001,9654.35,16542.0,0.868,229644.28581113595,8037.3,8037.3,0,35878.53,16542.0,365.2,16542.0
67,Ampara,PF,250,521481,not_helped,na,2,759.9405979860506,0.0,1050.0,1050.0,4.065482593735031e-08,52153.133146515145,115980.62075799773,357055.80042100244,0.0,0,0,0.0,3.02561042692661e-05,0.0,0.0,0.036600402599404024,0.0,0.036600402599404024,0,45477.532103761216,1.0,1.0,0,0,0.005872692768802392,0.0,-1,0.0,0.0,0.0,9653.42,9654.35,0.0,10.0,0.0,0.03,0.03,0,0.03,0.0,0.0,0.0
68,Ampara,PF,500,521481,helped,a,2,10.304290237838977,0.0,1050.0,1050.0,4.065482593735031e-08,52153.133146515145,115980.62075799773,357055.80042100244,0.7550000000000004,49914,0,49914.0,3.4209097873120826e-05,0.0,0.7550000000000004,53751.4624103892,0.0,53751.4624103892,1,45477.532103761216,1.0,1.0,0,0,0.005872692768802392,0.028235135166063817,-1,0.0,0.0,43156.37,5400.299999999999,9654.43,27951.0,0.866,451212.0921950739,14094.79,14094.79,0,47155.3,27951.0,363.45,27951.0
69,Ampara,PF,500,521481,not_helped,na,2,758.8332221621611,0.0,1050.0,1050.0,4.065482593735031e-08,52153.133146515145,115980.62075799773,357055.80042100244,0.0,0,0,0.0,3.4209097873120826e-05,0.0,0.0,0.041354266219520146,0.0,0.041354266219520146,0,45477.532103761216,1.0,1.0,0,0,0.005872692768802392,0.0,-1,0.0,0.0,0.0,9653.42,9654.43,0.0,10.0,0.0,0.04,0.04,0,0.04,0.0,0.0,0.0
70,Ampara,PF,1000,521481,helped,a,2,10.940873140029225,0.0,1050.0,1050.0,4.065482593735031e-08,52153.133146515145,115980.62075799773,357055.80042100244,0.9650000000000006,36908,0,36908.0,3.722218967863348e-05,0.0,0.9650000000000006,47496.23614896771,0.0,47496.23614896771,1,45477.532103761216,1.0,1.0,0,0,0.005872692768802392,0.019947509007847405,-1,0.0,0.0,30645.750000000004,5328.95,9654.5,20898.0,0.851,341583.79680880706,10049.44,10049.44,0,40177.6,20898.0,364.32,20898.0
71,Ampara,PF,1000,521481,not_helped,na,2,758.1966392599708,0.0,1050.0,1050.0,4.065482593735031e-08,52153.133146515145,115980.62075799773,357055.80042100244,0.0,0,0,0.0,3.722218967863348e-05,0.0,0.0,0.044902836618084425,0.0,0.044902836618084425,0,45477.532103761216,1.0,1.0,0,0,0.005872692768802392,0.0,-1,0.0,0.0,0.0,9653.42,9654.5,0.0,10.0,0.0,0.04,0.04,0,0.04,0.0,0.0,0.0
72,Ampara,PF,5,522211,helped,a,2,6.195368639664273,0.0,75.0,0.0,0.0,52153.133146515145,284421.39453484723,883390.4708798284,0.7950000000000005,110829,0,110829.0,1.743473478250559e-05,0.0,0.7950000000000005,123782.76771502986,0.0,123782.76771502986,1,45477.532103761216,1.0,1.0,0,0,0.00375015194955702,0.024932729981679044,-1,0.0,0.0,95088.62000000001,13484.93,23674.56,61891.0,0.872,598202.4305651931,31079.64,31079.64,0,107841.97,61891.0,869.54,61891.0
73,Ampara,PF,5,522211,not_helped,na,2,887.7187549603357,0.0,75.0,0.0,0.0,52153.133146515145,284421.39453484723,883390.4708798284,0.0,0,0,0.0,1.743473478250559e-05,0.0,0.0,0.0015077722771114409,0.0,0.0015077722771114409,0,45477.532103761216,1.0,1.0,0,0,0.00375015194955702,0.0,-1,0.0,0.0,0.0,23673.25,23674.56,0.0,10.0,0.0,0.0,0.0,0,0.0,0.0,0.0,0.0
74,Ampara,PF,10,522211,helped,a,2,7.5324033247200255,0.0,75.0,0.0,0.0,52153.133146515145,284421.39453484723,883390.4708798284,0.6750000000000004,139338,0,139338.0,2.192072989425747e-05,0.0,0.6750000000000004,138903.35871358766,0.0,138903.35871358766,1,45477.532103761216,1.0,1.0,0,0,0.00375015194955702,0.0330837740692403,-1,0.0,0.0,122344.98999999999,13564.619999999999,23674.88,77786.0,0.859,933615.5559556433,39896.0,39896.0,0,123559.93,77786.0,866.55,77786.0
75,Ampara,PF,10,522211,not_helped,na,2,886.3817202752799,0.0,75.0,0.0,0.0,52153.133146515145,284421.39453484723,883390.4708798284,0.0,0,0,0.0,2.192072989425747e-05,0.0,0.0,0.0018886875490738385,0.0,0.0018886875490738385,0,45477.532103761216,1.0,1.0,0,0,0.00375015194955702,0.0,-1,0.0,0.0,0.0,23673.25,23674.88,0.0,10.0,0.0,0.0,0.0,0,0.0,0.0,0.0,0.0
76,Ampara,PF,25,522211,helped,a,2,8.7855975509769,0.0,75.0,0.0,0.0,52153.133146515145,284421.39453484723,883390.4708798284,0.9050000000000006,94828,0,94828.0,2.4716257527773024e-05,0.0,0.9050000000000006,116342.64097071018,0.0,116342.64097071018,1,45477.532103761216,1.0,1.0,0,0,0.00375015194955702,0.020449324019008765,-1,0.0,0.0,79653.9,13189.65,23675.06,52354.0,0.882,712116.9609183347,26090.05,26090.05,0,99444.86,52354.0,890.73,52354.0
77,Ampara,PF,25,522211,not_helped,na,2,885.128526049023,0.0,75.0,0.0,0.0,52153.133146515145,284421.39453484723,883390.4708798284,0.0,0,0,0.0,2.4716257527773024e-05,0.0,0.0,0.0021377168230165542,0.0,0.0021377168230165542,0,45477.532103761216,1.0,1.0,0,0,0.00375015194955702,0.0,-1,0.0,0.0,0.0,23673.25,23675.06,0.0,10.0,0.0,0.0,0.0,0,0.0,0.0,0.0,0.0
78,Ampara,PF,50,522211,helped,a,2,9.322470664338121,0.0,75.0,0.0,0.0,52153.133146515145,284421.39453484723,883390.4708798284,0.8450000000000005,107993,0,107993.0,2.7245611072726705e-05,0.0,0.8450000000000005,126014.94501553051,0.0,126014.94501553051,1,45477.532103761216,1.0,1.0,0,0,0.00375015194955702,0.024862900221147677,-1,0.0,0.0,91767.05,13163.760000000004,23675.21,61747.0,0.844,869538.2555889555,30022.9,30022.9,0,108838.9,61747.0,890.38,61747.0
79,Ampara,PF,50,522211,not_helped,na,2,884.5916529356618,0.0,75.0,0.0,0.0,52153.133146515145,284421.39453484723,883390.4708798284,0.0,0,0,0.0,2.7245611072726705e-05,0.0,0.0,0.0023482650283429695,0.0,0.0023482650283429695,0,45477.532103761216,1.0,1.0,0,0,0.00375015194955702,0.0,-1,0.0,0.0,0.0,23673.25,23675.21,0.0,10.0,0.0,0.0,0.0,0,0.0,0.0,0.0,0.0
80,Ampara,PF,100,522211,helped,a,2,10.013786728118323,0.0,75.0,0.0,0.0,52153.133146515145,284421.39453484723,883390.4708798284,1.0350000000000006,80335,0,80335.0,2.835882364462852e-05,0.0,1.0350000000000006,109005.00993858652,0.0,109005.00993858652,1,45477.532103761216,1.0,1.0,0,0,0.00375015194955702,0.01657155175511946,-1,0.0,0.0,65810.76999999999,13033.21,23675.32,43602.0,0.885,672289.0906043064,21609.89,21609.89,0,91096.01,43602.0,897.72,43602.0
81,Ampara,PF,100,522211,not_helped,na,2,883.9003368718817,0.0,75.0,0.0,0.0,52153.133146515145,284421.39453484723,883390.4708798284,0.0,0,0,0.0,2.835882364462852e-05,0.0,0.0,0.0024508347784361357,0.0,0.0024508347784361357,0,45477.532103761216,1.0,1.0,0,0,0.00375015194955702,0.0,-1,0.0,0.0,0.0,23673.25,23675.32,0.0,10.0,0.0,0.0,0.0,0,0.0,0.0,0.0,0.0
82,Ampara,PF,250,522211,helped,a,2,10.688923054235584,0.0,75.0,0.0,0.0,52153.133146515145,284421.39453484723,883390.4708798284,0.8450000000000005,110379,0,110379.0,3.02561042692661e-05,0.0,0.8450000000000005,128799.12252643931,0.0,128799.12252643931,1,45477.532103761216,1.0,1.0,0,0,0.00375015194955702,0.02552756447154013,-1,0.0,0.0,93794.56000000001,12931.700000000004,23675.54,63112.0,0.844,1019019.500680184,30686.22,30686.22,0,111243.59,63112.0,910.04,63112.0
83,Ampara,PF,250,522211,not_helped,na,2,883.2252005457643,0.0,75.0,0.0,0.0,52153.133146515145,284421.39453484723,883390.4708798284,0.0,0,0,0.0,3.02561042692661e-05,0.0,0.0,0.002614314471386002,0.0,0.002614314471386002,0,45477.532103761216,1.0,1.0,0,0,0.00375015194955702,0.0,-1,0.0,0.0,0.0,23673.25,23675.54,0.0,10.0,0.0,0.0,0.0,0,0.0,0.0,0.0,0.0
84,Ampara,PF,500,522211,helped,a,2,11.975947641060426,0.0,75.0,0.0,0.0,52153.133146515145,284421.39453484723,883390.4708798284,1.1150000000000009,71244,0,71244.0,3.4209097873120826e-05,0.0,1.1150000000000009,102369.12839929081,0.0,102369.12839929081,1,45477.532103761216,1.0,1.0,0,0,0.00375015194955702,0.01414745006437479,-1,0.0,0.0,57470.63999999999,13221.839999999998,23675.75,37877.0,0.892,703211.8372321819,18900.41,18900.41,0,84371.74,37877.0,878.51,37877.0
85,Ampara,PF,500,522211,not_helped,na,2,881.9381759589395,0.0,75.0,0.0,0.0,52153.133146515145,284421.39453484723,883390.4708798284,0.0,0,0,0.0,3.4209097873120826e-05,0.0,0.0,0.0029538761585371533,0.0,0.0029538761585371533,0,45477.532103761216,1.0,1.0,0,0,0.00375015194955702,0.0,-1,0.0,0.0,0.0,23673.25,23675.75,0.0,10.0,0.0,0.0,0.0,0,0.0,0.0,0.0,0.0
86,Ampara,PF,1000,522211,helped,a,2,12.71580291782945,0.0,75.0,0.0,0.0,52153.133146515145,284421.39453484723,883390.4708798284,0.9650000000000006,89114,0,89114.0,3.722218967863348e-05,0.0,0.9650000000000006,114679.08597280896,0.0,114679.08597280896,1,45477.532103761216,1.0,1.0,0,0,0.00375015194955702,0.019076968586958464,-1,0.0,0.0,73993.86,13011.039999999995,23675.91,49312.0,0.875,958549.394927366,24264.18,24264.18,0,97008.32,49312.0,901.73,49312.0
87,Ampara,PF,1000,522211,not_helped,na,2,881.1983206821704,0.0,75.0,0.0,0.0,52153.133146515145,284421.39453484723,883390.4708798284,0.0,0,0,0.0,3.722218967863348e-05,0.0,0.0,0.0032073454727203164,0.0,0.0032073454727203164,0,45477.532103761216,1.0,1.0,0,0,0.00375015194955702,0.0,-1,0.0,0.0,0.0,23673.25,23675.91,0.0,10.0,0.0,0.0,0.0,0,0.0,0.0,0.0,0.0
88,Ampara,PF,5,522221,helped,a,0,6.195368639664273,1.0,10000.0,0.0,0.0,52153.133146515145,129672.10295226074,371752.8468531203,0.9650000000000006,36978,0,36978.0,1.743473478250559e-05,0.0,0.9650000000000006,47586.47392834425,0.0,47586.47392834425,1,45477.532103761216,1.0,1.0,0,0,0.005554010783600231,0.0162237924558326,-1,0.0,0.0,30703.859999999997,6185.210000000001,10793.55,19510.0,0.924,193791.688631876,10068.63,10068.63,0,40253.92,19510.0,392.52,19510.0
89,Ampara,PF,5,522221,not_helped,na,0,887.7187549603357,1.0,10000.0,0.0,0.0,52153.133146515145,129672.10295226074,371752.8468531203,0.0,0,0,0.0,1.743473478250559e-05,0.0,0.0,0.2010363036148588,0.0,0.2010363036148588,0,45477.532103761216,1.0,1.0,0,0,0.005554010783600231,0.0,-1,0.0,0.0,0.0,10793.0,10793.55,0.0,10.0,0.0,0.17,0.17,0,0.17,0.0,0.0,0.0
90,Ampara,PF,10,522221,helped,a,0,7.5324033247200255,1.0,10000.0,0.0,0.0,52153.133146515145,129672.10295226074,371752.8468531203,0.6450000000000004,61823,0,61823.0,2.192072989425747e-05,0.0,0.6450000000000004,59775.7146116534,0.0,59775.7146116534,1,45477.532103761216,1.0,1.0,0,0,0.005554010783600231,0.030069259618189327,-1,0.0,0.0,54598.04,6297.130000000002,10793.69,32877.0,0.927,416397.2817131828,17794.04,17794.04,0,53450.16,32877.0,390.03,32877.0
91,Ampara,PF,10,522221,not_helped,na,0,886.3817202752799,1.0,10000.0,0.0,0.0,52153.133146515145,129672.10295226074,371752.8468531203,0.0,0,0,0.0,2.192072989425747e-05,0.0,0.0,0.25182500654317846,0.0,0.25182500654317846,0,45477.532103761216,1.0,1.0,0,0,0.005554010783600231,0.0,-1,0.0,0.0,0.0,10793.0,10793.69,0.0,10.0,0.0,0.22,0.22,0,0.22,0.0,0.0,0.0
92,Ampara,PF,25,522221,helped,a,0,8.7855975509769,1.0,10000.0,0.0,0.0,52153.133146515145,129672.10295226074,371752.8468531203,0.6750000000000004,60754,0,60754.0,2.4716257527773024e-05,0.0,0.6750000000000004,60564.77239445238,0.0,60564.77239445238,1,45477.532103761216,1.0,1.0,0,0,0.005554010783600231,0.03056652476449299,-1,0.0,0.0,53344.73,6268.78,10793.76,33311.0,0.886,474800.4877273222,17395.66,17395.66,0,53874.72,33311.0,389.5,33311.0
93,Ampara,PF,25,522221,not_helped,na,0,885.128526049023,1.0,10000.0,0.0,0.0,52153.133146515145,129672.10295226074,371752.8468531203,0.0,0,0,0.0,2.4716257527773024e-05,0.0,0.0,0.28502890973554057,0.0,0.28502890973554057,0,45477.532103761216,1.0,1.0,0,0,0.005554010783600231,0.0,-1,0.0,0.0,0.0,10792.919999999998,10793.76,0.0,10.0,0.0,0.25,0.25,0,0.25,0.0,0.0,0.0
94,Ampara,PF,50,522221,helped,a,0,9.322470664338121,1.0,10000.0,0.0,0.0,52153.133146515145,129672.10295226074,371752.8468531203,0.6750000000000004,58354,0,58354.0,2.7245611072726705e-05,0.0,0.6750000000000004,58172.28689350517,0.0,58172.28689350517,1,45477.532103761216,1.0,1.0,0,0,0.005554010783600231,0.028416219823530486,-1,0.0,0.0,51237.42999999999,6335.360000000001,10793.82,31413.0,0.913,483912.29883976944,16708.51,16708.51,0,51746.52,31413.0,385.33,31413.0
95,Ampara,PF,50,522221,not_helped,na,0,884.5916529356618,1.0,10000.0,0.0,0.0,52153.133146515145,129672.10295226074,371752.8468531203,0.0,0,0,0.0,2.7245611072726705e-05,0.0,0.0,0.3131020037790626,0.0,0.3131020037790626,0,45477.532103761216,1.0,1.0,0,0,0.005554010783600231,0.0,-1,0.0,0.0,0.0,10792.899999999998,10793.82,0.0,10.0,0.0,0.27,0.27,0,0.27,0.0,0.01,0.0
96,Ampara,PF,100,522221,helped,a,0,10.013786728118323,1.0,10000.0,0.0,0.0,52153.133146515145,129672.10295226074,371752.8468531203,0.7950000000000005,48079,0,48079.0,2.835882364462852e-05,0.0,0.7950000000000005,53698.831830607734,0.0,53698.831830607734,1,45477.532103761216,1.0,1.0,0,0,0.005554010783600231,0.02293356138687865,-1,0.0,0.0,41250.62,6269.639999999999,10793.87,26312.0,0.897,419451.0896439143,13483.01,13483.01,0,46783.46,26312.0,387.57,26312.0
97,Ampara,PF,100,522221,not_helped,na,0,883.9003368718817,1.0,10000.0,0.0,0.0,52153.133146515145,129672.10295226074,371752.8468531203,0.0,0,0,0.0,2.835882364462852e-05,0.0,0.0,0.32677797045815143,0.0,0.32677797045815143,0,45477.532103761216,1.0,1.0,0,0,0.005554010783600231,0.0,-1,0.0,0.0,0.0,10792.899999999998,10793.87,0.0,10.0,0.0,0.28,0.28,0,0.28,0.0,0.01,0.0
98,Ampara,PF,250,522221,helped,a,0,10.688923054235584,1.0,10000.0,0.0,0.0,52153.133146515145,129672.10295226074,371752.8468531203,0.9650000000000006,36707,0,36707.0,3.02561042692661e-05,0.0,0.9650000000000006,47237.87680956799,0.0,47237.87680956799,1,45477.532103761216,1.0,1.0,0,0,0.005554010783600231,0.016090368032547233,-1,0.0,0.0,30478.850000000013,6219.150000000001,10793.97,19368.0,0.924,331900.25330784166,9994.97,9994.97,0,39959.05,19368.0,389.63,19368.0
99,Ampara,PF,250,522221,not_helped,na,0,883.2252005457643,1.0,10000.0,0.0,0.0,52153.133146515145,129672.10295226074,371752.8468531203,0.0,0,0,0.0,3.02561042692661e-05,0.0,0.0,0.3485752628514669,0.0,0.3485752628514669,0,45477.532103761216,1.0,1.0,0,0,0.005554010783600231,0.0,-1,0.0,0.0,0.0,10792.899999999998,10793.97,0.0,10.0,0.0,0.3,0.3,0,0.3,0.0,0.01,0.0
100,Ampara,PF,500,522221,helped,a,0,11.975947641060426,1.0,10000.0,0.0,0.0,52153.133146515145,129672.10295226074,371752.8468531203,1.2150000000000007,27619,0,27619.0,3.4209097873120826e-05,0.0,1.2150000000000007,42447.50068409006,0.0,42447.50068409006,1,45477.532103761216,1.0,1.0,0,0,0.005554010783600231,0.010864655847343887,-1,0.0,0.0,21854.339999999997,6118.249999999999,10794.05,13583.0,0.938,267925.7808663274,7201.45,7201.45,0,34383.42,13583.0,393.08,13583.0
101,Ampara,PF,500,522221,not_helped,na,0,881.9381759589395,1.0,10000.0,0.0,0.0,52153.133146515145,129672.10295226074,371752.8468531203,0.0,0,0,0.0,3.4209097873120826e-05,0.0,0.0,0.3938501544716205,0.0,0.3938501544716205,0,45477.532103761216,1.0,1.0,0,0,0.005554010783600231,0.0,-1,0.0,0.0,0.0,10792.899999999998,10794.05,0.0,10.0,0.0,0.34,0.34,0,0.34,0.0,0.01,0.0
102,Ampara,PF,1000,522221,helped,a,0,12.71580291782945,1.0,10000.0,0.0,0.0,52153.133146515145,129672.10295226074,371752.8468531203,1.1150000000000009,28148,0,28148.0,3.722218967863348e-05,0.0,1.1150000000000009,40445.74434694355,0.0,40445.74434694355,1,45477.532103761216,1.0,1.0,0,0,0.005554010783600231,0.010659785927536962,-1,0.0,0.0,22706.23,6351.91,10794.12,13347.0,0.994,294997.9809476591,7467.78,7467.78,0,33335.02,13347.0,378.28,13347.0
103,Ampara,PF,1000,522221,not_helped,na,0,881.1983206821704,1.0,10000.0,0.0,0.0,52153.133146515145,129672.10295226074,371752.8468531203,0.0,0,0,0.0,3.722218967863348e-05,0.0,0.0,0.42764606302937547,0.0,0.42764606302937547,0,45477.532103761216,1.0,1.0,0,0,0.005554010783600231,0.0,-1,0.0,0.0,0.0,10792.899999999998,10794.12,0.0,10.0,0.0,0.37,0.37,0,0.37,0.0,0.01,0.0
104,Ampara,PF,5,522231,helped,a,1,7.744210799580341,0.0,94080.0,2880.0,1.1151037971387515e-07,52153.133146515145,100713.24145413547,20255.484945174856,0.7150000000000004,3041,0,3041.0,1.743473478250559e-05,0.0,0.7150000000000004,3155.0454239858477,0.0,3155.0454239858477,1,45477.532103761216,1.0,1.0,0,0,0.006302120584469757,0.0,-1,0.0,0.0,2649.619999999999,7814.8,8382.7,0.0,10.0,20803.89300777663,866.33,866.33,0,2787.09,0.0,53.33,0.0
105,Ampara,PF,5,522231,not_helped,na,1,1109.6484437004196,0.0,94080.0,2880.0,1.1151037971387515e-07,52153.133146515145,100713.24145413547,20255.484945174856,0.0,0,0,0.0,1.743473478250559e-05,0.0,0.0,1.8913495444085915,0.0,1.8913495444085915,0,45477.532103761216,1.0,1.0,0,0,0.006302120584469757,0.0,-1,0.0,0.0,0.0,8382.339999999993,8382.7,0.0,10.0,0.0,1.64,1.64,0,1.64,0.0,0.03,0.0
106,Ampara,PF,10,522231,helped,a,1,9.415504155900031,0.0,94080.0,2880.0,1.1151037971387515e-07,52153.133146515145,100713.24145413547,20255.484945174856,0.7950000000000005,2703,0,2703.0,2.192072989425747e-05,0.0,0.7950000000000005,3021.2975824255204,0.0,3021.2975824255204,1,45477.532103761216,1.0,1.0,0,0,0.006302120584469757,0.0,-1,0.0,0.0,2319.11,7842.91,8382.71,0.0,10.0,22172.664891770546,760.06,760.06,0,2632.21,0.0,50.33,0.0
107,Ampara,PF,10,522231,not_helped,na,1,1107.9771503441,0.0,94080.0,2880.0,1.1151037971387515e-07,52153.133146515145,100713.24145413547,20255.484945174856,0.0,0,0,0.0,2.192072989425747e-05,0.0,0.0,2.3691696615582227,0.0,2.3691696615582227,0,45477.532103761216,1.0,1.0,0,0,0.006302120584469757,0.0,-1,0.0,0.0,0.0,8382.259999999993,8382.71,0.0,10.0,0.0,2.06,2.06,0,2.06,0.0,0.04,0.0
108,Ampara,PF,25,522231,helped,a,1,10.981996938721126,0.0,94080.0,2880.0,1.1151037971387515e-07,52153.133146515145,100713.24145413547,20255.484945174856,1.2150000000000007,1461,0,1461.0,2.4716257527773024e-05,0.0,1.2150000000000007,2248.064190180406,0.0,2248.064190180406,1,45477.532103761216,1.0,1.0,0,0,0.006302120584469757,0.0,-1,0.0,0.0,1156.06,7996.4800000000005,8382.71,0.0,10.0,12996.53445716013,383.25,383.25,0,1821.13,0.0,34.68,0.0
109,Ampara,PF,25,522231,not_helped,na,1,1106.4106575612789,0.0,94080.0,2880.0,1.1151037971387515e-07,52153.133146515145,100713.24145413547,20255.484945174856,0.0,0,0,0.0,2.4716257527773024e-05,0.0,0.0,2.681551982791966,0.0,2.681551982791966,0,45477.532103761216,1.0,1.0,0,0,0.006302120584469757,0.0,-1,0.0,0.0,0.0,8382.180000000006,8382.71,0.0,10.0,0.0,2.33,2.33,0,2.33,0.0,0.04,0.0
110,Ampara,PF,50,522231,helped,a,1,11.653088330422651,0.0,94080.0,2880.0,1.1151037971387515e-07,52153.133146515145,100713.24145413547,20255.484945174856,0.9050000000000006,2267,0,2267.0,2.7245611072726705e-05,0.0,0.9050000000000006,2784.284110464688,0.0,2784.284110464688,1,45477.532103761216,1.0,1.0,0,0,0.006302120584469757,0.0,-1,0.0,0.0,1904.2299999999993,7890.369999999999,8382.71,0.0,10.0,22580.538850509878,626.28,626.28,0,2379.93,0.0,45.46,0.0
111,Ampara,PF,50,522231,not_helped,na,1,1105.7395661695773,0.0,94080.0,2880.0,1.1151037971387515e-07,52153.133146515145,100713.24145413547,20255.484945174856,0.0,0,0,0.0,2.7245611072726705e-05,0.0,0.0,2.945663651553421,0.0,2.945663651553421,0,45477.532103761216,1.0,1.0,0,0,0.006302120584469757,0.0,-1,0.0,0.0,0.0,8382.140000000007,8382.71,0.0,10.0,0.0,2.56,2.56,0,2.56,0.0,0.05,0.0
112,Ampara,PF,100,522231,helped,a,1,12.517233410147904,0.0,94080.0,2880.0,1.1151037971387515e-07,52153.133146515145,100713.24145413547,20255.484945174856,0.6750000000000004,3177,0,3177.0,2.835882364462852e-05,0.0,0.6750000000000004,3170.1641707831805,0.0,3170.1641707831805,1,45477.532103761216,1.0,1.0,0,0,0.006302120584469757,0.0,-1,0.0,0.0,2789.5400000000004,7809.910000000003,8382.72,0.0,10.0,35374.45265108259,912.32,912.32,0,2819.91,0.0,53.98,0.0
113,Ampara,PF,100,522231,not_helped,na,1,1104.8754210898521,0.0,94080.0,2880.0,1.1151037971387515e-07,52153.133146515145,100713.24145413547,20255.484945174856,0.0,0,0,0.0,2.835882364462852e-05,0.0,0.0,3.0743271460702886,0.0,3.0743271460702886,0,45477.532103761216,1.0,1.0,0,0,0.006302120584469757,0.0,-1,0.0,0.0,0.0,8382.120000000006,8382.72,0.0,10.0,0.0,2.67,2.67,0,2.67,0.0,0.05,0.0
114,Ampara,PF,250,522231,helped,a,1,13.36115381779448,0.0,94080.0,2880.0,1.1151037971387515e-07,52153.133146515145,100713.24145413547,20255.484945174856,1.2150000000000007,1487,0,1487.0,3.02561042692661e-05,0.0,1.2150000000000007,2288.620931322634,0.0,2288.620931322634,1,45477.532103761216,1.0,1.0,0,0,0.006302120584469757,0.0,-1,0.0,0.0,1176.6300000000003,7989.5,8382.72,0.0,10.0,16093.509773533455,390.55,390.55,0,1854.02,0.0,35.31,0.0
115,Ampara,PF,250,522231,not_helped,na,1,1104.0315006822054,0.0,94080.0,2880.0,1.1151037971387515e-07,52153.133146515145,100713.24145413547,20255.484945174856,0.0,0,0,0.0,3.02561042692661e-05,0.0,0.0,3.2793960729066005,0.0,3.2793960729066005,0,45477.532103761216,1.0,1.0,0,0,0.006302120584469757,0.0,-1,0.0,0.0,0.0,8382.080000000005,8382.72,0.0,10.0,0.0,2.85,2.85,0,2.85,0.0,0.05,0.0
116,Ampara,PF,500,522231,helped,a,1,14.969934551325533,0.0,94080.0,2880.0,1.1151037971387515e-07,52153.133146515145,100713.24145413547,20255.484945174856,1.1150000000000009,1529,0,1529.0,3.4209097873120826e-05,0.0,1.1150000000000009,2200.6958650487186,0.0,2200.6958650487186,1,45477.532103761216,1.0,1.0,0,0,0.006302120584469757,0.0,-1,0.0,0.0,1233.4,8001.069999999999,8382.73,0.0,10.0,18864.812122889412,408.85,408.85,0,1813.95,0.0,34.58,0.0
117,Ampara,PF,500,522231,not_helped,na,1,1102.4227199486745,0.0,94080.0,2880.0,1.1151037971387515e-07,52153.133146515145,100713.24145413547,20255.484945174856,0.0,0,0,0.0,3.4209097873120826e-05,0.0,0.0,3.7053422532690052,0.0,3.7053422532690052,0,45477.532103761216,1.0,1.0,0,0,0.006302120584469757,0.0,-1,0.0,0.0,0.0,8382.010000000004,8382.73,0.0,10.0,0.0,3.22,3.22,0,3.22,0.0,0.06,0.0
118,Ampara,PF,1000,522231,helped,a,1,15.894753647286812,0.0,94080.0,2880.0,1.1151037971387515e-07,52153.133146515145,100713.24145413547,20255.484945174856,1.0350000000000006,1799,0,1799.0,3.722218967863348e-05,0.0,1.0350000000000006,2445.051594036071,0.0,2445.051594036071,1,45477.532103761216,1.0,1.0,0,0,0.006302120584469757,0.0,-1,0.0,0.0,1473.7599999999998,7955.550000000001,8382.73,0.0,10.0,23896.808423476883,487.43,487.43,0,2043.49,0.0,38.98,0.0
119,Ampara,PF,1000,522231,not_helped,na,1,1101.497900852713,0.0,94080.0,2880.0,1.1151037971387515e-07,52153.133146515145,100713.24145413547,20255.484945174856,0.0,0,0,0.0,3.722218967863348e-05,0.0,0.0,4.023294160980365,0.0,4.023294160980365,0,45477.532103761216,1.0,1.0,0,0,0.006302120584469757,0.0,-1,0.0,0.0,0.0,8381.940000000002,8382.73,0.0,10.0,0.0,3.5,3.5,0,3.5,0.0,0.07,0.0
120,Ampara,PF,5,522241,helped,a,3,7.744210799580341,0.0,0.0,0.0,0.0,52153.133146515145,94882.22190756234,294774.5388950141,0.7950000000000005,38434,0,38434.0,1.743473478250559e-05,0.0,0.7950000000000005,42926.191126958984,0.0,42926.191126958984,1,45477.532103761216,1.0,1.0,0,0,0.006492882932241739,0.026766969527625452,-1,0.0,0.0,32975.450000000004,4446.810000000001,7897.77,21892.0,0.847,259310.639308008,10778.0,10778.0,0,37398.14,21892.0,293.28,21892.0
121,Ampara,PF,10,522241,helped,a,3,9.415504155900031,0.0,0.0,0.0,0.0,52153.133146515145,94882.22190756234,294774.5388950141,0.7950000000000005,39431,0,39431.0,2.192072989425747e-05,0.0,0.7950000000000005,44039.72114084195,0.0,44039.72114084195,1,45477.532103761216,1.0,1.0,0,0,0.006492882932241739,0.02761924341617755,-1,0.0,0.0,33830.86000000001,4357.34,7897.87,22460.0,0.847,323451.47335292475,11057.59,11057.59,0,38368.28,22460.0,300.88,22460.0
122,Ampara,PF,25,522241,helped,a,3,10.981996938721126,0.0,0.0,0.0,0.0,52153.133146515145,94882.22190756234,294774.5388950141,0.7550000000000004,41798,0,41798.0,2.4716257527773024e-05,0.0,0.7550000000000004,45011.45765324014,0.0,45011.45765324014,1,45477.532103761216,1.0,1.0,0,0,0.006492882932241739,0.029757187930519003,-1,0.0,0.0,36139.13,4422.460000000001,7897.93,23856.0,0.841,402695.55114688334,11802.95,11802.95,0,39487.82,23856.0,295.68,23856.0
123,Ampara,PF,50,522241,helped,a,3,11.653088330422651,0.0,0.0,0.0,0.0,52153.133146515145,94882.22190756234,294774.5388950141,0.9650000000000006,29312,0,29312.0,2.7245611072726705e-05,0.0,0.9650000000000006,37721.04578429052,0.0,37721.04578429052,1,45477.532103761216,1.0,1.0,0,0,0.006492882932241739,0.01876915886990428,-1,0.0,0.0,24338.579999999998,4390.219999999999,7897.98,16220.0,0.875,288942.4037337453,7981.14,7981.14,0,31908.65,16220.0,296.61,16220.0
124,Ampara,PF,100,522241,helped,a,3,12.517233410147904,0.0,0.0,0.0,0.0,52153.133146515145,94882.22190756234,294774.5388950141,0.9050000000000006,32407,0,32407.0,2.835882364462852e-05,0.0,0.9050000000000006,39759.52141414789,0.0,39759.52141414789,1,45477.532103761216,1.0,1.0,0,0,0.006492882932241739,0.02158344020147551,-1,0.0,0.0,27221.34,4391.16,7898.02,18289.0,0.858,346729.4933907767,8916.15,8916.15,0,33984.8,18289.0,296.75,18289.0
125,Ampara,PF,250,522241,helped,a,3,13.36115381779448,0.0,0.0,0.0,0.0,52153.133146515145,94882.22190756234,294774.5388950141,0.8450000000000005,36221,0,36221.0,3.02561042692661e-05,0.0,0.8450000000000005,42265.58423556178,0.0,42265.58423556178,1,45477.532103761216,1.0,1.0,0,0,0.006492882932241739,0.02502488763479509,-1,0.0,0.0,30778.800000000007,4372.410000000001,7898.1,20710.0,0.844,417990.603258959,10069.72,10069.72,0,36504.72,20710.0,298.63,20710.0
126,Ampara,PF,500,522241,helped,a,3,14.969934551325533,0.0,0.0,0.0,0.0,52153.133146515145,94882.22190756234,294774.5388950141,0.9050000000000006,32091,0,32091.0,3.4209097873120826e-05,0.0,0.9050000000000006,39371.82712689912,0.0,39371.82712689912,1,45477.532103761216,1.0,1.0,0,0,0.006492882932241739,0.021336857612730284,-1,0.0,0.0,26955.89,4425.420000000001,7898.16,18111.0,0.858,410626.05323958694,8829.2,8829.2,0,33653.4,18111.0,293.85,18111.0
127,Ampara,PF,1000,522241,helped,a,3,15.894753647286812,0.0,0.0,0.0,0.0,52153.133146515145,94882.22190756234,294774.5388950141,0.7150000000000004,43941,0,43941.0,3.722218967863348e-05,0.0,0.7150000000000004,45561.57289872781,0.0,45561.57289872781,1,45477.532103761216,1.0,1.0,0,0,0.006492882932241739,0.03092727697486054,-1,0.0,0.0,38285.95,4436.9299999999985,7898.22,24603.0,0.862,616987.4470644145,12494.46,12494.46,0,40248.65,24603.0,296.14,24603.0
128,Ampara,PF,5,522251,helped,a,0,4.646526479748205,0.0,120000.0,0.0,0.0,52153.133146515145,131010.38067557543,33757.067917946515,0.9650000000000006,3415,0,3415.0,1.743473478250559e-05,0.0,0.9650000000000006,4397.109875372913,0.0,4397.109875372913,1,45477.532103761216,1.0,1.0,0,0,0.005525570716212214,0.0,-1,0.0,0.0,2835.57,10131.25,10904.44,0.0,10.0,13422.839229431818,931.94,931.94,0,3719.62,0.0,71.01,0.0
129,Ampara,PF,5,522251,not_helped,na,0,665.7890662202518,0.0,120000.0,0.0,0.0,52153.133146515145,131010.38067557543,33757.067917946515,0.0,0,0,0.0,1.743473478250559e-05,0.0,0.0,2.4124356433783056,0.0,2.4124356433783056,0,45477.532103761216,1.0,1.0,0,0,0.005525570716212214,0.0,-1,0.0,0.0,0.0,10903.959999999995,10904.44,0.0,10.0,0.0,2.09,2.09,0,2.09,0.0,0.04,0.0
130,Ampara,PF,10,522251,helped,a,0,5.64930249354002,0.0,120000.0,0.0,0.0,52153.133146515145,131010.38067557543,33757.067917946515,1.0350000000000006,3020,0,3020.0,2.192072989425747e-05,0.0,1.0350000000000006,4100.801480747096,0.0,4100.801480747096,1,45477.532103761216,1.0,1.0,0,0,0.005525570716212214,0.0,-1,0.0,0.0,2473.99,10188.039999999999,10904.45,0.0,10.0,14257.822619246172,815.0,815.0,0,3427.15,0.0,65.38,0.0
131,Ampara,PF,10,522251,not_helped,na,0,664.78629020646,0.0,120000.0,0.0,0.0,52153.133146515145,131010.38067557543,33757.067917946515,0.0,0,0,0.0,2.192072989425747e-05,0.0,0.0,3.0219000785181414,0.0,3.0219000785181414,0,45477.532103761216,1.0,1.0,0,0,0.005525570716212214,0.0,-1,0.0,0.0,0.0,10903.850000000006,10904.45,0.0,10.0,0.0,2.63,2.63,0,2.63,0.0,0.05,0.0
132,Ampara,PF,25,522251,helped,a,0,6.589198163232676,0.0,120000.0,0.0,0.0,52153.133146515145,131010.38067557543,33757.067917946515,0.7550000000000004,4691,0,4691.0,2.4716257527773024e-05,0.0,0.7550000000000004,5055.067503511627,0.0,5055.067503511627,1,45477.532103761216,1.0,1.0,0,0,0.005525570716212214,0.0,-1,0.0,0.0,4055.9199999999996,9997.92,10904.46,0.0,10.0,27116.856661059588,1327.62,1327.62,0,4434.71,0.0,84.83,0.0
133,Ampara,PF,25,522251,not_helped,na,0,663.8463945367673,0.0,120000.0,0.0,0.0,52153.133146515145,131010.38067557543,33757.067917946515,0.0,0,0,0.0,2.4716257527773024e-05,0.0,0.0,3.420346916826487,0.0,3.420346916826487,0,45477.532103761216,1.0,1.0,0,0,0.005525570716212214,0.0,-1,0.0,0.0,0.0,10903.780000000004,10904.46,0.0,10.0,0.0,2.97,2.97,0,2.97,0.0,0.06,0.0
134,Ampara,PF,50,522251,helped,a,0,6.9918529982535915,0.0,120000.0,0.0,0.0,52153.133146515145,131010.38067557543,33757.067917946515,1.0350000000000006,2945,0,2945.0,2.7245611072726705e-05,0.0,1.0350000000000006,3999.770755525138,0.0,3999.770755525138,1,45477.532103761216,1.0,1.0,0,0,0.005525570716212214,0.0,-1,0.0,0.0,2412.5699999999993,10205.71,10904.46,0.0,10.0,17208.068925181804,795.47,795.47,0,3342.77,0.0,63.77,0.0
135,Ampara,PF,50,522251,not_helped,na,0,663.4437397017464,0.0,120000.0,0.0,0.0,52153.133146515145,131010.38067557543,33757.067917946515,0.0,0,0,0.0,2.7245611072726705e-05,0.0,0.0,3.7572240453487513,0.0,3.7572240453487513,0,45477.532103761216,1.0,1.0,0,0,0.005525570716212214,0.0,-1,0.0,0.0,0.0,10903.720000000003,10904.46,0.0,10.0,0.0,3.27,3.27,0,3.27,0.0,0.06,0.0
136,Ampara,PF,100,522251,helped,a,0,7.510340046088743,0.0,120000.0,0.0,0.0,52153.133146515145,131010.38067557543,33757.067917946515,0.7150000000000004,4962,0,4962.0,2.835882364462852e-05,0.0,0.7150000000000004,5148.923149975791,0.0,5148.923149975791,1,45477.532103761216,1.0,1.0,0,0,0.005525570716212214,0.0,-1,0.0,0.0,4323.409999999999,9977.599999999999,10904.47,0.0,10.0,32920.674351224465,1414.33,1414.33,0,4548.45,0.0,87.04,0.0
137,Ampara,PF,100,522251,not_helped,na,0,662.9252526539113,0.0,120000.0,0.0,0.0,52153.133146515145,131010.38067557543,33757.067917946515,0.0,0,0,0.0,2.835882364462852e-05,0.0,0.0,3.9213356454978174,0.0,3.9213356454978174,0,45477.532103761216,1.0,1.0,0,0,0.005525570716212214,0.0,-1,0.0,0.0,0.0,10903.680000000002,10904.47,0.0,10.0,0.0,3.4,3.4,0,3.4,0.0,0.07,0.0
138,Ampara,PF,250,522251,helped,a,0,8.016692290676689,0.0,120000.0,0.0,0.0,52153.133146515145,131010.38067557543,33757.067917946515,1.2150000000000007,2281,0,2281.0,3.02561042692661e-05,0.0,1.2150000000000007,3509.8076791492604,0.0,3509.8076791492604,1,45477.532103761216,1.0,1.0,0,0,0.005525570716212214,0.0,-1,0.0,0.0,1804.92,10301.429999999998,10904.48,0.0,10.0,14812.201844714598,598.36,598.36,0,2843.28,0.0,54.15,0.0
139,Ampara,PF,250,522251,not_helped,na,0,662.4189004093233,0.0,120000.0,0.0,0.0,52153.133146515145,131010.38067557543,33757.067917946515,0.0,0,0,0.0,3.02561042692661e-05,0.0,0.0,4.182903154217603,0.0,4.182903154217603,0,45477.532103761216,1.0,1.0,0,0,0.005525570716212214,0.0,-1,0.0,0.0,0.0,10903.640000000001,10904.48,0.0,10.0,0.0,3.63,3.63,0,3.63,0.0,0.07,0.0
140,Ampara,PF,500,522251,helped,a,0,8.98196073079532,0.0,120000.0,0.0,0.0,52153.133146515145,131010.38067557543,33757.067917946515,0.9650000000000006,3236,0,3236.0,3.4209097873120826e-05,0.0,0.9650000000000006,4169.072004185951,0.0,4169.072004185951,1,45477.532103761216,1.0,1.0,0,0,0.005525570716212214,0.0,-1,0.0,0.0,2686.939999999999,10171.339999999998,10904.49,0.0,10.0,24586.94984565718,885.21,885.21,0,3526.77,0.0,67.33,0.0
141,Ampara,PF,500,522251,not_helped,na,0,661.4536319692047,0.0,120000.0,0.0,0.0,52153.133146515145,131010.38067557543,33757.067917946515,0.0,0,0,0.0,3.4209097873120826e-05,0.0,0.0,4.726201853659446,0.0,4.726201853659446,0,45477.532103761216,1.0,1.0,0,0,0.005525570716212214,0.0,-1,0.0,0.0,0.0,10903.539999999999,10904.49,0.0,10.0,0.0,4.11,4.11,0,4.11,0.0,0.08,0.0
142,Ampara,PF,1000,522251,helped,a,0,9.53685218837209,0.0,120000.0,0.0,0.0,52153.133146515145,131010.38067557543,33757.067917946515,1.0350000000000006,3143,0,3143.0,3.722218967863348e-05,0.0,1.0350000000000006,4269.807654094546,0.0,4269.807654094546,1,45477.532103761216,1.0,1.0,0,0,0.005525570716212214,0.0,-1,0.0,0.0,2574.76,10158.49,10904.49,0.0,10.0,25049.6866950219,849.92,849.92,0,3568.47,0.0,68.08,0.0
143,Ampara,PF,1000,522251,not_helped,na,0,660.8987405116279,0.0,120000.0,0.0,0.0,52153.133146515145,131010.38067557543,33757.067917946515,0.0,0,0,0.0,3.722218967863348e-05,0.0,0.0,5.131752756352506,0.0,5.131752756352506,0,45477.532103761216,1.0,1.0,0,0,0.005525570716212214,0.0,-1,0.0,0.0,0.0,10903.459999999997,10904.49,0.0,10.0,0.0,4.47,4.47,0,4.47,0.0,0.09,0.0
144,Ampara,PF,5,522261,helped,a,1,10.841895119412476,0.0,0.0,0.0,0.0,52153.133146515145,111383.51520348422,346039.79201288056,0.7950000000000005,46424,0,46424.0,1.743473478250559e-05,0.0,0.7950000000000005,51850.067567204664,0.0,51850.067567204664,1,45477.532103761216,1.0,1.0,0,0,0.005992658585612872,0.02771947388456612,-1,0.0,0.0,39830.68,5103.139999999999,9271.3,26444.0,0.847,438505.86905219726,13018.62,13018.62,0,45172.79,26444.0,354.23,26444.0
145,Ampara,PF,10,522261,helped,a,1,13.18170581826004,0.0,0.0,0.0,0.0,52153.133146515145,111383.51520348422,346039.79201288056,0.9650000000000006,35682,0,35682.0,2.192072989425747e-05,0.0,0.9650000000000006,45918.475562058346,0.0,45918.475562058346,1,45477.532103761216,1.0,1.0,0,0,0.005992658585612872,0.020102837815615143,-1,0.0,0.0,29627.759999999995,5089.999999999999,9271.43,20204.0,0.851,397873.97207719734,9715.58,9715.58,0,38842.95,20204.0,352.22,20204.0
146,Ampara,PF,25,522261,helped,a,1,15.374795714209572,0.0,0.0,0.0,0.0,52153.133146515145,111383.51520348422,346039.79201288056,0.7950000000000005,44622,0,44622.0,2.4716257527773024e-05,0.0,0.7950000000000005,49837.44862536201,0.0,49837.44862536201,1,45477.532103761216,1.0,1.0,0,0,0.005992658585612872,0.025782129230377464,-1,0.0,0.0,38284.60000000001,5168.840000000001,9271.5,24919.0,0.872,597703.6395275401,12513.29,12513.29,0,43419.35,24919.0,350.09,24919.0
147,Ampara,PF,50,522261,helped,a,1,16.314323662591708,0.0,0.0,0.0,0.0,52153.133146515145,111383.51520348422,346039.79201288056,0.9050000000000006,37142,0,37142.0,2.7245611072726705e-05,0.0,0.9050000000000006,45568.80131960011,0.0,45568.80131960011,1,45477.532103761216,1.0,1.0,0,0,0.005992658585612872,0.02045330197469389,-1,0.0,0.0,31198.629999999997,5164.64,9271.56,20506.0,0.882,517937.6853322372,10218.88,10218.88,0,38950.3,20506.0,348.88,20506.0
148,Ampara,PF,100,522261,helped,a,1,17.524126774207062,0.0,0.0,0.0,0.0,52153.133146515145,111383.51520348422,346039.79201288056,0.7550000000000004,47482,0,47482.0,2.835882364462852e-05,0.0,0.7550000000000004,51132.44730109451,0.0,51132.44730109451,1,45477.532103761216,1.0,1.0,0,0,0.005992658585612872,0.027906396529262124,-1,0.0,0.0,41053.59,5224.89,9271.6,26589.0,0.866,729970.4798811467,13407.99,13407.99,0,44857.64,26589.0,345.74,26589.0
149,Ampara,PF,250,522261,helped,a,1,18.705615344912268,0.0,0.0,0.0,0.0,52153.133146515145,111383.51520348422,346039.79201288056,0.9650000000000006,33013,0,33013.0,3.02561042692661e-05,0.0,0.9650000000000006,42483.7910915933,0.0,42483.7910915933,1,45477.532103761216,1.0,1.0,0,0,0.005992658585612872,0.017421716599745007,-1,0.0,0.0,27411.63,5239.000000000002,9271.69,17843.0,0.899,522374.3235150941,8988.86,8988.86,0,35937.52,17843.0,342.24,17843.0
150,Ampara,PF,500,522261,helped,a,1,20.95790837185574,0.0,0.0,0.0,0.0,52153.133146515145,111383.51520348422,346039.79201288056,0.8450000000000005,43248,0,43248.0,3.4209097873120826e-05,0.0,0.8450000000000005,50465.2546042234,0.0,50465.2546042234,1,45477.532103761216,1.0,1.0,0,0,0.005992658585612872,0.025543095152460473,-1,0.0,0.0,36749.98,5062.069999999999,9271.77,24728.0,0.844,782845.3621537694,12023.28,12023.28,0,43586.75,24728.0,356.57,24728.0
151,Ampara,PF,1000,522261,helped,a,1,22.25265510620153,0.0,0.0,0.0,0.0,52153.133146515145,111383.51520348422,346039.79201288056,0.8450000000000005,41549,0,41549.0,3.722218967863348e-05,0.0,0.8450000000000005,48482.72436993336,0.0,48482.72436993336,1,45477.532103761216,1.0,1.0,0,0,0.005992658585612872,0.023746550329076722,-1,0.0,0.0,35306.249999999985,5134.05,9271.83,23272.0,0.869,798554.1080835755,11550.94,11550.94,0,41874.43,23272.0,351.9,23272.0
152,Ampara,PF,5,522271,helped,a,0,3.0976843198321364,0.0,0.0,0.0,0.0,52153.133146515145,603012.9240465137,1873405.291949407,0.9650000000000006,186629,0,186629.0,1.743473478250559e-05,0.0,0.9650000000000006,240169.24992072722,0.0,240169.24992072722,1,45477.532103761216,1.0,1.0,0,0,0.0025755304305423053,0.01880875333329361,-1,0.0,0.0,154963.28000000003,27861.060000000005,50193.35,103273.0,0.875,489036.19400575204,50815.79,50815.79,0,203161.83,103273.0,1888.47,103273.0
153,Ampara,PF,10,522271,helped,a,0,3.7662016623600127,0.0,0.0,0.0,0.0,52153.133146515145,603012.9240465137,1873405.291949407,0.7950000000000005,235028,0,235028.0,2.192072989425747e-05,0.0,0.7950000000000005,262498.2267832366,0.0,262498.2267832366,1,45477.532103761216,1.0,1.0,0,0,0.0025755304305423053,0.02493993180221546,-1,0.0,0.0,201648.37000000002,28584.98,50194.04,131249.0,0.872,771171.1432624654,65908.6,65908.6,0,228693.58,131249.0,1843.97,131249.0
154,Ampara,PF,25,522271,helped,a,0,4.39279877548845,0.0,0.0,0.0,0.0,52153.133146515145,603012.9240465137,1873405.291949407,1.0350000000000006,170137,0,170137.0,2.4716257527773024e-05,0.0,1.0350000000000006,230855.60414444038,0.0,230855.60414444038,1,45477.532103761216,1.0,1.0,0,0,0.0025755304305423053,0.016551165706389075,-1,0.0,0.0,139376.93000000002,27656.54,50194.41,92342.0,0.885,624587.0628616704,45766.38,45766.38,0,192927.14,92342.0,1901.24,92342.0
155,Ampara,PF,50,522271,helped,a,0,4.661235332169061,0.0,0.0,0.0,0.0,52153.133146515145,603012.9240465137,1873405.291949407,0.8450000000000005,226607,0,226607.0,2.7245611072726705e-05,0.0,0.8450000000000005,264423.3247803194,0.0,264423.3247803194,1,45477.532103761216,1.0,1.0,0,0,0.0025755304305423053,0.024556017362633954,-1,0.0,0.0,192559.28,28138.019999999997,50194.73,129567.0,0.844,912297.2588862485,62998.5,62998.5,0,228381.95,129567.0,1868.32,129567.0
156,Ampara,PF,100,522271,helped,a,0,5.006893364059161,0.0,0.0,0.0,0.0,52153.133146515145,603012.9240465137,1873405.291949407,1.2150000000000007,135644,0,135644.0,2.835882364462852e-05,0.0,1.2150000000000007,208468.63968218834,0.0,208468.63968218834,1,45477.532103761216,1.0,1.0,0,0,0.0025755304305423053,0.0123225246363954,-1,0.0,0.0,107332.31000000001,28035.339999999997,50194.97,70879.0,0.888,550130.655963323,35366.52,35366.52,0,168864.22,70879.0,1850.17,70879.0
157,Ampara,PF,250,522271,helped,a,0,5.344461527117792,0.0,0.0,0.0,0.0,52153.133146515145,603012.9240465137,1873405.291949407,1.0350000000000006,162538,0,162538.0,3.02561042692661e-05,0.0,1.0350000000000006,220544.66804063227,0.0,220544.66804063227,1,45477.532103761216,1.0,1.0,0,0,0.0025755304305423053,0.015276687916168123,-1,0.0,0.0,133151.81999999995,28238.04,50195.44,86012.0,0.91,725958.5716268277,43722.28,43722.28,0,184310.27,86012.0,1858.82,86012.0
158,Ampara,PF,500,522271,helped,a,0,5.987973820530213,0.0,0.0,0.0,0.0,52153.133146515145,603012.9240465137,1873405.291949407,0.9650000000000006,186011,0,186011.0,3.4209097873120826e-05,0.0,0.9650000000000006,239373.95767541157,0.0,239373.95767541157,1,45477.532103761216,1.0,1.0,0,0,0.0025755304305423053,0.018736999987533292,-1,0.0,0.0,154450.13,27935.00000000001,50195.88,102931.0,0.875,942200.1956931533,50647.52,50647.52,0,202489.06,102931.0,1882.22,102931.0
159,Ampara,PF,1000,522271,helped,a,0,6.357901458914725,0.0,0.0,0.0,0.0,52153.133146515145,603012.9240465137,1873405.291949407,0.8450000000000005,220416,0,220416.0,3.722218967863348e-05,0.0,0.8450000000000005,257199.1666399488,0.0,257199.1666399488,1,45477.532103761216,1.0,1.0,0,0,0.0025755304305423053,0.023178230308517008,-1,0.0,0.0,187298.49999999997,28245.100000000006,50196.23,123456.0,0.869,1210372.265805856,61277.36,61277.36,0,222142.48,123456.0,1866.82,123456.0
160,Ampara,PF,5,522281,helped,a,0,7.744210799580341,0.0,0.0,0.0,0.0,52153.133146515145,88070.02118728701,273610.79203276447,0.7150000000000004,41118,0,41118.0,1.743473478250559e-05,0.0,0.728,42593.4890835258,0.0,42593.4890835258,2,45477.532103761216,1.0,1.0,0,0,0.006739317935941859,0.031205752225980564,-1,0.0,0.0,35746.26,4010.2700000000004,7330.73,23000.0,0.863,280737.01197985484,11668.56,11668.56,0,38059.44,23000.0,285.04,23000.0
161,Ampara,PF,10,522281,helped,a,0,9.415504155900031,0.0,0.0,0.0,0.0,52153.133146515145,88070.02118728701,273610.79203276447,0.7150000000000004,40305,0,40305.0,2.192072989425747e-05,0.0,0.7150000000000004,41791.474834055305,0.0,41791.474834055305,1,45477.532103761216,1.0,1.0,0,0,0.006739317935941859,0.030470119080192013,-1,0.0,0.0,35117.88,4156.24,7330.84,22567.0,0.862,335239.3079359453,11460.57,11460.57,0,36918.17,22567.0,271.64,22567.0
162,Ampara,PF,25,522281,helped,a,0,10.981996938721126,0.0,0.0,0.0,0.0,52153.133146515145,88070.02118728701,273610.79203276447,1.0350000000000006,24478,0,24478.0,2.4716257527773024e-05,0.0,1.0350000000000006,33213.7246939091,0.0,33213.7246939091,1,45477.532103761216,1.0,1.0,0,0,0.006739317935941859,0.016271307441214092,-1,0.0,0.0,20052.489999999994,4088.239999999999,7330.89,13285.0,0.885,224652.01235728542,6584.52,6584.52,0,27756.88,13285.0,273.54,13285.0
163,Ampara,PF,50,522281,helped,a,0,11.653088330422651,0.0,0.0,0.0,0.0,52153.133146515145,88070.02118728701,273610.79203276447,0.7150000000000004,41505,0,41505.0,2.7245611072726705e-05,0.0,0.718,42593.4890835258,0.0,42593.4890835258,2,45477.532103761216,1.0,1.0,0,0,0.006739317935941859,0.031205752225980564,-1,0.0,0.0,36152.29000000001,4004.6199999999994,7330.94,23000.0,0.875,427154.5570620231,11798.83,11798.83,0,38117.77,23000.0,286.23,23000.0
164,Ampara,PF,100,522281,helped,a,0,12.517233410147904,0.0,0.0,0.0,0.0,52153.133146515145,88070.02118728701,273610.79203276447,1.1150000000000009,20699,0,20699.0,2.835882364462852e-05,0.0,1.1150000000000009,29741.992695449975,0.0,29741.992695449975,1,45477.532103761216,1.0,1.0,0,0,0.006739317935941859,0.012398595972426886,-1,0.0,0.0,16697.329999999998,4179.2300000000005,7330.97,10410.0,0.942,213543.12577078448,5491.26,5491.26,0,24513.08,10410.0,266.7,10410.0
165,Ampara,PF,250,522281,helped,a,0,13.36115381779448,0.0,0.0,0.0,0.0,52153.133146515145,88070.02118728701,273610.79203276447,1.1150000000000009,20563,0,20563.0,3.02561042692661e-05,0.0,1.1150000000000009,29546.576926254304,0.0,29546.576926254304,1,45477.532103761216,1.0,1.0,0,0,0.006739317935941859,0.012308299818602311,-1,0.0,0.0,16587.62,4199.820000000001,7331.04,10341.0,0.942,226442.69711937002,5455.18,5455.18,0,24352.02,10341.0,264.96,10341.0
166,Ampara,PF,500,522281,helped,a,0,14.969934551325533,0.0,0.0,0.0,0.0,52153.133146515145,88070.02118728701,273610.79203276447,0.9050000000000006,28919,0,28919.0,3.4209097873120826e-05,0.0,0.9050000000000006,35480.161686541265,0.0,35480.161686541265,1,45477.532103761216,1.0,1.0,0,0,0.006739317935941859,0.02008946499293441,-1,0.0,0.0,24291.469999999998,4133.22,7331.1,15966.0,0.882,370038.2193899235,7956.49,7956.49,0,30326.97,15966.0,271.64,15966.0
167,Ampara,PF,1000,522281,helped,a,0,15.894753647286812,0.0,0.0,0.0,0.0,52153.133146515145,88070.02118728701,273610.79203276447,0.8450000000000005,33732,0,33732.0,3.722218967863348e-05,0.0,0.8450000000000005,39361.21828314983,0.0,39361.21828314983,1,45477.532103761216,1.0,1.0,0,0,0.006739317935941859,0.025125211388774462,-1,0.0,0.0,28663.76,4047.6600000000003,7331.15,19287.0,0.844,463081.88539600227,9377.75,9377.75,0,33996.2,19287.0,278.11,19287.0
168,Ampara,PF,5,522291,helped,a,0,3.0976843198321364,0.0,7500.0,7500.0,2.903916138382166e-07,52153.133146515145,86404.01560255182,245106.2981694993,0.9050000000000006,27193,0,27193.0,1.743473478250559e-05,0.0,0.9050000000000006,33362.716451770975,0.0,33362.716451770975,1,45477.532103761216,1.0,1.0,0,0,0.006803980062347676,0.018636543427685844,-1,0.0,0.0,22841.66,4121.169999999998,7192.03,14680.0,0.907,72000.87060380228,7481.75,7481.75,0,28517.07,14680.0,261.85,14680.0
169,Ampara,PF,5,522291,not_helped,na,0,443.85937748016784,0.0,7500.0,7500.0,2.903916138382166e-07,52153.133146515145,86404.01560255182,245106.2981694993,0.0,0,0,0.0,1.743473478250559e-05,0.0,0.0,0.1507772277111441,0.0,0.1507772277111441,0,45477.532103761216,1.0,1.0,0,0,0.006803980062347676,0.0,-1,0.0,0.0,0.0,7191.67,7192.03,0.0,10.0,0.0,0.13,0.13,0,0.13,0.0,0.0,0.0
170,Ampara,PF,10,522291,helped,a,0,3.7662016623600127,0.0,7500.0,7500.0,2.903916138382166e-07,52153.133146515145,86404.01560255182,245106.2981694993,0.6150000000000003,43796,0,43796.0,2.192072989425747e-05,0.0,0.624,40927.48349879061,0.0,40927.48349879061,2,45477.532103761216,1.0,1.0,0,0,0.006803980062347676,0.032547563374926064,-1,0.0,0.0,38842.81,4173.67,7192.12,23329.0,0.918,148059.33011976074,12654.14,12654.14,0,37185.23,23329.0,262.69,23329.0
171,Ampara,PF,10,522291,not_helped,na,0,443.19086013763996,0.0,7500.0,7500.0,2.903916138382166e-07,52153.133146515145,86404.01560255182,245106.2981694993,0.0,0,0,0.0,2.192072989425747e-05,0.0,0.0,0.18886875490738383,0.0,0.18886875490738383,0,45477.532103761216,1.0,1.0,0,0,0.006803980062347676,0.0,-1,0.0,0.0,0.0,7191.67,7192.12,0.0,10.0,0.0,0.16,0.16,0,0.16,0.0,0.0,0.0
172,Ampara,PF,25,522291,helped,a,0,4.39279877548845,0.0,7500.0,7500.0,2.903916138382166e-07,52153.133146515145,86404.01560255182,245106.2981694993,0.8450000000000005,30624,0,30624.0,2.4716257527773024e-05,0.0,0.8450000000000005,35734.76697644871,0.0,35734.76697644871,1,45477.532103761216,1.0,1.0,0,0,0.006803980062347676,0.021797432529080576,-1,0.0,0.0,26022.749999999993,4073.68,7192.17,16795.0,0.894,116189.08833179194,8513.9,8513.9,0,30864.07,16795.0,266.27,16795.0
173,Ampara,PF,25,522291,not_helped,na,0,442.5642630245115,0.0,7500.0,7500.0,2.903916138382166e-07,52153.133146515145,86404.01560255182,245106.2981694993,0.0,0,0,0.0,2.4716257527773024e-05,0.0,0.0,0.21377168230165544,0.0,0.21377168230165544,0,45477.532103761216,1.0,1.0,0,0,0.006803980062347676,0.0,-1,0.0,0.0,0.0,7191.67,7192.17,0.0,10.0,0.0,0.19,0.19,0,0.19,0.0,0.0,0.0
174,Ampara,PF,50,522291,helped,a,0,4.661235332169061,0.0,7500.0,7500.0,2.903916138382166e-07,52153.133146515145,86404.01560255182,245106.2981694993,0.9650000000000006,23971,0,23971.0,2.7245611072726705e-05,0.0,0.9650000000000006,30848.051027895715,0.0,30848.051027895715,1,45477.532103761216,1.0,1.0,0,0,0.006803980062347676,0.0152969950421252,-1,0.0,0.0,19903.799999999996,4145.23,7192.21,12339.0,0.95,94517.45365040496,6527.09,6527.09,0,26094.72,12339.0,260.4,12339.0
175,Ampara,PF,50,522291,not_helped,na,0,442.2958264678309,0.0,7500.0,7500.0,2.903916138382166e-07,52153.133146515145,86404.01560255182,245106.2981694993,0.0,0,0,0.0,2.7245611072726705e-05,0.0,0.0,0.23482650283429696,0.0,0.23482650283429696,0,45477.532103761216,1.0,1.0,0,0,0.006803980062347676,0.0,-1,0.0,0.0,0.0,7191.67,7192.21,0.0,10.0,0.0,0.2,0.2,0,0.2,0.0,0.0,0.0
176,Ampara,PF,100,522291,helped,a,0,5.006893364059161,0.0,7500.0,7500.0,2.903916138382166e-07,52153.133146515145,86404.01560255182,245106.2981694993,0.9650000000000006,24081,0,24081.0,2.835882364462852e-05,0.0,0.9650000000000006,30989.618157014283,0.0,30989.618157014283,1,45477.532103761216,1.0,1.0,0,0,0.006803980062347676,0.015810001293260083,-1,0.0,0.0,19995.130000000005,4191.070000000001,7192.24,12706.0,0.924,101992.37051429712,6557.05,6557.05,0,26214.48,12706.0,255.61,12706.0
177,Ampara,PF,100,522291,not_helped,na,0,441.95016843594084,0.0,7500.0,7500.0,2.903916138382166e-07,52153.133146515145,86404.01560255182,245106.2981694993,0.0,0,0,0.0,2.835882364462852e-05,0.0,0.0,0.2450834778436136,0.0,0.2450834778436136,0,45477.532103761216,1.0,1.0,0,0,0.006803980062347676,0.0,-1,0.0,0.0,0.0,7191.67,7192.24,0.0,10.0,0.0,0.21,0.21,0,0.21,0.0,0.0,0.0
178,Ampara,PF,250,522291,helped,a,0,5.344461527117792,0.0,7500.0,7500.0,2.903916138382166e-07,52153.133146515145,86404.01560255182,245106.2981694993,0.8450000000000005,29792,0,29792.0,3.02561042692661e-05,0.0,0.8450000000000005,34763.96993054591,0.0,34763.96993054591,1,45477.532103761216,1.0,1.0,0,0,0.006803980062347676,0.021103850486936557,-1,0.0,0.0,25315.740000000005,4158.42,7192.31,16339.0,0.894,137519.8894481108,8282.63,8282.63,0,30025.57,16339.0,259.03,16339.0
179,Ampara,PF,250,522291,not_helped,na,0,441.61260027288216,0.0,7500.0,7500.0,2.903916138382166e-07,52153.133146515145,86404.01560255182,245106.2981694993,0.0,0,0,0.0,3.02561042692661e-05,0.0,0.0,0.26143144713860017,0.0,0.26143144713860017,0,45477.532103761216,1.0,1.0,0,0,0.006803980062347676,0.0,-1,0.0,0.0,0.0,7191.65,7192.31,0.0,10.0,0.0,0.23,0.23,0,0.23,0.0,0.0,0.0
180,Ampara,PF,500,522291,helped,a,0,5.987973820530213,0.0,7500.0,7500.0,2.903916138382166e-07,52153.133146515145,86404.01560255182,245106.2981694993,1.0350000000000006,21961,0,21961.0,3.4209097873120826e-05,0.0,1.0350000000000006,29798.751470749183,0.0,29798.751470749183,1,45477.532103761216,1.0,1.0,0,0,0.006803980062347676,0.013897829710527762,-1,0.0,0.0,17990.550000000007,4168.26,7192.36,11324.0,0.935,109896.80449028539,5907.71,5907.71,0,24902.98,11324.0,256.88,11324.0
181,Ampara,PF,500,522291,not_helped,na,0,440.96908797946975,0.0,7500.0,7500.0,2.903916138382166e-07,52153.133146515145,86404.01560255182,245106.2981694993,0.0,0,0,0.0,3.4209097873120826e-05,0.0,0.0,0.29538761585371537,0.0,0.29538761585371537,0,45477.532103761216,1.0,1.0,0,0,0.006803980062347676,0.0,-1,0.0,0.0,0.0,7191.569999999998,7192.36,0.0,10.0,0.0,0.26,0.26,0,0.26,0.0,0.01,0.0
182,Ampara,PF,1000,522291,helped,a,0,6.357901458914725,0.0,7500.0,7500.0,2.903916138382166e-07,52153.133146515145,86404.01560255182,245106.2981694993,0.9050000000000006,27257,0,27257.0,3.722218967863348e-05,0.0,0.9050000000000006,33441.40677106497,0.0,33441.40677106497,1,45477.532103761216,1.0,1.0,0,0,0.006803980062347676,0.018686247854846884,-1,0.0,0.0,22895.4,4113.799999999999,7192.41,14714.0,0.907,148127.27829599954,7499.5,7499.5,0,28584.32,14714.0,262.48,14714.0
183,Ampara,PF,1000,522291,not_helped,na,0,440.5991603410852,0.0,7500.0,7500.0,2.903916138382166e-07,52153.133146515145,86404.01560255182,245106.2981694993,0.0,0,0,0.0,3.722218967863348e-05,0.0,0.0,0.3207345472720316,0.0,0.3207345472720316,0,45477.532103761216,1.0,1.0,0,0,0.006803980062347676,0.0,-1,0.0,0.0,0.0,7191.569999999998,7192.41,0.0,10.0,0.0,0.28,0.28,0,0.28,0.0,0.01,0.0
184,Ampara,PF,5,522311,helped,a,2,6.862163885846625,0.5813953488372093,21500.0,9000.0,3.484699366058599e-07,52153.133146515145,79292.45450376935,179465.71174474113,0.9050000000000006,20448,0,20448.0,1.743473478250559e-05,0.0,0.9050000000000006,25087.687878884262,0.0,25087.687878884262,1,45477.532103761216,1.0,1.0,0,0,0.007102546158489709,0.012999796854448416,-1,0.0,0.0,17175.969999999998,4049.04,6600.02,9784.0,1.04,119937.58661321588,5626.24,5626.24,0,21443.92,9784.0,221.08,9784.0
185,Ampara,PF,5,522311,not_helped,na,2,983.2621649141531,0.5813953488372093,21500.0,9000.0,3.484699366058599e-07,52153.133146515145,79292.45450376935,179465.71174474113,0.0,0,0,0.0,1.743473478250559e-05,0.0,0.0,0.4322280527719464,0.0,0.4322280527719464,0,45477.532103761216,1.0,1.0,0,0,0.007102546158489709,0.0,-1,0.0,0.0,0.0,6599.649999999998,6600.02,0.0,10.0,0.0,0.37,0.37,0,0.37,0.0,0.01,0.0
186,Ampara,PF,10,522311,helped,a,2,8.343100963775065,0.5813953488372093,21500.0,9000.0,3.484699366058599e-07,52153.133146515145,79292.45450376935,179465.71174474113,0.9050000000000006,19408,0,19408.0,2.192072989425747e-05,0.0,0.9050000000000006,23811.841192511012,0.0,23811.841192511012,1,45477.532103761216,1.0,1.0,0,0,0.007102546158489709,0.011928285860895746,-1,0.0,0.0,16302.4,4132.819999999999,6600.08,9048.0,1.069,138405.03678421874,5340.2,5340.2,0,20353.39,9048.0,214.43,9048.0
187,Ampara,PF,10,522311,not_helped,na,2,981.7812278362247,0.5813953488372093,21500.0,9000.0,3.484699366058599e-07,52153.133146515145,79292.45450376935,179465.71174474113,0.0,0,0,0.0,2.192072989425747e-05,0.0,0.0,0.5414237640678337,0.0,0.5414237640678337,0,45477.532103761216,1.0,1.0,0,0,0.007102546158489709,0.0,-1,0.0,0.0,0.0,6599.649999999998,6600.08,0.0,10.0,0.0,0.47,0.47,0,0.47,0.0,0.01,0.0
188,Ampara,PF,25,522311,helped,a,2,9.73117400051327,0.5813953488372093,21500.0,9000.0,3.484699366058599e-07,52153.133146515145,79292.45450376935,179465.71174474113,0.6150000000000003,33129,0,33129.0,2.4716257527773024e-05,0.0,0.6150000000000003,31038.532059827892,0.0,31038.532059827892,1,45477.532103761216,1.0,1.0,0,0,0.007102546158489709,0.023546503831125883,-1,0.0,0.0,29426.970000000005,4129.579999999999,6600.12,16450.0,1.032,289772.4665937841,9585.41,9585.41,0,27898.73,16450.0,217.42,16450.0
189,Ampara,PF,25,522311,not_helped,na,2,980.3931547994865,0.5813953488372093,21500.0,9000.0,3.484699366058599e-07,52153.133146515145,79292.45450376935,179465.71174474113,0.0,0,0,0.0,2.4716257527773024e-05,0.0,0.0,0.6128121559314123,0.0,0.6128121559314123,0,45477.532103761216,1.0,1.0,0,0,0.007102546158489709,0.0,-1,0.0,0.0,0.0,6599.649999999998,6600.12,0.0,10.0,0.0,0.53,0.53,0,0.53,0.0,0.01,0.0
190,Ampara,PF,50,522311,helped,a,2,10.325829702871776,0.5813953488372093,21500.0,9000.0,3.484699366058599e-07,52153.133146515145,79292.45450376935,179465.71174474113,0.8450000000000005,21571,0,21571.0,2.7245611072726705e-05,0.0,0.8450000000000005,25171.455796659746,0.0,25171.455796659746,1,45477.532103761216,1.0,1.0,0,0,0.007102546158489709,0.013790906302277337,-1,0.0,0.0,18329.949999999997,4112.410000000002,6600.15,10320.0,1.055,192378.77780315455,5997.49,5997.49,0,21740.54,10320.0,216.66,10320.0
191,Ampara,PF,50,522311,not_helped,na,2,979.798499097128,0.5813953488372093,21500.0,9000.0,3.484699366058599e-07,52153.133146515145,79292.45450376935,179465.71174474113,0.0,0,0,0.0,2.7245611072726705e-05,0.0,0.0,0.6731693081249847,0.0,0.6731693081249847,0,45477.532103761216,1.0,1.0,0,0,0.007102546158489709,0.0,-1,0.0,0.0,0.0,6599.649999999998,6600.15,0.0,10.0,0.0,0.59,0.59,0,0.59,0.0,0.01,0.0
192,Ampara,PF,100,522311,helped,a,2,11.091550744264918,0.5813953488372093,21500.0,9000.0,3.484699366058599e-07,52153.133146515145,79292.45450376935,179465.71174474113,0.7950000000000005,23981,0,23981.0,2.835882364462852e-05,0.0,0.7950000000000005,26784.617580587867,0.0,26784.617580587867,1,45477.532103761216,1.0,1.0,0,0,0.007102546158489709,0.016001039198354345,-1,0.0,0.0,20575.13,4085.4800000000005,6600.17,11785.0,1.033,231732.66406571856,6725.57,6725.57,0,23335.28,11785.0,219.12,11785.0
193,Ampara,PF,100,522311,not_helped,na,2,979.032778055735,0.5813953488372093,21500.0,9000.0,3.484699366058599e-07,52153.133146515145,79292.45450376935,179465.71174474113,0.0,0,0,0.0,2.835882364462852e-05,0.0,0.0,0.7025726364850255,0.0,0.7025726364850255,0,45477.532103761216,1.0,1.0,0,0,0.007102546158489709,0.0,-1,0.0,0.0,0.0,6599.649999999998,6600.17,0.0,10.0,0.0,0.61,0.61,0,0.61,0.0,0.01,0.0
194,Ampara,PF,250,522311,helped,a,2,11.83935065490205,0.5813953488372093,21500.0,9000.0,3.484699366058599e-07,52153.133146515145,79292.45450376935,179465.71174474113,1.0350000000000006,16513,0,16513.0,3.02561042692661e-05,0.0,1.0350000000000006,22406.91970687481,0.0,22406.91970687481,1,45477.532103761216,1.0,1.0,0,0,0.007102546158489709,0.009268897195569375,-1,0.0,0.0,13527.52,4067.17,6600.22,7170.0,1.101,163383.0390376483,4442.6,4442.6,0,18725.6,7170.0,219.08,7170.0
195,Ampara,PF,250,522311,not_helped,na,2,978.2849781450977,0.5813953488372093,21500.0,9000.0,3.484699366058599e-07,52153.133146515145,79292.45450376935,179465.71174474113,0.0,0,0,0.0,3.02561042692661e-05,0.0,0.0,0.7494368151306539,0.0,0.7494368151306539,0,45477.532103761216,1.0,1.0,0,0,0.007102546158489709,0.0,-1,0.0,0.0,0.0,6599.649999999998,6600.22,0.0,10.0,0.0,0.65,0.65,0,0.65,0.0,0.01,0.0
196,Ampara,PF,500,522311,helped,a,2,13.264895146857368,0.5813953488372093,21500.0,9000.0,3.484699366058599e-07,52153.133146515145,79292.45450376935,179465.71174474113,0.7950000000000005,24000,0,24000.0,3.4209097873120826e-05,0.0,0.7950000000000005,26805.982518244655,0.0,26805.982518244655,1,45477.532103761216,1.0,1.0,0,0,0.007102546158489709,0.016016372237138612,-1,0.0,0.0,20591.43,4083.59,6600.26,11795.0,1.033,277359.4067962818,6731.03,6731.03,0,23353.91,11795.0,219.29,11795.0
197,Ampara,PF,500,522311,not_helped,na,2,976.8594336531424,0.5813953488372093,21500.0,9000.0,3.484699366058599e-07,52153.133146515145,79292.45450376935,179465.71174474113,0.0,0,0,0.0,3.4209097873120826e-05,0.0,0.0,0.846777832113984,0.0,0.846777832113984,0,45477.532103761216,1.0,1.0,0,0,0.007102546158489709,0.0,-1,0.0,0.0,0.0,6599.5899999999965,6600.26,0.0,10.0,0.0,0.74,0.74,0,0.74,0.0,0.01,0.0
198,Ampara,PF,1000,522311,helped,a,2,14.084379580518537,0.5813953488372093,21500.0,9000.0,3.484699366058599e-07,52153.133146515145,79292.45450376935,179465.71174474113,1.2150000000000007,13246,0,13246.0,3.722218967863348e-05,0.0,1.2150000000000007,20358.44060643154,0.0,20358.44060643154,1,45477.532103761216,1.0,1.0,0,0,0.007102546158489709,0.006442108364095061,-1,0.0,0.0,10481.270000000002,4083.1700000000005,6600.29,5090.0,1.141,151118.9140843569,3454.43,3454.43,0,16490.82,5090.0,215.98,5090.0
199,Ampara,PF,1000,522311,not_helped,na,2,976.0399492194813,0.5813953488372093,21500.0,9000.0,3.484699366058599e-07,52153.133146515145,79292.45450376935,179465.71174474113,0.0,0,0,0.0,3.722218967863348e-05,0.0,0.0,0.9194390355131573,0.0,0.9194390355131573,0,45477.532103761216,1.0,1.0,0,0,0.007102546158489709,0.0,-1,0.0,0.0,0.0,6599.549999999996,6600.29,0.0,10.0,0.0,0.8,0.8,0,0.8,0.0,0.02,0.0
