region,hazard,rp,fa,v
ARMM,EQ,1,0.0009269885676996203,0.2393136949944863
ARMM,EQ,10,0.0015356968206954634,0.23815197012428257
ARMM,EQ,25,0.011369371599294789,0.2389725172913629
ARMM,EQ,30,0.015146815189047537,0.23997515681809334
ARMM,EQ,50,0.03638391590279798,0.24062750852333728
ARMM,EQ,100,0.09364005494671584,0.2393142459244572
ARMM,EQ,200,0.17199131348797989,0.23714589477417478
ARMM,EQ,250,0.1992036695679206,0.23952967370107392
ARMM,EQ,500,0.3009829799577396,0.23822195671280536
ARMM,EQ,1000,0.4007881240256586,0.24079295688661212
ARMM,EQ,2000,0.6764644923434845,0.23951046780863142
ARMM,HU,1,1.0000000000000454e-08,0.20398665620201045
ARMM,HU,10,1.0000000000000454e-08,0.2054820933686315
ARMM,HU,25,0.00012695520871927227,0.20430038384716293
ARMM,HU,30,0.00020554653026673184,0.20425366934055986
ARMM,HU,50,0.0007232350030024076,0.20576667249438668
ARMM,HU,100,0.0029952861546351504,0.20487034794756306
ARMM,HU,200,0.008622755165168855,0.20514981367459298
ARMM,HU,250,0.01302504529957534,0.2060378805812114
ARMM,HU,500,0.03300948741068864,0.20414362715255904
ARMM,HU,1000,0.050330833604139535,0.2054679071896824
ARMM,HU,2000,0.27793085974194415,0.20346133707197572
ARMM,PF,1,5.971179330239638e-05,0.20467055060910258
ARMM,PF,10,0.00011565525922965039,0.2042803524902248
ARMM,PF,25,0.0007831255189488305,0.20450198050012716
ARMM,PF,30,0.0013197352069921047,0.20530878109139977
ARMM,PF,50,0.003549442135424695,0.20527633492564598
ARMM,PF,100,0.0079903230186922,0.20601629264671928
ARMM,PF,200,0.012548735341926624,0.20445660537756377
ARMM,PF,250,0.01459177750350714,0.2056328182852891
ARMM,PF,500,0.023792515878838568,0.20540031364013553
ARMM,PF,1000,0.0337121738709053,0.20559396543542463
ARMM,PF,2000,0.06563478702408568,0.2052574095094319
ARMM,SS,1,1.0000000000000454e-08,0.20444089726254958
ARMM,SS,10,1.0000000000000454e-08,0.20416059328926864
ARMM,SS,25,1.0000000000000454e-08,0.20601753210985171
ARMM,SS,30,1.0000000000000454e-08,0.20581402915306551
ARMM,SS,50,1.0000000000000454e-08,0.20642692712226032
ARMM,SS,100,1.0000000000000454e-08,0.204333903583674
ARMM,SS,200,1.0000000000000454e-08,0.2054891256836459
ARMM,SS,250,1.0000000000000454e-08,0.2053236137454742
ARMM,SS,500,1.0000000000000454e-08,0.2057194563633772
ARMM,SS,1000,1.0000000000000454e-08,0.2054997619351607
ARMM,SS,2000,0.00034523184175679663,0.2040611138030274
CAR,EQ,1,4.816073069836315e-05,0.1676530907917015
CAR,EQ,10,6.0241551209410026e-05,0.16698606551160827
CAR,EQ,25,0.0034966524651782738,0.16739102177426018
CAR,EQ,30,0.006448281993549796,0.16868046034052717
CAR,EQ,50,0.022843285109402017,0.16851099151400858
CAR,EQ,100,0.0918921703469094,0.1682216185695091
CAR,EQ,200,0.19625786864270905,0.1680498182936771
CAR,EQ,250,0.2843880376408977,0.16680592230528457
CAR,EQ,500,0.5049957717735907,0.1679714152782529
CAR,EQ,1000,0.8097394136145991,0.1687053174805907
CAR,EQ,2000,0.9500000000000287,0.4070854287465007
CAR,HU,1,0.004981371378851029,0.1368571882170344
CAR,HU,10,0.028940230600307617,0.13607445109598676
CAR,HU,25,0.07788573925901768,0.13602522294356562
CAR,HU,30,0.08837287773180212,0.1364702474222468
CAR,HU,50,0.1260607642827469,0.13771598762700535
CAR,HU,100,0.19394606731155042,0.1371495952510856
CAR,HU,200,0.2846816998398796,0.13710382038853283
CAR,HU,250,0.315612161711786,0.13618942189062466
CAR,HU,500,0.41151896981621583,0.13630210570036672
CAR,HU,1000,0.5218217713525065,0.1373605516718088
CAR,HU,2000,1.0000000000000106e-08,0.13701279564043808
CAR,PF,1,0.00444293511670858,0.1366595072512253
CAR,PF,10,0.017743674469031148,0.1364213112295665
CAR,PF,25,0.04145754411145229,0.13761093547049094
CAR,PF,30,0.04866601377355011,0.135644723065886
CAR,PF,50,0.06635176494812454,0.13619409177496075
CAR,PF,100,0.11196834923723958,0.13729970465488456
CAR,PF,200,0.17821790566444404,0.13644795535683657
CAR,PF,250,0.1856160802608031,0.13737276518448968
CAR,PF,500,0.20769654895467005,0.13597115113225614
CAR,PF,1000,0.23016331792524192,0.13637701023414767
CAR,PF,2000,1.0000000000000106e-08,0.13493079711053171
I - Ilocos,EQ,1,0.0012675225701096458,0.17354604987722208
I - Ilocos,EQ,10,0.0015766472684566252,0.17308353185038203
I - Ilocos,EQ,25,0.025420746636072633,0.1738684874365147
I - Ilocos,EQ,30,0.039487912180145544,0.17206351961367208
I - Ilocos,EQ,50,0.11817487389119885,0.173335794255476
I - Ilocos,EQ,100,0.41471296966980636,0.17182833431770478
I - Ilocos,EQ,200,0.8344766195168661,0.17245536775733844
I - Ilocos,EQ,250,0.9500000000000145,0.18867969662590844
I - Ilocos,EQ,500,0.9500000000000145,0.3162496046205427
I - Ilocos,EQ,1000,0.9500000000000145,0.3986455061557427
I - Ilocos,EQ,2000,0.9500000000000145,0.8382600008561727
I - Ilocos,HU,1,0.012000585901745544,0.13970477388221983
I - Ilocos,HU,10,0.06459000826518732,0.1405422815571849
I - Ilocos,HU,25,0.18165841014591239,0.14089688379322005
I - Ilocos,HU,30,0.20721014807037366,0.14092969622428733
I - Ilocos,HU,50,0.310350639728046,0.14018475740903477
I - Ilocos,HU,100,0.48384204764008903,0.14001186376881694
I - Ilocos,HU,200,0.6919138047136921,0.14042031002401614
I - Ilocos,HU,250,0.7683082296555442,0.14104073189932412
I - Ilocos,HU,500,0.9500000000000145,0.16113955455840004
I - Ilocos,HU,1000,0.9500000000000145,0.20594213408301976
I - Ilocos,HU,2000,1.0000000000000501e-08,0.13974804903327326
I - Ilocos,PF,1,0.002780695189692914,0.14006094938943614
I - Ilocos,PF,10,0.011105778449066754,0.14268818059809057
I - Ilocos,PF,25,0.032581691125211656,0.14053546559539298
I - Ilocos,PF,30,0.040194894010118144,0.13902788950815956
I - Ilocos,PF,50,0.0644244998681983,0.14001488601710899
I - Ilocos,PF,100,0.10905200199658084,0.1402039285011088
I - Ilocos,PF,200,0.15161441191763225,0.1402210763165625
I - Ilocos,PF,250,0.16502112170049169,0.14012886631441998
I - Ilocos,PF,500,0.2082513386167046,0.1404460914130192
I - Ilocos,PF,1000,0.25651712513142005,0.14033826647282716
I - Ilocos,PF,2000,1.0000000000000501e-08,0.1396756616662827
I - Ilocos,SS,1,1.0000000000000501e-08,0.14109261681388785
I - Ilocos,SS,10,1.0000000000000501e-08,0.14132584627711037
I - Ilocos,SS,25,0.003280376693738366,0.14063287016890327
I - Ilocos,SS,30,0.0036639600918418032,0.14052270011961335
I - Ilocos,SS,50,0.006456444216563526,0.13985701812315862
I - Ilocos,SS,100,0.007914287092127,0.14040002733793722
I - Ilocos,SS,200,0.009314311758239593,0.13960442882686955
I - Ilocos,SS,250,0.009634294024338642,0.14104408954458697
I - Ilocos,SS,500,0.01083129562545819,0.1393613211341649
I - Ilocos,SS,1000,0.011777729016604866,0.14045980665820232
I - Ilocos,SS,2000,0.2666408117373727,0.1402115078000756
II - Cagayan Valley,EQ,1,0.0013263456194637607,0.1644335991239476
II - Cagayan Valley,EQ,10,0.0022743478600337342,0.16399964645493056
II - Cagayan Valley,EQ,25,0.0237301851055061,0.16378107929179103
II - Cagayan Valley,EQ,30,0.032544424797061516,0.1632442673389292
II - Cagayan Valley,EQ,50,0.07530136840495112,0.16265431692772223
II - Cagayan Valley,EQ,100,0.1651246327275346,0.16387414399100872
II - Cagayan Valley,EQ,200,0.28262770498834194,0.164168731873885
II - Cagayan Valley,EQ,250,0.31813226832278724,0.163626187014512
II - Cagayan Valley,EQ,500,0.4577397065648669,0.16378357998940607
II - Cagayan Valley,EQ,1000,0.5657689527986581,0.1640001615842465
II - Cagayan Valley,EQ,2000,0.8991569136101689,0.1649421336029511
II - Cagayan Valley,HU,1,0.03078355306257827,0.1333015376200382
II - Cagayan Valley,HU,10,0.17827061408132752,0.13269399503462576
II - Cagayan Valley,HU,25,0.38275069088694236,0.1327429225706153
II - Cagayan Valley,HU,30,0.43886173148644203,0.13329209253272883
II - Cagayan Valley,HU,50,0.6125409054561756,0.13250519960877186
II - Cagayan Valley,HU,100,0.8876101937660805,0.13312878983486712
II - Cagayan Valley,HU,200,0.9500000000000259,0.17136310241097358
II - Cagayan Valley,HU,250,0.9500000000000259,0.1835583967544805
II - Cagayan Valley,HU,500,0.9500000000000259,0.23968040098447987
II - Cagayan Valley,HU,1000,0.9500000000000259,0.30670734423685275
II - Cagayan Valley,HU,2000,1.0000000000000439e-08,0.13205085713722153
II - Cagayan Valley,PF,1,0.0025855490456976136,0.1329807586808611
II - Cagayan Valley,PF,10,0.008821076917741085,0.13400844026668743
II - Cagayan Valley,PF,25,0.03628845051528488,0.13304905524550747
II - Cagayan Valley,PF,30,0.04621335223690436,0.1326826472985578
II - Cagayan Valley,PF,50,0.09069892270553472,0.1330911227101482
II - Cagayan Valley,PF,100,0.16467438658617575,0.13263255098342838
II - Cagayan Valley,PF,200,0.24770956431917612,0.1326843534000343
II - Cagayan Valley,PF,250,0.27235655082422255,0.13240649927400996
II - Cagayan Valley,PF,500,0.3557501536870109,0.13508957197335503
II - Cagayan Valley,PF,1000,0.43920628549724905,0.13391343216079807
II - Cagayan Valley,PF,2000,1.0000000000000439e-08,0.13247203631482257
II - Cagayan Valley,SS,1,0.0034637335405463365,0.13374158890059706
II - Cagayan Valley,SS,10,0.009724829047199969,0.13303493705027336
II - Cagayan Valley,SS,25,0.01264533992274584,0.1332668670625038
II - Cagayan Valley,SS,30,0.013049418436771236,0.13266927406615237
II - Cagayan Valley,SS,50,0.014349619337668432,0.13321788248235303
II - Cagayan Valley,SS,100,0.01619596086788736,0.13266764760808403
II - Cagayan Valley,SS,200,0.017861580038657968,0.13252679564232456
II - Cagayan Valley,SS,250,0.018240907477710566,0.13295615350877008
II - Cagayan Valley,SS,500,0.01992660966501849,0.13203087771192226
II - Cagayan Valley,SS,1000,0.021632373760143736,0.13403520247097392
II - Cagayan Valley,SS,2000,1.0000000000000439e-08,0.13281628882757435
III - Central Luzon,EQ,1,0.0010588814398162524,0.1648903972972646
III - Central Luzon,EQ,10,0.0013063288613061122,0.1649633441323884
III - Central Luzon,EQ,25,0.024271846190738345,0.16488229136320795
III - Central Luzon,EQ,30,0.03550885685460516,0.1655415887590952
III - Central Luzon,EQ,50,0.09845272924957267,0.16531164099345164
III - Central Luzon,EQ,100,0.2676759341336812,0.16544226404346596
III - Central Luzon,EQ,200,0.5137182071038681,0.16584057772950148
III - Central Luzon,EQ,250,0.5995501753373134,0.1660649072347479
III - Central Luzon,EQ,500,0.8544606265225652,0.16428033563469085
III - Central Luzon,EQ,1000,0.9499999999999605,0.21146100033848245
III - Central Luzon,EQ,2000,0.9499999999999605,0.562153047859834
III - Central Luzon,HU,1,0.009119224933455933,0.1326323147705117
III - Central Luzon,HU,10,0.035548507088794076,0.1325143121028388
III - Central Luzon,HU,25,0.14053000638852683,0.13325030073224375
III - Central Luzon,HU,30,0.17455023680201726,0.13331239539087053
III - Central Luzon,HU,50,0.285975271089571,0.1331658414117786
III - Central Luzon,HU,100,0.4803951751098911,0.13293305522876805
III - Central Luzon,HU,200,0.7661320720418716,0.13286389131447354
III - Central Luzon,HU,250,0.8629156865173905,0.1330604230202274
III - Central Luzon,HU,500,0.9499999999999605,0.17909908599489757
III - Central Luzon,HU,1000,0.9499999999999605,0.25046943092922164
III - Central Luzon,HU,2000,1.0000000000000803e-08,0.1316281731809917
III - Central Luzon,PF,1,0.0061357564945684765,0.13388069239926004
III - Central Luzon,PF,10,0.031081078686692323,0.1338180552791804
III - Central Luzon,PF,25,0.05542272854304756,0.13232895908109404
III - Central Luzon,PF,30,0.060221529695191595,0.132737064884936
III - Central Luzon,PF,50,0.07950848895456583,0.1329214943987632
III - Central Luzon,PF,100,0.11380917265516212,0.1334726208821616
III - Central Luzon,PF,200,0.155754756763556,0.13245559863672773
III - Central Luzon,PF,250,0.17052359214051185,0.1341693890771114
III - Central Luzon,PF,500,0.21353065248858322,0.13254897787687572
III - Central Luzon,PF,1000,0.25414002974321204,0.13358390011425048
III - Central Luzon,PF,2000,1.0000000000000803e-08,0.13279320719223284
III - Central Luzon,SS,1,0.00030248687482938935,0.13288565272474834
III - Central Luzon,SS,10,0.0025991472599438572,0.13402349869881514
III - Central Luzon,SS,25,0.004287709002676841,0.13376256026214975
III - Central Luzon,SS,30,0.004663816932669442,0.13289969518763986
III - Central Luzon,SS,50,0.005629937345963622,0.13376946385550084
III - Central Luzon,SS,100,0.007356589485798554,0.1326664708056792
III - Central Luzon,SS,200,0.009989495680206255,0.1329017330307829
III - Central Luzon,SS,250,0.010606631257286739,0.1329415249873205
III - Central Luzon,SS,500,0.012474721163400062,0.133080683671631
III - Central Luzon,SS,1000,0.015824979476422026,0.1337760369148974
III - Central Luzon,SS,2000,1.0000000000000803e-08,0.13363290648672418
IVA - CALABARZON,EQ,1,0.000751889702926302,0.15908721668351658
IVA - CALABARZON,EQ,10,0.0010026677919338749,0.15783370643891895
IVA - CALABARZON,EQ,25,0.015975939457306146,0.15861524104449845
IVA - CALABARZON,EQ,30,0.02439086814468828,0.15914935972352445
IVA - CALABARZON,EQ,50,0.07872132330013717,0.16080569725633148
IVA - CALABARZON,EQ,100,0.2283320216139373,0.15809648118486846
IVA - CALABARZON,EQ,200,0.45725516089141416,0.15941299577355966
IVA - CALABARZON,EQ,250,0.6006463187210945,0.15903215999451054
IVA - CALABARZON,EQ,500,0.9499999999999289,0.19466224006412347
IVA - CALABARZON,EQ,1000,0.9499999999999289,0.2328492313467601
IVA - CALABARZON,EQ,2000,0.9499999999999289,0.6047151737497498
IVA - CALABARZON,HU,1,0.008875280348200126,0.12857734156687167
IVA - CALABARZON,HU,10,0.026383642368926968,0.12886311440077858
IVA - CALABARZON,HU,25,0.11975405504431402,0.128345870003682
IVA - CALABARZON,HU,30,0.1547198331804017,0.12832112367926826
IVA - CALABARZON,HU,50,0.2623127702704813,0.12874138308636449
IVA - CALABARZON,HU,100,0.4877245111338061,0.12844285741957692
IVA - CALABARZON,HU,200,0.8783749402986969,0.130054956772379
IVA - CALABARZON,HU,250,0.9499999999999289,0.1396395551549181
IVA - CALABARZON,HU,500,0.9499999999999289,0.2126842770741943
IVA - CALABARZON,HU,1000,0.9499999999999289,0.3077038095482386
IVA - CALABARZON,HU,2000,1.000000000000098e-08,0.12896758759815308
IVA - CALABARZON,PF,1,0.00551188630291344,0.12943342614928102
IVA - CALABARZON,PF,10,0.028872443674131165,0.12894643932700425
IVA - CALABARZON,PF,25,0.05282656428726588,0.12828248439498077
IVA - CALABARZON,PF,30,0.05789785682477309,0.1296968474305293
IVA - CALABARZON,PF,50,0.07528708596157568,0.12938089316440407
IVA - CALABARZON,PF,100,0.10644884164366984,0.128463213006501
IVA - CALABARZON,PF,200,0.14261127468501236,0.12911661570346153
IVA - CALABARZON,PF,250,0.1584826828313473,0.12826117330237788
IVA - CALABARZON,PF,500,0.19890104287870095,0.12876146191896007
IVA - CALABARZON,PF,1000,0.240407634500123,0.12885842473596767
IVA - CALABARZON,PF,2000,1.000000000000098e-08,0.12855653785313192
IVA - CALABARZON,SS,1,0.0007069859862588411,0.1284126469165328
IVA - CALABARZON,SS,10,0.006034750407753379,0.12933876172347125
IVA - CALABARZON,SS,25,0.008590114793896332,0.12824598828142722
IVA - CALABARZON,SS,30,0.0094187543652426,0.1292528261934262
IVA - CALABARZON,SS,50,0.011687378530559572,0.12875348297744504
IVA - CALABARZON,SS,100,0.014166348506750087,0.12838886787311854
IVA - CALABARZON,SS,200,0.017115777040258632,0.1287563819897817
IVA - CALABARZON,SS,250,0.018652951479296277,0.12894777044454184
IVA - CALABARZON,SS,500,0.02081786204497753,0.1290533522944446
IVA - CALABARZON,SS,1000,0.02305188295771287,0.12776071843521844
IVA - CALABARZON,SS,2000,1.000000000000098e-08,0.1288766201461312
IVB - MIMAROPA,EQ,1,0.000798500134952168,0.22637935969734732
IVB - MIMAROPA,EQ,10,0.001064054577713863,0.22324536364050096
IVB - MIMAROPA,EQ,25,0.009319576157256156,0.2244612813796804
IVB - MIMAROPA,EQ,30,0.013275581396470679,0.22802062409008042
IVB - MIMAROPA,EQ,50,0.03275549422886571,0.22549149436091687
IVB - MIMAROPA,EQ,100,0.08436011839080386,0.22430841794072062
IVB - MIMAROPA,EQ,200,0.1840519672799716,0.2257064309483801
IVB - MIMAROPA,EQ,250,0.22248621754956913,0.22525800165200233
IVB - MIMAROPA,EQ,500,0.3621428715813985,0.22323174294642
IVB - MIMAROPA,EQ,1000,0.4911659304382276,0.22352423409773217
IVB - MIMAROPA,EQ,2000,0.4159022471112044,0.22500372724083062
IVB - MIMAROPA,HU,1,0.0027612497531997854,0.18831232565708753
IVB - MIMAROPA,HU,10,0.010549636596344258,0.1855666702628379
IVB - MIMAROPA,HU,25,0.039481073056558846,0.1874979507361387
IVB - MIMAROPA,HU,30,0.05061743599825375,0.1869256391383968
IVB - MIMAROPA,HU,50,0.0818018900029085,0.18644801496750113
IVB - MIMAROPA,HU,100,0.15135807959978584,0.18822961926389914
IVB - MIMAROPA,HU,200,0.24137517164871844,0.1866215655763825
IVB - MIMAROPA,HU,250,0.2721103942121775,0.1873731735336704
IVB - MIMAROPA,HU,500,0.40800516364448863,0.1868487790485625
IVB - MIMAROPA,HU,1000,0.6258975857210697,0.18722018396427748
IVB - MIMAROPA,HU,2000,9.999999999999913e-09,0.1874025786672953
IVB - MIMAROPA,PF,1,0.00038961909033008175,0.18690390922546807
IVB - MIMAROPA,PF,10,0.0011768809340098006,0.1870590384796542
IVB - MIMAROPA,PF,25,0.005177828275000416,0.18600136701029116
IVB - MIMAROPA,PF,30,0.006765367703157173,0.18706156569745647
IVB - MIMAROPA,PF,50,0.01341456441048162,0.1877609426398053
IVB - MIMAROPA,PF,100,0.02770438804475037,0.18755321705119607
IVB - MIMAROPA,PF,200,0.04463716905205221,0.18738374714289974
IVB - MIMAROPA,PF,250,0.050727886616618874,0.18705357351170754
IVB - MIMAROPA,PF,500,0.06871613907386656,0.18771872632959882
IVB - MIMAROPA,PF,1000,0.08875738482623692,0.18906428294946287
IVB - MIMAROPA,PF,2000,0.03546754303813767,0.18644719040116392
IVB - MIMAROPA,SS,1,8.1913186824643e-05,0.18827969520841464
IVB - MIMAROPA,SS,10,0.00037439431830360657,0.18769893213132663
IVB - MIMAROPA,SS,25,0.002958550258047144,0.1874369089450846
IVB - MIMAROPA,SS,30,0.003721335505584221,0.18761306677757836
IVB - MIMAROPA,SS,50,0.011923280468952503,0.18848596153781433
IVB - MIMAROPA,SS,100,0.015345558467480109,0.18635648050761305
IVB - MIMAROPA,SS,200,0.017578075244663902,0.18785130969311206
IVB - MIMAROPA,SS,250,0.018011385138478643,0.1872656401575508
IVB - MIMAROPA,SS,500,0.020275390131132536,0.18662044629933316
IVB - MIMAROPA,SS,1000,0.022140189372823537,0.18716385642218766
IVB - MIMAROPA,SS,2000,0.1350794951015948,0.18635477882824925
IX - Zamboanga Peninsula,EQ,1,0.00027592493188988485,0.22520891236959292
IX - Zamboanga Peninsula,EQ,10,0.0003448943308664188,0.2264761551563781
IX - Zamboanga Peninsula,EQ,25,0.004322379017707332,0.2253621509465861
IX - Zamboanga Peninsula,EQ,30,0.006267101535915627,0.22645610938993016
IX - Zamboanga Peninsula,EQ,50,0.017426381274258818,0.22718827552630172
IX - Zamboanga Peninsula,EQ,100,0.05337573574631546,0.22623869923013287
IX - Zamboanga Peninsula,EQ,200,0.10208367221274701,0.22494740645054812
IX - Zamboanga Peninsula,EQ,250,0.11731157665355708,0.2252734595772871
IX - Zamboanga Peninsula,EQ,500,0.16362611078964534,0.2272513552559557
IX - Zamboanga Peninsula,EQ,1000,0.19873227643936622,0.22662979297836294
IX - Zamboanga Peninsula,EQ,2000,0.47795703710244186,0.2256472012725751
IX - Zamboanga Peninsula,HU,1,1.5614727340626673e-08,0.18926823842734047
IX - Zamboanga Peninsula,HU,10,1.9620973620863817e-08,0.18984219661281476
IX - Zamboanga Peninsula,HU,25,6.023323611649119e-05,0.19027882167681645
IX - Zamboanga Peninsula,HU,30,9.999050904668063e-05,0.19069401618036458
IX - Zamboanga Peninsula,HU,50,0.0003781133797791513,0.18929000012471042
IX - Zamboanga Peninsula,HU,100,0.001382616608165991,0.18811862753919378
IX - Zamboanga Peninsula,HU,200,0.004402154595178937,0.1900250169519511
IX - Zamboanga Peninsula,HU,250,0.005554582986806628,0.18965667688765123
IX - Zamboanga Peninsula,HU,500,0.012471445224924986,0.18936282201355206
IX - Zamboanga Peninsula,HU,1000,0.023720076908472585,0.18891726046434978
IX - Zamboanga Peninsula,HU,2000,0.11250507336220053,0.18901731728306856
IX - Zamboanga Peninsula,PF,1,1.2334982539471883e-06,0.18861610359514427
IX - Zamboanga Peninsula,PF,10,1.5526229899791686e-06,0.19015906255085124
IX - Zamboanga Peninsula,PF,25,0.0001903770397589542,0.18969113461435477
IX - Zamboanga Peninsula,PF,30,0.00028003945169735253,0.18869740177969507
IX - Zamboanga Peninsula,PF,50,0.00084471947232712,0.1893059889370427
IX - Zamboanga Peninsula,PF,100,0.002306547085931487,0.18939565947806808
IX - Zamboanga Peninsula,PF,200,0.006052734471140329,0.18835526159374996
IX - Zamboanga Peninsula,PF,250,0.007693260923751641,0.18848545424952318
IX - Zamboanga Peninsula,PF,500,0.013261842372216465,0.19011765198868422
IX - Zamboanga Peninsula,PF,1000,0.019815164914635093,0.18995273588636
IX - Zamboanga Peninsula,PF,2000,0.07312576508311941,0.19097980841611764
IX - Zamboanga Peninsula,SS,1,1.0000000000000157e-08,0.19031507440218615
IX - Zamboanga Peninsula,SS,10,1.0000000000000157e-08,0.18933750221313456
IX - Zamboanga Peninsula,SS,25,1.0000000000000157e-08,0.1899730012303891
IX - Zamboanga Peninsula,SS,30,1.0000000000000157e-08,0.18947136065116743
IX - Zamboanga Peninsula,SS,50,1.0000000000000157e-08,0.19099991251694406
IX - Zamboanga Peninsula,SS,100,1.1020925611891066e-05,0.1875703189506311
IX - Zamboanga Peninsula,SS,200,0.0002218495067745075,0.18900433816540543
IX - Zamboanga Peninsula,SS,250,0.00023901217321514818,0.18977247672976563
IX - Zamboanga Peninsula,SS,500,0.0015246899508252218,0.1898958041691349
IX - Zamboanga Peninsula,SS,1000,0.003919136169436589,0.18974127416388176
IX - Zamboanga Peninsula,SS,2000,0.010157137443164531,0.18906523798537053
NCR,EQ,1,0.00029630963127824785,0.1538583099562078
NCR,EQ,10,0.0003662058532839929,0.15505133236107196
NCR,EQ,25,0.013023596198194841,0.15415097278725073
NCR,EQ,30,0.022477208057505624,0.15337488050660603
NCR,EQ,50,0.07509515356611131,0.15379741453463286
NCR,EQ,100,0.22681077879168066,0.15351663154752937
NCR,EQ,200,0.44800263752836156,0.15405294788360907
NCR,EQ,250,0.5137498700435229,0.15449021819254363
NCR,EQ,500,0.8956665681024502,0.1539497525959319
NCR,EQ,1000,0.9499999999999298,0.18941339233583993
NCR,EQ,2000,0.9499999999999298,0.5938671082560277
NCR,HU,1,0.0035255900713998863,0.12417680497279078
NCR,HU,10,0.010329683781023356,0.12353096423759886
NCR,HU,25,0.048678221323998364,0.12398400379195253
NCR,HU,30,0.06193963526751425,0.12451282820902033
NCR,HU,50,0.11120483062614896,0.1231649055720426
NCR,HU,100,0.1979410372249169,0.12430440023793272
NCR,HU,200,0.30862237267333514,0.12453266509650478
NCR,HU,250,0.3456707425796136,0.12382007804331419
NCR,HU,500,0.5623960216818977,0.12369285429897069
NCR,HU,1000,0.8772506916030876,0.12371068718941998
NCR,HU,2000,1.0000000000000975e-08,0.12475891075026119
NCR,PF,1,0.01397125636352521,0.12322551116187025
NCR,PF,10,0.07751362289445866,0.12432761545178957
NCR,PF,25,0.11700721731989462,0.12409805656444255
NCR,PF,30,0.12349635547342407,0.12368461338588438
NCR,PF,50,0.14119232782275287,0.12396483895095066
NCR,PF,100,0.16747631011325567,0.12379196350756833
NCR,PF,200,0.19260619497413198,0.1234178718440049
NCR,PF,250,0.2006732005087248,0.12445014128348823
NCR,PF,500,0.23713339477453738,0.1235880026078319
NCR,PF,1000,0.2666349180710969,0.12369903054791843
NCR,PF,2000,1.0000000000000975e-08,0.1246908033878449
NCR,SS,1,1.0674043902311146e-07,0.12397920240187106
NCR,SS,10,1.3387111808276835e-07,0.12348667852750003
NCR,SS,25,2.9825607434619655e-06,0.12352794912741323
NCR,SS,30,3.628457141416935e-06,0.12396677997261005
NCR,SS,50,0.0005248276644273777,0.12367530859850775
NCR,SS,100,0.0075588878310455685,0.12414461582923177
NCR,SS,200,0.014926391057848314,0.1245319941610729
NCR,SS,250,0.0159142205196191,0.1244514751993357
NCR,SS,500,0.020579235478736115,0.1235693162455135
NCR,SS,1000,0.029515787178181117,0.12446433752332471
NCR,SS,2000,0.13094195767769434,0.12418303192281835
V - Bicol,EQ,1,0.000651636462575266,0.22725876014372384
V - Bicol,EQ,10,0.000828404709940934,0.22711492358335922
V - Bicol,EQ,25,0.010508144095472183,0.22946817744461354
V - Bicol,EQ,30,0.015415425664860151,0.2274413778442163
V - Bicol,EQ,50,0.03992222129680095,0.22732478285876723
V - Bicol,EQ,100,0.10517930758937266,0.22894864945496637
V - Bicol,EQ,200,0.22653795566270737,0.22862916393493957
V - Bicol,EQ,250,0.2895167358169504,0.22721480840306382
V - Bicol,EQ,500,0.46043815614143696,0.2281077510398231
V - Bicol,EQ,1000,0.646569042512211,0.2296911565497462
V - Bicol,EQ,2000,0.9500000000000046,0.3087279278969434
V - Bicol,HU,1,0.011819590967583525,0.18683068801062913
V - Bicol,HU,10,0.048416322963116966,0.1876438870176352
V - Bicol,HU,25,0.1713786432228956,0.1875468088001613
V - Bicol,HU,30,0.20951776461926366,0.18736410028829473
V - Bicol,HU,50,0.33658648309264716,0.18810156067603595
V - Bicol,HU,100,0.6082293449884955,0.18763163028687016
V - Bicol,HU,200,0.9500000000000046,0.21866848265331917
V - Bicol,HU,250,0.9500000000000046,0.25709587625998753
V - Bicol,HU,500,0.9500000000000046,0.3900640231913064
V - Bicol,HU,1000,0.9500000000000046,0.5153359764294737
V - Bicol,HU,2000,1.0000000000000556e-08,0.18864016528930255
V - Bicol,PF,1,0.0016945900392961947,0.1876180357816987
V - Bicol,PF,10,0.007392132732030468,0.18861506527153804
V - Bicol,PF,25,0.01781926102474073,0.18796886326503834
V - Bicol,PF,30,0.02062319453269081,0.1879378476236467
V - Bicol,PF,50,0.03260709396140384,0.18654468908011898
V - Bicol,PF,100,0.05923086052660129,0.18740884002322625
V - Bicol,PF,200,0.09212969569970475,0.18673689298695573
V - Bicol,PF,250,0.09975849310214957,0.18797249318667555
V - Bicol,PF,500,0.1338892850683142,0.18722774049801208
V - Bicol,PF,1000,0.1665162385672118,0.18640569264691711
V - Bicol,PF,2000,0.011465574194275466,0.18828101128681726
V - Bicol,SS,1,0.008430220961145358,0.18740454823484343
V - Bicol,SS,10,0.033240764181760835,0.18830538243897177
V - Bicol,SS,25,0.05106241034358661,0.18828461037709968
V - Bicol,SS,30,0.05503704520603157,0.18748035906431945
V - Bicol,SS,50,0.06451005849135004,0.18881305344065125
V - Bicol,SS,100,0.08127101852028093,0.18677957400736867
V - Bicol,SS,200,0.09375112427591344,0.18658099039676296
V - Bicol,SS,250,0.09662803397906557,0.1884618352147808
V - Bicol,SS,500,0.11053557310816751,0.18711086302531338
V - Bicol,SS,1000,0.12124954904034699,0.18738332817496467
V - Bicol,SS,2000,1.0000000000000556e-08,0.1878714325724701
VI - Western Visayas,EQ,1,0.00026374866719969296,0.22355875697091424
VI - Western Visayas,EQ,10,0.00033066524466617703,0.22326824732571382
VI - Western Visayas,EQ,25,0.0070463148579630475,0.22316556197062462
VI - Western Visayas,EQ,30,0.011004749783239716,0.22372297773915878
VI - Western Visayas,EQ,50,0.03043348665263129,0.22423318597311948
VI - Western Visayas,EQ,100,0.11794250145590547,0.22417282478610392
VI - Western Visayas,EQ,200,0.26813467652176315,0.22396119951051607
VI - Western Visayas,EQ,250,0.33425950483182687,0.22370033138638984
VI - Western Visayas,EQ,500,0.5209679761340665,0.22253062836497006
VI - Western Visayas,EQ,1000,0.6798461457779048,0.22322930079104997
VI - Western Visayas,EQ,2000,0.9499999999999799,0.4935738047153636
VI - Western Visayas,HU,1,0.0012056996175440467,0.18163384660718132
VI - Western Visayas,HU,10,0.0035043230897222636,0.18248860419527826
VI - Western Visayas,HU,25,0.014849718406405258,0.1829783590227964
VI - Western Visayas,HU,30,0.018596719301042407,0.18358740358453488
VI - Western Visayas,HU,50,0.0332565752131198,0.18355366980980467
VI - Western Visayas,HU,100,0.06395017618535569,0.18237842562787504
VI - Western Visayas,HU,200,0.10325134382420355,0.1821531580027659
VI - Western Visayas,HU,250,0.12225696572316566,0.1828581195542884
VI - Western Visayas,HU,500,0.22506955168668139,0.18175510449041002
VI - Western Visayas,HU,1000,0.3653490604187029,0.18242647978002866
VI - Western Visayas,HU,2000,0.0007508843191221652,0.18424177499674155
VI - Western Visayas,PF,1,0.00099585093077569,0.1832206050624168
VI - Western Visayas,PF,10,0.006129377543554754,0.18310390754618944
VI - Western Visayas,PF,25,0.013025301479271828,0.1836880786202855
VI - Western Visayas,PF,30,0.01497522138910967,0.1832453845351678
VI - Western Visayas,PF,50,0.021011818633675742,0.18262264619234259
VI - Western Visayas,PF,100,0.03418709713223339,0.1839880142396344
VI - Western Visayas,PF,200,0.05146796979543493,0.18286263370490993
VI - Western Visayas,PF,250,0.05863377946236277,0.18420507613237053
VI - Western Visayas,PF,500,0.07882556305364737,0.18257859815741756
VI - Western Visayas,PF,1000,0.09779853283987604,0.18303278447160334
VI - Western Visayas,PF,2000,0.014008061273445983,0.18245876721245638
VI - Western Visayas,SS,1,0.0006588936123468899,0.18319174181490927
VI - Western Visayas,SS,10,0.0064543513531884235,0.18217155669334248
VI - Western Visayas,SS,25,0.012908474323203563,0.18397329749416752
VI - Western Visayas,SS,30,0.015212126742399882,0.1828226725216899
VI - Western Visayas,SS,50,0.020756219747015806,0.18334136716208208
VI - Western Visayas,SS,100,0.030984351709303033,0.18285381269166742
VI - Western Visayas,SS,200,0.06371532724430339,0.18370689465765658
VI - Western Visayas,SS,250,0.0722671387919918,0.18271688543016681
VI - Western Visayas,SS,500,0.09501188582208761,0.1831458773012578
VI - Western Visayas,SS,1000,0.11302939325302233,0.18342951866664556
VI - Western Visayas,SS,2000,0.012067749192648889,0.18244270180626465
VII - Central Visayas,EQ,1,0.0001396748756115765,0.19019253827848231
VII - Central Visayas,EQ,10,0.00017526880299539543,0.19050478479959576
VII - Central Visayas,EQ,25,0.003376466933701908,0.19057118149860636
VII - Central Visayas,EQ,30,0.005830274354508087,0.19077899860113284
VII - Central Visayas,EQ,50,0.015975221703946694,0.18940166433663172
VII - Central Visayas,EQ,100,0.043579556383103936,0.19053675657795283
VII - Central Visayas,EQ,200,0.11792486453530694,0.19031770305686999
VII - Central Visayas,EQ,250,0.15903816974959326,0.19038813881598166
VII - Central Visayas,EQ,500,0.2594322771698301,0.1897291650235736
VII - Central Visayas,EQ,1000,0.5203217983366138,0.19169417028293237
VII - Central Visayas,EQ,2000,0.9499999999999996,0.3063364945477651
VII - Central Visayas,HU,1,0.001937274578749544,0.15579388010682274
VII - Central Visayas,HU,10,0.005408698296774133,0.1556323151676302
VII - Central Visayas,HU,25,0.023394832505765233,0.155824536920394
VII - Central Visayas,HU,30,0.030113117517497016,0.15572828721613047
VII - Central Visayas,HU,50,0.05396590137032275,0.15570569013728913
VII - Central Visayas,HU,100,0.10017843336305711,0.15623536980112385
VII - Central Visayas,HU,200,0.17673709314937092,0.1566856904136001
VII - Central Visayas,HU,250,0.20187900024309352,0.15605746153559688
VII - Central Visayas,HU,500,0.30661457727714303,0.15566941510620091
VII - Central Visayas,HU,1000,0.6159887647716609,0.15552822398306393
VII - Central Visayas,HU,2000,0.011994589305220382,0.15578331782211388
VII - Central Visayas,PF,1,0.004023570901236853,0.1557497252695789
VII - Central Visayas,PF,10,0.02961150477511864,0.155118879020293
VII - Central Visayas,PF,25,0.05442458869139172,0.15624309593353572
VII - Central Visayas,PF,30,0.059608551150092254,0.15697949458130872
VII - Central Visayas,PF,50,0.07500442103186811,0.15581529346974166
VII - Central Visayas,PF,100,0.09683817127669259,0.15571225837585154
VII - Central Visayas,PF,200,0.11822516000921847,0.15634395852604335
VII - Central Visayas,PF,250,0.12661771161199215,0.15611532853098503
VII - Central Visayas,PF,500,0.1447079370482283,0.1563646154934341
VII - Central Visayas,PF,1000,0.15989702553726134,0.1551889853936463
VII - Central Visayas,PF,2000,0.012097693935545266,0.1555093317986821
VII - Central Visayas,SS,1,0.0010170801314129687,0.1559876525978582
VII - Central Visayas,SS,10,0.0022402648417942294,0.1555153105032709
VII - Central Visayas,SS,25,0.0393419029763499,0.1568959896447925
VII - Central Visayas,SS,30,0.04537755324087215,0.15647350759114723
VII - Central Visayas,SS,50,0.05450349147666492,0.15587100613201146
VII - Central Visayas,SS,100,0.06653075723113439,0.15608854207038994
VII - Central Visayas,SS,200,0.07511959102189007,0.15639654491247315
VII - Central Visayas,SS,250,0.08009541876126089,0.15648909936475905
VII - Central Visayas,SS,500,0.09346396801012088,0.1552029986371317
VII - Central Visayas,SS,1000,0.10847153584459455,0.15616968565649594
VII - Central Visayas,SS,2000,0.07289752003207624,0.15459842683476566
VIII - Eastern Visayas,EQ,1,0.0016968276864665062,0.19955374684056307
VIII - Eastern Visayas,EQ,10,0.002856818750007499,0.20047428874946963
VIII - Eastern Visayas,EQ,25,0.02192199333814005,0.20063094435859039
VIII - Eastern Visayas,EQ,30,0.030565760704972637,0.20117055810265422
VIII - Eastern Visayas,EQ,50,0.07011034301084988,0.19942196303159118
VIII - Eastern Visayas,EQ,100,0.16468252997590674,0.1996034002818643
VIII - Eastern Visayas,EQ,200,0.2966245767100051,0.20071587770458157
VIII - Eastern Visayas,EQ,250,0.3585458010093139,0.20014008595418847
VIII - Eastern Visayas,EQ,500,0.484741167073611,0.20133953059418294
VIII - Eastern Visayas,EQ,1000,0.5933587263995654,0.2002217037673252
VIII - Eastern Visayas,EQ,2000,0.2897521096524891,0.20166617251320199
VIII - Eastern Visayas,HU,1,0.008484074477835883,0.16625012312574466
VIII - Eastern Visayas,HU,10,0.04085836618253421,0.1671206163032916
VIII - Eastern Visayas,HU,25,0.12711825077692138,0.16672003491667234
VIII - Eastern Visayas,HU,30,0.15218921085827689,0.16596412153766993
VIII - Eastern Visayas,HU,50,0.23012310825207635,0.16655112144197698
VIII - Eastern Visayas,HU,100,0.39106959711727796,0.16533456770477828
VIII - Eastern Visayas,HU,200,0.6443575979140569,0.167564851404768
VIII - Eastern Visayas,HU,250,0.7507051353856486,0.16665512609749072
VIII - Eastern Visayas,HU,500,0.9500000000000154,0.18852914931896678
VIII - Eastern Visayas,HU,1000,0.9500000000000154,0.25702944616326007
VIII - Eastern Visayas,HU,2000,1.0000000000000497e-08,0.1661599717080648
VIII - Eastern Visayas,PF,1,0.0004960570889000263,0.1657567815988428
VIII - Eastern Visayas,PF,10,0.0015727905178458488,0.1652910614165285
VIII - Eastern Visayas,PF,25,0.006850839643522731,0.16572267106819563
VIII - Eastern Visayas,PF,30,0.008651138386808851,0.16715190242776126
VIII - Eastern Visayas,PF,50,0.015865686336268624,0.16626601829101
VIII - Eastern Visayas,PF,100,0.031186976177541938,0.16656796779241143
VIII - Eastern Visayas,PF,200,0.04964210876444491,0.1656404171127168
VIII - Eastern Visayas,PF,250,0.055445259067384296,0.16545730788016838
VIII - Eastern Visayas,PF,500,0.06870278570179028,0.16547815614103192
VIII - Eastern Visayas,PF,1000,0.08706127398031754,0.166061171876882
VIII - Eastern Visayas,PF,2000,0.01137388761006014,0.16685237706961997
VIII - Eastern Visayas,SS,1,0.004466059777895373,0.1653483942112274
VIII - Eastern Visayas,SS,10,0.02370118145678635,0.1668084746018906
VIII - Eastern Visayas,SS,25,0.04996159226671202,0.1667618968023681
VIII - Eastern Visayas,SS,30,0.05544530899897985,0.166367772791701
VIII - Eastern Visayas,SS,50,0.06915471717491353,0.1657321056007622
VIII - Eastern Visayas,SS,100,0.08700098668701098,0.16486120568384113
VIII - Eastern Visayas,SS,200,0.10798817854683271,0.16456474671974283
VIII - Eastern Visayas,SS,250,0.11536624718538395,0.16632103859515193
VIII - Eastern Visayas,SS,500,0.13696145138745777,0.16674199488000394
VIII - Eastern Visayas,SS,1000,0.16000411386569785,0.16604089353096077
VIII - Eastern Visayas,SS,2000,1.0000000000000497e-08,0.16628485889285002
X - Northern Mindanao,EQ,1,0.00017476752756695577,0.19584308080055512
X - Northern Mindanao,EQ,10,0.00021947452817716592,0.19690994566258482
X - Northern Mindanao,EQ,25,0.0031957363424703206,0.19546887502616322
X - Northern Mindanao,EQ,30,0.004804493850624378,0.19645917912446942
X - Northern Mindanao,EQ,50,0.011735041784440887,0.19638589346199664
X - Northern Mindanao,EQ,100,0.033662483428841594,0.19444141891555408
X - Northern Mindanao,EQ,200,0.082435915890454,0.1964068437218589
X - Northern Mindanao,EQ,250,0.10080154419216616,0.19480927022209016
X - Northern Mindanao,EQ,500,0.15437284815091828,0.19694835696447177
X - Northern Mindanao,EQ,1000,0.26027008639419763,0.19818507444216188
X - Northern Mindanao,EQ,2000,0.7512053211916574,0.19693502790267353
X - Northern Mindanao,HU,1,5.939576138122664e-05,0.16151003141169656
X - Northern Mindanao,HU,10,7.341642910717104e-05,0.16055215123050126
X - Northern Mindanao,HU,25,0.0014560476176264108,0.16201286250798072
X - Northern Mindanao,HU,30,0.0021374031241867485,0.16069788453115288
X - Northern Mindanao,HU,50,0.005937185484980978,0.16017971391856373
X - Northern Mindanao,HU,100,0.017734083234785893,0.16321933451821477
X - Northern Mindanao,HU,200,0.0490794639150068,0.1615549305076884
X - Northern Mindanao,HU,250,0.06823376541514031,0.16224173085002008
X - Northern Mindanao,HU,500,0.13831709419997087,0.16206878115064946
X - Northern Mindanao,HU,1000,0.3048982205186797,0.16192697042578202
X - Northern Mindanao,HU,2000,0.9500000000000302,0.2054316065658077
X - Northern Mindanao,PF,1,0.00021800671213913415,0.1607981513838625
X - Northern Mindanao,PF,10,0.000558780340907504,0.1623519469246038
X - Northern Mindanao,PF,25,0.0029320815420356455,0.16175463484412994
X - Northern Mindanao,PF,30,0.0034172702932171433,0.16090391087553543
X - Northern Mindanao,PF,50,0.005091238486603678,0.1632458611617579
X - Northern Mindanao,PF,100,0.01006107030815784,0.1624167854738499
X - Northern Mindanao,PF,200,0.02457871135760101,0.16125940737749325
X - Northern Mindanao,PF,250,0.03331793790235295,0.16115194374268926
X - Northern Mindanao,PF,500,0.10033726090850109,0.16199195471945116
X - Northern Mindanao,PF,1000,0.18093882812536854,0.16309034302446973
X - Northern Mindanao,PF,2000,0.10953051826141702,0.1612014311711886
X - Northern Mindanao,SS,1,1.0000000000000233e-08,0.1608719308427968
X - Northern Mindanao,SS,10,1.0000000000000233e-08,0.1608566466253496
X - Northern Mindanao,SS,25,1.0000000000000233e-08,0.16192896410761506
X - Northern Mindanao,SS,30,1.0000000000000233e-08,0.16152513082124062
X - Northern Mindanao,SS,50,1.0000000000000233e-08,0.16292084018735076
X - Northern Mindanao,SS,100,7.586268248978108e-05,0.1616886567121764
X - Northern Mindanao,SS,200,0.004884077745920624,0.16184202605722783
X - Northern Mindanao,SS,250,0.0058888545403087775,0.16189692554678517
X - Northern Mindanao,SS,500,0.021872568191346198,0.16259203631960834
X - Northern Mindanao,SS,1000,0.026415135412499187,0.16162979005503655
X - Northern Mindanao,SS,2000,0.07056347986774053,0.1620133265956339
XI - Davao,EQ,1,0.0014479288253866106,0.2013838186983024
XI - Davao,EQ,10,0.0022815896683008323,0.20133466319688992
XI - Davao,EQ,25,0.016520375693384687,0.20232424168993754
XI - Davao,EQ,30,0.02465117719538581,0.2027374175043902
XI - Davao,EQ,50,0.06149754897458665,0.20215290932596947
XI - Davao,EQ,100,0.13974305124634148,0.20150752441107142
XI - Davao,EQ,200,0.23056256703545064,0.202657201063518
XI - Davao,EQ,250,0.26505176233810035,0.20123434155507894
XI - Davao,EQ,500,0.3613107348138535,0.20188750760731353
XI - Davao,EQ,1000,0.5107625806797617,0.20090102622042635
XI - Davao,EQ,2000,0.032131097250386584,0.20207459749865192
XI - Davao,HU,1,1.0000000000000546e-08,0.16736193443647643
XI - Davao,HU,10,1.0000000000000546e-08,0.16693210760254196
XI - Davao,HU,25,4.6195376781188464e-05,0.1670913222665958
XI - Davao,HU,30,0.00010296949452532477,0.16668145660475456
XI - Davao,HU,50,0.0006493994196312649,0.1659711572493066
XI - Davao,HU,100,0.0027756330174895315,0.1661977590880959
XI - Davao,HU,200,0.009915853692792355,0.16581223196246478
XI - Davao,HU,250,0.013392572154643454,0.16600850186780508
XI - Davao,HU,500,0.03195846599834367,0.16584196796004608
XI - Davao,HU,1000,0.0642683108032829,0.16628965823940767
XI - Davao,HU,2000,0.2566655397702809,0.16614541171884778
XI - Davao,PF,1,9.504501248466352e-07,0.16714000070265997
XI - Davao,PF,10,1.1898343099338994e-06,0.16694655367742972
XI - Davao,PF,25,0.00167228604494653,0.16658269366563325
XI - Davao,PF,30,0.0025214615161948286,0.16737247052115348
XI - Davao,PF,50,0.00528355455413943,0.16622733246568194
XI - Davao,PF,100,0.010015961656985048,0.16570588440800033
XI - Davao,PF,200,0.01589769857647674,0.16627976761030225
XI - Davao,PF,250,0.01833309695238685,0.1672456199282031
XI - Davao,PF,500,0.026295951185970202,0.1670199939242919
XI - Davao,PF,1000,0.05424170398397996,0.16580292372320563
XI - Davao,PF,2000,0.2591132106259714,0.1661597426989946
XI - Davao,SS,1,1.0000000000000546e-08,0.16598367450825371
XI - Davao,SS,10,1.0000000000000546e-08,0.16737956503841864
XI - Davao,SS,25,9.252698289113904e-05,0.1661624345312843
XI - Davao,SS,30,0.00010000399881332642,0.16562170868439285
XI - Davao,SS,50,0.00010434223032871358,0.16645729676502724
XI - Davao,SS,100,0.00011266469907759355,0.16797602882588727
XI - Davao,SS,200,0.00012601669060803875,0.167455495695357
XI - Davao,SS,250,0.0001351403605846898,0.1675444810521339
XI - Davao,SS,500,0.00020141561768511842,0.16644722934391915
XI - Davao,SS,1000,0.005111414878794314,0.1671828571441251
XI - Davao,SS,2000,0.014226149367267573,0.16742897865101286
XII - SOCCSKSARGEN,EQ,1,0.0011438206467993333,0.22370068304396432
XII - SOCCSKSARGEN,EQ,10,0.0018758356862376092,0.22315078353700535
XII - SOCCSKSARGEN,EQ,25,0.012239328588613537,0.22463314800847575
XII - SOCCSKSARGEN,EQ,30,0.016925030932696143,0.2247866160612087
XII - SOCCSKSARGEN,EQ,50,0.037058568784975515,0.2253440026530917
XII - SOCCSKSARGEN,EQ,100,0.09226534547812491,0.22295991453916444
XII - SOCCSKSARGEN,EQ,200,0.18145217532025867,0.22238156448073362
XII - SOCCSKSARGEN,EQ,250,0.21763685169986577,0.22489443880371826
XII - SOCCSKSARGEN,EQ,500,0.3258150059618139,0.2248012745106956
XII - SOCCSKSARGEN,EQ,1000,0.4321831233275163,0.2246547062809819
XII - SOCCSKSARGEN,EQ,2000,0.025032662111881335,0.22438574432472747
XII - SOCCSKSARGEN,HU,1,1.0000000000000386e-08,0.18870994535819652
XII - SOCCSKSARGEN,HU,10,1.0000000000000386e-08,0.18861536556948982
XII - SOCCSKSARGEN,HU,25,1.2929908791086339e-06,0.18837850468774822
XII - SOCCSKSARGEN,HU,30,4.392927046309424e-06,0.18806354882800394
XII - SOCCSKSARGEN,HU,50,3.558314906507182e-05,0.19023295704370075
XII - SOCCSKSARGEN,HU,100,0.00024702073888106406,0.18842317314935958
XII - SOCCSKSARGEN,HU,200,0.0008314640473618362,0.18868471453475666
XII - SOCCSKSARGEN,HU,250,0.001497406353926582,0.18817970984522703
XII - SOCCSKSARGEN,HU,500,0.005151678615480457,0.18813423453239014
XII - SOCCSKSARGEN,HU,1000,0.010739682916620962,0.18893563780157152
XII - SOCCSKSARGEN,HU,2000,0.030154056405372418,0.18771307774605375
XII - SOCCSKSARGEN,PF,1,1.0000000000000386e-08,0.1884467435868825
XII - SOCCSKSARGEN,PF,10,1.0000000000000386e-08,0.18831979461682022
XII - SOCCSKSARGEN,PF,25,7.175950961039056e-06,0.18817927917258329
XII - SOCCSKSARGEN,PF,30,1.6628155778104013e-05,0.1868843396939777
XII - SOCCSKSARGEN,PF,50,0.00015148405467213015,0.1889412795249029
XII - SOCCSKSARGEN,PF,100,0.000799699783299539,0.18834276985269408
XII - SOCCSKSARGEN,PF,200,0.002153231442160766,0.1885751389168815
XII - SOCCSKSARGEN,PF,250,0.0027349051216668187,0.1870954876250472
XII - SOCCSKSARGEN,PF,500,0.005576061286940734,0.1885868562614397
XII - SOCCSKSARGEN,PF,1000,0.013887398477802298,0.18751990278971323
XII - SOCCSKSARGEN,PF,2000,0.06051861840668616,0.18719622436253935
XIII - Caraga,EQ,1,0.0023261326470400486,0.1965684051744454
XIII - Caraga,EQ,10,0.003773387867706431,0.19577353881948828
XIII - Caraga,EQ,25,0.025581789190084685,0.19751831656591723
XIII - Caraga,EQ,30,0.03697931070784283,0.1959783483520637
XIII - Caraga,EQ,50,0.09488657785868576,0.1979674224973956
XIII - Caraga,EQ,100,0.2746139137851772,0.1952764183275116
XIII - Caraga,EQ,200,0.523510032489418,0.1966190695169117
XIII - Caraga,EQ,250,0.6113362178558768,0.19420667614676518
XIII - Caraga,EQ,500,0.7783762983878446,0.1957932879810956
XIII - Caraga,EQ,1000,0.9259361141066057,0.1960468026181371
XIII - Caraga,EQ,2000,0.8799843727004649,0.19542114941593153
XIII - Caraga,HU,1,0.001133508927685432,0.16229875561855117
XIII - Caraga,HU,10,0.002522202435444316,0.16238036314027318
XIII - Caraga,HU,25,0.013995121500485434,0.16186685013767554
XIII - Caraga,HU,30,0.018405343136969732,0.16330263654242955
XIII - Caraga,HU,50,0.0386363044012926,0.16152340106082594
XIII - Caraga,HU,100,0.07985003797035589,0.16232255860953404
XIII - Caraga,HU,200,0.14117774652345325,0.16308951920658352
XIII - Caraga,HU,250,0.17081041571191227,0.1626736261567164
XIII - Caraga,HU,500,0.25328603555310186,0.16225928988240657
XIII - Caraga,HU,1000,0.3381650343169349,0.16390702104881782
XIII - Caraga,HU,2000,0.14093368823043315,0.16366419710922456
XIII - Caraga,PF,1,0.00012679453481934157,0.16290895779854453
XIII - Caraga,PF,10,0.00027556161365489503,0.16140754447956543
XIII - Caraga,PF,25,0.0016247734649206564,0.16177186566355364
XIII - Caraga,PF,30,0.002289839324024734,0.16332410668392344
XIII - Caraga,PF,50,0.005506409907764394,0.16279008310775006
XIII - Caraga,PF,100,0.014679090815376718,0.16240041244635076
XIII - Caraga,PF,200,0.02655898097866133,0.16394600326592212
XIII - Caraga,PF,250,0.03202705425470688,0.1619825193999158
XIII - Caraga,PF,500,0.05009283503122339,0.16407161249005475
XIII - Caraga,PF,1000,0.07285324367671753,0.1629777278672243
XIII - Caraga,PF,2000,0.09030085998209861,0.16203366508073289
XIII - Caraga,SS,1,0.0001661596596557125,0.16188464815196107
XIII - Caraga,SS,10,0.002769904472470852,0.16355430399534723
XIII - Caraga,SS,25,0.004668585380391622,0.16310092843719862
XIII - Caraga,SS,30,0.005081011470204895,0.16293361271714127
XIII - Caraga,SS,50,0.005862016545114371,0.16144198616489996
XIII - Caraga,SS,100,0.007334652945869551,0.1624420148269115
XIII - Caraga,SS,200,0.008489884078169868,0.16308423300396216
XIII - Caraga,SS,250,0.008783880645486066,0.16145301766600953
XIII - Caraga,SS,500,0.009892166307654871,0.1621591896444338
XIII - Caraga,SS,1000,0.011354089999063245,0.16148137239682897
XIII - Caraga,SS,2000,0.0010573081356035074,0.16121342937857563
