district,hazard,rp,hhid,affected_cat,helped_cat,index,c,c_min,const,dc0,dc0_prv,dc0_pub,dc_net,dc_npv_pre,dc_post_reco,dc_t,di0,di0_prv,di0_pub,di_prv_t,di_pub_t,di_t,dk0,dk_private,dk_prv_t,dk_public,dw,dw_curr_no_clip,has_ew,help_received,hh_reco_rate,integ,ispoor,macro_multiplier,pc_fee,pc_fee_BE,pcsoc,pcwgt,pcwgt_ae,pov_line,sav_delta,sav_f,sav_i,sav_offset_to,scale_fac_soc,t_start_prv_reco,welf_class,wprime_hh,dw_curr,dw_tot
Ampara,PF,250.0,52209019031,a,helped,4759,93757.01793542995,36346.798828125,0.006531728176015094,76895.29406482875,76895.29406482875,0.0,76895.21658907678,433126.5882911142,0.0,76895.21658907678,76895.29406482875,76895.29406482875,0.0,76895.21658907678,0.0,76895.21658907678,228098.47490777148,228098.47490777148,228098.47490777148,0.0,0.05545402319549671,3083822.8266127063,0.0,0.0,0.0,10.063997220232746,0.0,5.632680043150034,0.0,0.0,2083.333251953125,2.558521063690827,2.558521063690827,43493.30859375,0.0,-2.1316282072803006e-14,7813.084827952495,0.0,3.7190075019316966e-05,0.0,3.0,3.483327605680391e-08,2601500.223304248,6655993.118520308
Ampara,PF,1000.0,52209019031,a,helped,6415,93757.01793542995,36346.798828125,0.006531728176015094,73461.25612652316,73461.25612652316,0.0,73461.16406599876,413783.7513286002,0.0,73461.16406599876,73461.25612652316,73461.25612652316,0.0,73461.16406599876,0.0,73461.16406599876,217911.85760954933,217911.85760954933,217911.85760954933,0.0,0.05545402319549671,2607293.253499599,0.0,0.0,0.0,8.50885200962519,0.0,5.632680043150034,0.0,0.0,2083.333251953125,3.043678904032915,3.043678904032915,43493.30859375,0.0,0.0,7813.084827952495,0.0,4.419108845146204e-05,0.0,3.0,3.483327605680391e-08,2601500.223304248,7918131.348508057
Batticaloa,PF,5.0,51207002061,a,helped,22145,76108.30500417402,36346.798828125,0.007249598762321236,58915.73961886522,58915.73961886522,0.0,58915.73961886522,331853.51077860594,0.0,58915.73961886522,58915.73961886522,58915.73961886522,0.0,58915.73961886522,0.0,58915.73961886522,174764.9717610533,174764.9717610533,174764.9717610533,0.0,0.05545402319549671,2779418.1886789114,0.0,0.0,0.0,8.172390622296042,0.0,5.632680043150034,0.0,0.0,0.0,9.1294472831148,9.1294472831148,43493.30859375,0.0,0.0,6342.358750347835,0.0,5.199703954240906e-05,0.0,3.0,4.7626857291879286e-08,2601500.223304248,23750259.145667512
Batticaloa,PF,10.0,51210023071,a,helped,23025,68320.37859204998,36346.798828125,0.007651645896697878,51020.32698695609,51020.32698695609,0.0,51020.31614522176,287381.1776144167,0.0,51020.31614522176,51020.32698695609,51020.32698695609,0.0,51020.31614522176,0.0,51020.31614522176,151344.3464845732,151344.3464845732,151344.3464845732,0.0,0.05545402319549671,2622610.7593902266,0.0,0.0,0.0,7.306142984650741,0.0,5.632680043150034,0.0,0.0,166.6666717529297,6.276449125561165,6.276449125561165,43493.30859375,0.0,0.0,5693.364882670831,0.0,6.505339972657966e-05,0.0,3.0,5.5998269142995155e-08,2601500.223304248,16328183.801705124
Batticaloa,PF,10.0,51212045051,a,helped,23113,54125.06728638635,36346.798828125,0.00859668019853286,40046.825880836295,40046.825880836295,0.0,40046.825880836295,225570.9569304909,0.0,40046.825880836295,40046.825880836295,40046.825880836295,0.0,40046.825880836295,0.0,40046.825880836295,118793.08380850941,118793.08380850941,118793.08380850941,0.0,0.05545402319549671,2867331.1005960763,0.0,0.0,0.0,7.109781703911888,0.0,5.632680043150034,0.0,0.0,0.0,30.126822817020372,30.126822817020372,43493.30859375,0.0,0.0,4510.422273865529,0.0,6.505339972657966e-05,0.0,3.0,7.94149608447241e-08,2601500.223304248,78374936.28592601
Batticaloa,PF,25.0,51207002021,a,helped,23671,57487.555845313334,36346.798828125,0.008341479242934012,44054.6935721816,44054.6935721816,0.0,44054.6935721816,248145.99329111737,0.0,44054.6935721816,44054.6935721816,44054.6935721816,0.0,44054.6935721816,0.0,44054.6935721816,130681.8403348845,130681.8403348845,130681.8403348845,0.0,0.05545402319549671,3095575.211309499,0.0,0.0,0.0,7.9105645563501845,0.0,5.632680043150034,0.0,0.0,0.0,24.239823044052194,24.239823044052194,43493.30859375,0.0,0.0,4790.629653776111,0.0,7.06283461220272e-05,0.0,3.0,7.255030345505679e-08,2601500.223304248,63059905.06195724
Batticaloa,PF,100.0,51207002061,a,helped,25205,76108.30500417402,36346.798828125,0.007249598762321236,59032.49549283142,59032.49549283142,0.0,59032.49549283142,332511.1592598159,0.0,59032.49549283142,59032.49549283142,59032.49549283142,0.0,59032.49549283142,0.0,59032.49549283142,175111.31107799377,175111.31107799377,175111.31107799377,0.0,0.05545402319549671,2797549.6338077765,0.0,0.0,0.0,8.22570294958215,0.0,5.632680043150034,0.0,0.0,0.0,13.956397818895049,13.956397818895049,43493.30859375,0.0,-5.684341886080802e-14,6342.358750347835,0.0,7.958155327401998e-05,0.0,3.0,4.7626857291879286e-08,2601500.223304248,36307572.04237839
Batticaloa,PF,250.0,51205072101,a,helped,25895,113483.0030347404,36346.798828125,0.0059369663278522255,94129.72472247864,94129.72472247864,0.0,94129.72472247864,530202.6219115119,0.0,94129.72472247864,94129.72472247864,94129.72472247864,0.0,94129.72472247864,0.0,94129.72472247864,279222.13638360426,279222.13638360426,279222.13638360426,0.0,0.05545402319549671,2934669.719393667,0.0,0.0,0.0,10.536681132708555,0.0,5.632680043150034,0.0,0.0,0.0,13.137800265343156,13.137800265343156,43493.30859375,0.0,2.2737367544323206e-13,9456.9169195617,0.0,8.49604554113316e-05,0.0,3.0,2.615795391859145e-08,2601500.223304248,34177990.324016824
Batticaloa,PF,500.0,51212045051,a,helped,26938,54125.06728638635,36346.798828125,0.00859668019853286,41539.69659553499,41539.69659553499,0.0,41539.69659553499,233979.82001217734,0.0,41539.69659553499,41539.69659553499,41539.69659553499,0.0,41539.69659553499,0.0,41539.69659553499,123221.4676323404,123221.4676323404,123221.4676323404,0.0,0.05545402319549671,3205463.1355991475,0.0,0.0,0.0,7.948207707616715,0.0,5.632680043150034,0.0,0.0,0.0,42.26726562143252,42.26726562143252,43493.30859375,0.0,0.0,4510.422273865529,0.0,9.060354048275397e-05,0.0,3.0,7.94149608447241e-08,2601500.223304248,109958300.95261666
Batticaloa,PF,1000.0,51207002021,a,helped,27496,57487.555845313334,36346.798828125,0.008341479242934012,45471.43819608649,45471.43819608649,0.0,45471.43819608649,256126.0624604266,0.0,45471.43819608649,45471.43819608649,45471.43819608649,0.0,45471.43819608649,0.0,45471.43819608649,134884.40718359264,134884.40718359264,134884.40718359264,0.0,0.05545402319549671,3440134.468432507,0.0,0.0,0.0,8.79106593683727,0.0,5.632680043150034,0.0,0.0,0.0,38.5958474654444,38.5958474654444,43493.30859375,0.0,0.0,4790.629653776111,0.0,0.00011214732347637204,0.0,3.0,7.255030345505679e-08,2601500.223304248,100407105.7999703
Batticaloa,PF,1000.0,51210023071,a,helped,27615,68320.37859204998,36346.798828125,0.007651645896697878,51782.381695673874,51782.381695673874,0.0,51782.36300531346,291673.5879639999,0.0,51782.36300531346,51782.381695673874,51782.381695673874,0.0,51782.36300531346,0.0,51782.36300531346,153604.84764746978,153604.84764746978,153604.84764746978,0.0,0.05545402319549671,2743133.1705803736,0.0,0.0,0.0,7.641897715259266,0.0,5.632680043150034,0.0,0.0,166.6666717529297,10.855099819652626,10.855099819652626,43493.30859375,0.0,0.0,5693.364882670831,0.0,0.00011214732347637204,0.0,3.0,5.5998269142995155e-08,2601500.223304248,28239544.60481621
Colombo,PF,5.0,11210093091,a,helped,29704,31215.252803982043,36346.798828125,0.01132000366356556,26077.314565233548,26077.314565233548,0.0,26077.314565233548,146885.1693305367,0.0,26077.314565233548,26077.314565233548,26077.314565233548,0.0,26077.314565233548,0.0,26077.314565233548,77354.56048043627,77354.56048043627,77354.56048043627,0.0,0.05545402319549671,5766101.508008814,0.0,0.0,0.0,10.857876770001356,1.0,5.632680043150034,0.0,0.0,0.0,31.576627497138567,31.576627497138567,43493.30859375,0.0,-5.684341886080802e-14,2601.2710669985036,0.0,0.002703404935729736,0.0,3.0,1.8132167204683824e-07,2601500.223304248,82146603.48500104
Colombo,PF,10.0,11106289031,a,helped,30617,22414.840412015325,36346.798828125,0.013358637656737797,13575.761469822999,13575.761469822999,0.0,13575.761469822999,76467.92070163718,0.0,13575.761469822999,13575.761469822999,13575.761469822999,0.0,13575.761469822999,0.0,13575.761469822999,40270.521684984495,40270.521684984495,40270.521684984495,0.0,0.05545402319549671,2738668.5180200837,0.0,0.0,0.0,4.3700508614211655,1.0,5.632680043150034,0.0,0.0,0.0,201.9726521122321,201.9726521122321,43493.30859375,0.0,-1.4210854715202004e-14,1867.9033676679437,0.0,0.002844179394126386,0.0,3.0,2.979864547591646e-07,2601500.223304248,525431899.57132304
Colombo,PF,10.0,11210093091,a,helped,32037,31215.252803982043,36346.798828125,0.01132000366356556,25858.890127322466,25858.890127322466,0.0,25858.890127322466,145654.8543581787,0.0,25858.890127322466,25858.890127322466,25858.890127322466,0.0,25858.890127322466,0.0,25858.890127322466,76706.63615715016,76706.63615715016,76706.63615715016,0.0,0.05545402319549671,5566163.461516604,0.0,0.0,0.0,10.481382761452954,1.0,5.632680043150034,0.0,0.0,0.0,33.4098211432213,33.4098211432213,43493.30859375,0.0,0.0,2601.2710669985036,0.0,0.002844179394126386,0.0,3.0,1.8132167204683824e-07,2601500.223304248,86915657.1646452
Colombo,PF,25.0,11210093091,a,helped,34370,31215.252803982043,36346.798828125,0.01132000366356556,24024.13023344004,24024.13023344004,0.0,24024.13023344004,135320.23891993507,0.0,24024.13023344004,24024.13023344004,24024.13023344004,0.0,24024.13023344004,0.0,24024.13023344004,71264.08781409243,71264.08781409243,71264.08781409243,0.0,0.05545402319549671,4258998.385912238,0.0,0.0,0.0,8.019921184814331,1.0,5.632680043150034,0.0,0.0,0.0,39.587197256782225,39.587197256782225,43493.30859375,0.0,0.0,2601.2710669985036,0.0,0.003376626259893107,0.0,3.0,1.8132167204683824e-07,2601500.223304248,102986102.50350827
Colombo,PF,50.0,11106289031,a,helped,35283,22414.840412015325,36346.798828125,0.013358637656737797,14596.1708118498,14596.1708118498,0.0,14596.1708118498,82215.56003831541,0.0,14596.1708118498,14596.1708118498,14596.1708118498,0.0,14596.1708118498,0.0,14596.1708118498,43297.41757049292,43297.41757049292,43297.41757049292,0.0,0.05545402319549671,3208778.2276257477,0.0,0.0,0.0,5.120197630884859,1.0,5.632680043150034,0.0,0.0,0.0,271.7065876346967,271.7065876346967,43493.30859375,0.0,0.0,1867.9033676679437,0.0,0.00386473154171245,0.0,3.0,2.979864547591646e-07,2601500.223304248,706844748.4048986
Colombo,PF,100.0,11210093091,a,helped,39036,31215.252803982043,36346.798828125,0.01132000366356556,24725.60944025484,24725.60944025484,0.0,24725.60944025484,139271.44684884555,0.0,24725.60944025484,24725.60944025484,24725.60944025484,0.0,24725.60944025484,0.0,24725.60944025484,73344.92384471912,73344.92384471912,73344.92384471912,0.0,0.05545402319549671,4691776.594692823,0.0,0.0,0.0,8.834865641334005,1.0,5.632680043150034,0.0,0.0,0.0,49.45280996282867,49.45280996282867,43493.30859375,0.0,1.4210854715202004e-14,2601.2710669985036,0.0,0.004254561167409495,0.0,3.0,1.8132167204683824e-07,2601500.223304248,128651496.16132131
Colombo,PF,500.0,11210093091,a,helped,43702,31215.252803982043,36346.798828125,0.01132000366356556,25022.94288808385,25022.94288808385,0.0,25022.94288808385,140946.23102659298,0.0,25022.94288808385,25022.94288808385,25022.94288808385,0.0,25022.94288808385,0.0,25022.94288808385,74226.92026790947,74226.92026790947,74226.92026790947,0.0,0.05545402319549671,4897370.690948002,0.0,0.0,0.0,9.222010293345068,1.0,5.632680043150034,0.0,0.0,0.0,54.938291566254975,54.938291566254975,43493.30859375,0.0,-2.842170943040401e-14,2601.2710669985036,0.0,0.004676298104930225,0.0,3.0,1.8132167204683824e-07,2601500.223304248,142921977.7775662
Colombo,PF,1000.0,11210093091,a,helped,46035,31215.252803982043,36346.798828125,0.01132000366356556,20718.702338950814,20718.702338950814,0.0,20718.702338950814,116701.82118457419,0.0,20718.702338950814,20718.702338950814,20718.702338950814,0.0,20718.702338950814,0.0,20718.702338950814,61459.0167689751,61459.0167689751,61459.0167689751,0.0,0.05545402319549671,2842416.9154483774,0.0,0.0,0.0,5.3524226991216315,1.0,5.632680043150034,0.0,0.0,0.0,56.083418998412995,56.083418998412995,43493.30859375,0.0,0.0,2601.2710669985036,0.0,0.00485641394529195,0.0,3.0,1.8132167204683824e-07,2601500.223304248,145901027.0480371
Gampaha,PF,5.0,12101137041,a,helped,58589,35444.39202612584,36346.798828125,0.010623221332221109,24994.674857651287,24994.674857651287,0.0,24994.674857651287,140787.00625571632,0.0,24994.674857651287,24994.674857651287,24994.674857651287,0.0,24994.674857651287,0.0,24994.674857651287,74143.0672674677,74143.0672674677,74143.0672674677,0.0,0.05545402319549671,3101788.4752185424,0.0,0.0,0.0,6.223936315916741,1.0,5.632680043150034,0.0,0.0,0.0,6.698884611569306,6.698884611569306,43493.30859375,0.0,-1.4210854715202004e-14,2953.6993355104864,0.0,0.0005182181939720735,0.0,3.0,1.498575758386658e-07,2601500.223304248,17427149.81288694
Gampaha,PF,100.0,12101137041,a,helped,67209,35444.39202612584,36346.798828125,0.010623221332221109,24389.62104652981,24389.62104652981,0.0,24389.62104652981,137378.9317287805,0.0,24389.62104652981,24389.62104652981,24389.62104652981,0.0,24389.62104652981,0.0,24389.62104652981,72348.26314723388,72348.26314723388,72348.26314723388,0.0,0.05545402319549671,2912134.3946754374,0.0,0.0,0.0,5.843383312775267,1.0,5.632680043150034,0.0,0.0,0.0,12.241442628581337,12.241442628581337,43493.30859375,0.0,-2.842170943040401e-14,2953.6993355104864,0.0,0.0009473383788272055,0.0,3.0,1.498575758386658e-07,2601500.223304248,31846115.73182049
Gampaha,PF,1000.0,12101137041,a,helped,73674,35444.39202612584,36346.798828125,0.010623221332221109,25802.927083656818,25802.927083656818,0.0,25802.927083656818,145339.63243896927,0.0,25802.927083656818,25802.927083656818,25802.927083656818,0.0,25802.927083656818,0.0,25802.927083656818,76540.62992843843,76540.62992843843,76540.62992843843,0.0,0.05545402319549671,3382886.076000687,0.0,0.0,0.0,6.787976571982814,1.0,5.632680043150034,0.0,0.0,0.0,14.270534211825238,14.270534211825238,43493.30859375,0.0,0.0,2953.6993355104864,0.0,0.0011055225330970952,0.0,3.0,1.498575758386658e-07,2601500.223304248,37124797.93873426
Hambantota,PF,5.0,33207001101,a,helped,76233,29040.45826665856,36346.798828125,0.011736220568786832,20275.825627560098,20275.825627560098,0.0,20275.825627560098,114207.23837074779,0.0,20275.825627560098,20275.825627560098,20275.825627560098,0.0,20275.825627560098,0.0,20275.825627560098,60145.28742499106,60145.28742499106,60145.28742499106,0.0,0.05545402319549671,3338769.958384689,0.0,0.0,0.0,6.064114968285928,1.0,5.632680043150034,0.0,0.0,0.0,27.359084091527755,27.359084091527755,43493.30859375,0.0,0.0,2420.0381888882134,0.0,0.0001010303408889325,0.0,3.0,2.020667246539498e-07,2601500.223304248,71174663.37350915
Hambantota,PF,5.0,33211033041,a,helped,76440,31027.20701221713,36346.798828125,0.0113542552718433,22391.7590828918,22391.7590828918,0.0,22391.7590828918,126125.61451722815,0.0,22391.7590828918,22391.7590828918,22391.7590828918,0.0,22391.7590828918,0.0,22391.7590828918,66421.89623889285,66421.89623889285,66421.89623889285,0.0,0.05545402319549671,3529485.2775599835,0.0,0.0,0.0,6.626159915027923,1.0,5.632680043150034,0.0,0.0,0.0,36.47870694968188,36.47870694968188,43493.30859375,0.0,0.0,2585.6005843514276,0.0,0.0001010303408889325,0.0,3.0,1.8297256448787834e-07,2601500.223304248,94899364.27544762
Hambantota,PF,10.0,33207001101,a,helped,77116,29040.45826665856,36346.798828125,0.011736220568786832,18988.06249360347,18988.06249360347,0.0,18988.06249360347,106953.68066580594,0.0,18988.06249360347,18988.06249360347,18988.06249360347,0.0,18988.06249360347,0.0,18988.06249360347,56325.32540470961,56325.32540470961,56325.32540470961,0.0,0.05545402319549671,2845626.2807462257,0.0,0.0,0.0,5.1684318291786795,1.0,5.632680043150034,0.0,0.0,0.0,31.781146215596213,31.781146215596213,43493.30859375,0.0,0.0,2420.0381888882134,0.0,0.00011916596022882496,0.0,3.0,2.020667246539498e-07,2601500.223304248,82678658.9767385
Hambantota,PF,10.0,33211033041,a,helped,77323,31027.20701221713,36346.798828125,0.0113542552718433,20051.440714413515,20051.440714413515,0.0,20051.440714413515,112943.34994848307,0.0,20051.440714413515,20051.440714413515,20051.440714413515,0.0,20051.440714413515,0.0,20051.440714413515,59479.68221892296,59479.68221892296,59479.68221892296,0.0,0.05545402319549671,2680573.24152765,0.0,0.0,0.0,5.03243548718985,1.0,5.632680043150034,0.0,0.0,0.0,42.37477817039697,42.37477817039697,43493.30859375,0.0,0.0,2585.6005843514276,0.0,0.00011916596022882496,0.0,3.0,1.8297256448787834e-07,2601500.223304248,110237994.87275569
Hambantota,PF,25.0,33211033041,a,helped,78206,31027.20701221713,36346.798828125,0.0113542552718433,21010.912198725622,21010.912198725622,0.0,21010.912198725622,118347.74583013942,0.0,21010.912198725622,21010.912198725622,21010.912198725622,0.0,21010.912198725622,0.0,21010.912198725622,62325.81481347412,62325.81481347412,62325.81481347412,0.0,0.05545402319549671,2991496.6066630557,0.0,0.0,0.0,5.6161545784138545,1.0,5.632680043150034,0.0,0.0,0.0,48.52279901977293,48.52279901977293,43493.30859375,0.0,0.0,2585.6005843514276,0.0,0.000137393096198223,0.0,3.0,1.8297256448787834e-07,2601500.223304248,126232072.48528643
Hambantota,PF,25.0,33211036071,a,helped,78217,38028.11958411883,36346.798828125,0.010255989562577504,31762.51128771222,31762.51128771222,0.0,31762.51128771222,178908.06345062432,0.0,31762.51128771222,31762.51128771222,31762.51128771222,0.0,31762.51128771222,0.0,31762.51128771222,94218.86959524316,94218.86959524316,94218.86959524316,0.0,0.05545402319549671,5219705.425809476,0.0,0.0,0.0,10.848697914775085,1.0,5.632680043150034,0.0,0.0,0.0,32.348532679848624,32.348532679848624,43493.30859375,0.0,0.0,3169.0099653432358,0.0,0.000137393096198223,0.0,3.0,1.3484744545271406e-07,2601500.223304248,84154714.99019095
Hambantota,PF,50.0,33207001101,a,helped,78882,29040.45826665856,36346.798828125,0.011736220568786832,22331.222579271373,22331.222579271373,0.0,22331.222579271373,125784.63176140329,0.0,22331.222579271373,22331.222579271373,22331.222579271373,0.0,22331.222579271373,0.0,22331.222579271373,66242.3235064757,66242.3235064757,66242.3235064757,0.0,0.05545402319549671,4403451.206987231,0.0,0.0,0.0,7.997865893500206,1.0,5.632680043150034,0.0,0.0,0.0,40.3047089209735,40.3047089209735,43493.30859375,0.0,2.842170943040401e-14,2420.0381888882134,0.0,0.00015270619545712513,0.0,3.0,2.020667246539498e-07,2601500.223304248,104852709.25812529
Hambantota,PF,50.0,33211033041,a,helped,79089,31027.20701221713,36346.798828125,0.0113542552718433,25709.912534492767,25709.912534492767,0.0,25709.912534492767,144815.71124417032,0.0,25709.912534492767,25709.912534492767,25709.912534492767,0.0,25709.912534492767,0.0,25709.912534492767,76264.7157981367,76264.7157981367,76264.7157981367,0.0,0.05545402319549671,5589100.091540772,0.0,0.0,0.0,10.492824895206539,1.0,5.632680043150034,0.0,0.0,0.0,53.7395060632061,53.7395060632061,43493.30859375,0.0,0.0,2585.6005843514276,0.0,0.00015270619545712513,0.0,3.0,1.8297256448787834e-07,2601500.223304248,139803337.02369067
Hambantota,PF,100.0,33207001101,a,helped,79765,29040.45826665856,36346.798828125,0.011736220568786832,18507.811562925406,18507.811562925406,0.0,18507.811562925406,104248.58083287138,0.0,18507.811562925406,18507.811562925406,18507.811562925406,0.0,18507.811562925406,0.0,18507.811562925406,54900.73087562225,54900.73087562225,54900.73087562225,0.0,0.05545402319549671,2685277.7202475183,0.0,0.0,0.0,4.877195200724723,1.0,5.632680043150034,0.0,0.0,0.0,41.276516545339575,41.276516545339575,43493.30859375,0.0,1.7763568394002505e-15,2420.0381888882134,0.0,0.00015716774628962848,0.0,3.0,2.020667246539498e-07,2601500.223304248,107380867.00992239
Hambantota,PF,100.0,33211033041,a,helped,79972,31027.20701221713,36346.798828125,0.0113542552718433,20649.811302632977,20649.811302632977,0.0,20649.811302632977,116313.78001915479,0.0,20649.811302632977,20649.811302632977,20649.811302632977,0.0,20649.811302632977,0.0,20649.811302632977,61254.66153055217,61254.66153055217,61254.66153055217,0.0,0.05545402319549671,2869354.5366775715,0.0,0.0,0.0,5.3868483695958185,1.0,5.632680043150034,0.0,0.0,0.0,55.03524701060478,55.03524701060478,43493.30859375,0.0,0.0,2585.6005843514276,0.0,0.00015716774628962848,0.0,3.0,1.8297256448787834e-07,2601500.223304248,143174207.38769278
Hambantota,PF,250.0,33207001101,a,helped,80648,29040.45826665856,36346.798828125,0.011736220568786832,19135.431425536008,19135.431425536008,0.0,19135.431425536008,107783.76270768269,0.0,19135.431425536008,19135.431425536008,19135.431425536008,0.0,19135.431425536008,0.0,19135.431425536008,56762.47390516568,56762.47390516568,56762.47390516568,0.0,0.05545402319549671,2897058.2315053195,0.0,0.0,0.0,5.261846250158213,1.0,5.632680043150034,0.0,0.0,0.0,45.91453591926716,45.91453591926716,43493.30859375,0.0,-2.842170943040401e-14,2420.0381888882134,0.0,0.00016984062082786575,0.0,3.0,2.020667246539498e-07,2601500.223304248,119446675.44688442
Hambantota,PF,250.0,33211033041,a,helped,80855,31027.20701221713,36346.798828125,0.0113542552718433,25012.48877967861,25012.48877967861,0.0,25012.48877967861,140887.34637880986,0.0,25012.48877967861,25012.48877967861,25012.48877967861,0.0,25012.48877967861,0.0,25012.48877967861,74195.90967596837,74195.90967596837,74195.90967596837,0.0,0.05545402319549671,5015471.821177266,0.0,0.0,0.0,9.415910741356562,1.0,5.632680043150034,0.0,0.0,0.0,61.219260664075136,61.219260664075136,43493.30859375,0.0,-3.552713678800501e-14,2585.6005843514276,0.0,0.00016984062082786575,0.0,3.0,1.8297256448787834e-07,2601500.223304248,159261920.28811243
Hambantota,PF,250.0,33211036071,a,helped,80866,38028.11958411883,36346.798828125,0.010255989562577504,31031.077647472954,31031.077647472954,0.0,31031.077647472954,174788.13178236003,0.0,31031.077647472954,31031.077647472954,31031.077647472954,0.0,31031.077647472954,0.0,31031.077647472954,92049.17809500155,92049.17809500155,92049.17809500155,0.0,0.05545402319549671,4745886.710427631,0.0,0.0,0.0,9.863907454354178,1.0,5.632680043150034,0.0,0.0,0.0,40.81284044271676,40.81284044271676,43493.30859375,0.0,3.552713678800501e-14,3169.0099653432358,0.0,0.00016984062082786575,0.0,3.0,1.3484744545271406e-07,2601500.223304248,106174613.5254083
Hambantota,PF,500.0,33207001101,a,helped,81531,29040.45826665856,36346.798828125,0.011736220568786832,21300.10863142781,21300.10863142781,0.0,21300.10863142781,119976.69680517122,0.0,21300.10863142781,21300.10863142781,21300.10863142781,0.0,21300.10863142781,0.0,21300.10863142781,63183.67396489198,63183.67396489198,63183.67396489198,0.0,0.05545402319549671,3817346.912665397,0.0,0.0,0.0,6.933340973103103,1.0,5.632680043150034,0.0,0.0,0.0,47.581455941617264,47.581455941617264,43493.30859375,0.0,0.0,2420.0381888882134,0.0,0.00017705128888240003,0.0,3.0,2.020667246539498e-07,2601500.223304248,123783168.25725855
Hambantota,PF,500.0,33211033041,a,helped,81738,31027.20701221713,36346.798828125,0.0113542552718433,20805.261669351836,20805.261669351836,0.0,20805.261669351836,117189.38219747246,0.0,20805.261669351836,20805.261669351836,20805.261669351836,0.0,20805.261669351836,0.0,20805.261669351836,61715.78243178529,61715.78243178529,61715.78243178529,0.0,0.05545402319549671,2921128.160150675,0.0,0.0,0.0,5.4840467658306356,1.0,5.632680043150034,0.0,0.0,0.0,63.441816316904784,63.441816316904784,43493.30859375,0.0,0.0,2585.6005843514276,0.0,0.00017705128888240003,0.0,3.0,1.8297256448787834e-07,2601500.223304248,165043899.31525487
Hambantota,PF,1000.0,33207001101,a,helped,82414,29040.45826665856,36346.798828125,0.011736220568786832,20303.931775605164,20303.931775605164,0.0,20303.931775605164,114365.55130993105,0.0,20303.931775605164,20303.931775605164,20303.931775605164,0.0,20303.931775605164,0.0,20303.931775605164,60228.66022487753,60228.66022487753,60228.66022487753,0.0,0.05545402319549671,3350766.8028699723,0.0,0.0,0.0,6.0859045030913155,1.0,5.632680043150034,0.0,0.0,0.0,49.78658192260067,49.78658192260067,43493.30859375,0.0,-2.842170943040401e-14,2420.0381888882134,0.0,0.00018587761564961281,0.0,3.0,2.020667246539498e-07,2601500.223304248,129519803.98920088
Hambantota,PF,1000.0,33211033041,a,helped,82621,31027.20701221713,36346.798828125,0.0113542552718433,23303.445936932396,23303.445936932396,0.0,23303.445936932396,131260.85486558487,0.0,23303.445936932396,23303.445936932396,23303.445936932396,0.0,23303.445936932396,0.0,23303.445936932396,69126.28267844304,69126.28267844304,69126.28267844304,0.0,0.05545402319549671,3958951.7144060754,0.0,0.0,0.0,7.432428553339612,1.0,5.632680043150034,0.0,0.0,0.0,66.38197850136669,66.38197850136669,43493.30859375,0.0,0.0,2585.6005843514276,0.0,0.00018587761564961281,0.0,3.0,1.8297256448787834e-07,2601500.223304248,172692731.89468324
Kegalle,PF,5.0,92206082051,a,helped,104155,29877.23816332084,36346.798828125,0.011570703666246386,19489.36563351722,19489.36563351722,0.0,19489.36563351722,109777.36085756657,0.0,19489.36563351722,19489.36563351722,19489.36563351722,0.0,19489.36563351722,0.0,19489.36563351722,57812.368250263586,57812.368250263586,57812.368250263586,0.0,0.05545402319549671,2790390.064966043,0.0,0.0,0.0,5.140606228078322,1.0,5.632680043150034,0.0,0.0,0.0,12.589901857678836,12.589901857678836,43493.30859375,0.0,0.0,2489.769846943403,0.0,8.18354589046259e-05,0.0,3.0,1.9363743735274875e-07,2601500.223304248,32752632.494130056
Mannar,PF,5.0,42210012101,a,helped,121196,48017.20743225121,36346.798828125,0.009127073464405293,39202.287435355145,39202.287435355145,0.0,39202.287435355145,220813.94208295626,0.0,39202.287435355145,39202.287435355145,39202.287435355145,0.0,39202.287435355145,0.0,39202.287435355145,116287.8833556176,116287.8833556176,116287.8833556176,0.0,0.05545402319549671,4231980.976076207,0.0,0.0,0.0,9.883740918898528,0.0,5.632680043150034,0.0,0.0,0.0,48.49103216164305,48.49103216164305,43493.30859375,0.0,4.263256414560601e-14,4001.433952687601,0.0,3.3509777643061795e-05,0.0,3.0,9.503961134435953e-08,2601500.223304248,126149430.99676786
Mannar,PF,10.0,42203025061,a,helped,121389,29396.625263748872,36346.798828125,0.011664906379106353,23304.847979483973,23304.847979483973,0.0,23304.847979483973,131268.7521226848,0.0,23304.847979483973,23304.847979483973,23304.847979483973,0.0,23304.847979483973,0.0,23304.847979483973,69130.44163373273,69130.44163373273,69130.44163373273,0.0,0.05545402319549671,4849199.128966406,0.0,0.0,0.0,8.861310472796358,1.0,5.632680043150034,0.0,0.0,0.0,36.87407436735825,36.87407436735825,43493.30859375,0.0,-1.4210854715202004e-14,2449.7187719790727,0.0,4.027142565252854e-05,0.0,3.0,1.9840553591522632e-07,2601500.223304248,95927912.70081992
Mannar,PF,10.0,42210012101,a,helped,121513,48017.20743225121,36346.798828125,0.009127073464405293,35789.75251364844,35789.75251364844,0.0,35789.75251364844,201592.22473290635,0.0,35789.75251364844,35789.75251364844,35789.75251364844,0.0,35789.75251364844,0.0,35789.75251364844,106165.0948939293,106165.0948939293,106165.0948939293,0.0,0.05545402319549671,3110602.184187991,0.0,0.0,0.0,7.264774171735397,0.0,5.632680043150034,0.0,0.0,0.0,58.07674127431197,58.07674127431197,43493.30859375,0.0,0.0,4001.433952687601,0.0,4.027142565252854e-05,0.0,3.0,9.503961134435953e-08,2601500.223304248,151086655.39390564
Mannar,PF,25.0,42203025061,a,helped,121706,29396.625263748872,36346.798828125,0.011664906379106353,24653.99867014264,24653.99867014264,0.0,24653.99867014264,138868.08629315993,0.0,24653.99867014264,24653.99867014264,24653.99867014264,0.0,24653.99867014264,0.0,24653.99867014264,73132.50091160467,73132.50091160467,73132.50091160467,0.0,0.05545402319549671,6042465.384784916,0.0,0.0,0.0,11.04185668018068,1.0,5.632680043150034,0.0,0.0,0.0,39.38145190202325,39.38145190202325,43493.30859375,0.0,0.0,2449.7187719790727,0.0,4.416984402963799e-05,0.0,3.0,1.9840553591522632e-07,2601500.223304248,102450855.91715899
Mannar,PF,25.0,42209008081,a,helped,121802,33058.665228978985,36346.798828125,0.01099986457502956,21979.72948689914,21979.72948689914,0.0,21979.72948689914,123804.78363469314,0.0,21979.72948689914,21979.72948689914,21979.72948689914,0.0,21979.72948689914,0.0,21979.72948689914,65199.670375749854,65199.670375749854,65199.670375749854,0.0,0.05545402319549671,2773190.859690372,1.0,0.0,0.0,5.374048901130129,1.0,5.632680043150034,0.0,0.0,0.0,47.25774228242791,47.25774228242791,43493.30859375,0.0,-2.842170943040401e-14,2754.8887690815823,0.0,4.416984402963799e-05,0.0,3.0,1.663688551676182e-07,2601500.223304248,122941027.10059081
Mannar,PF,25.0,42210012101,a,helped,121830,48017.20743225121,36346.798828125,0.009127073464405293,38960.31254645124,38960.31254645124,0.0,38960.31254645124,219450.9749552838,0.0,38960.31254645124,38960.31254645124,38960.31254645124,0.0,38960.31254645124,0.0,38960.31254645124,115570.10004508383,115570.10004508383,115570.10004508383,0.0,0.05545402319549671,4131613.537210509,0.0,0.0,0.0,9.649333966681624,0.0,5.632680043150034,0.0,0.0,0.0,62.02586593319881,62.02586593319881,43493.30859375,0.0,4.263256414560601e-14,4001.433952687601,0.0,4.416984402963799e-05,0.0,3.0,9.503961134435953e-08,2601500.223304248,161360304.07585606
Mannar,PF,50.0,42203025061,a,helped,122023,29396.625263748872,36346.798828125,0.011664906379106353,21422.345875141218,21422.345875141218,0.0,21422.345875141218,120665.2200883654,0.0,21422.345875141218,21422.345875141218,21422.345875141218,0.0,21422.345875141218,0.0,21422.345875141218,63546.27296787355,63546.27296787355,63546.27296787355,0.0,0.05545402319549671,3725369.0834318455,0.0,0.0,0.0,6.80765033484668,1.0,5.632680043150034,0.0,0.0,0.0,40.47517444681778,40.47517444681778,43493.30859375,0.0,0.0,2449.7187719790727,0.0,4.322378140819255e-05,0.0,3.0,1.9840553591522632e-07,2601500.223304248,105296175.36167485
Mannar,PF,100.0,42203025061,a,helped,122340,29396.625263748872,36346.798828125,0.011664906379106353,19329.843494047498,19329.843494047498,0.0,19329.843494047498,108878.82368613487,0.0,19329.843494047498,19329.843494047498,19329.843494047498,0.0,19329.843494047498,0.0,19329.843494047498,57339.16902744059,57339.16902744059,57339.16902744059,0.0,0.05545402319549671,2865539.987153316,0.0,0.0,0.0,5.236419215432539,1.0,5.632680043150034,0.0,0.0,0.0,42.461731722056804,42.461731722056804,43493.30859375,0.0,-2.842170943040401e-14,2449.7187719790727,0.0,4.730164706712095e-05,0.0,3.0,1.9840553591522632e-07,2601500.223304248,110464204.55681585
Mannar,PF,100.0,42210012031,a,helped,122459,66748.9348676764,36346.798828125,0.007741191760655923,50122.006532085456,50122.006532085456,0.0,50121.997334966596,282321.2259159134,0.0,50121.997334966596,50122.006532085456,50122.006532085456,0.0,50121.997334966596,0.0,50121.997334966596,148679.61440263633,148679.61440263633,148679.61440263633,0.0,0.05545402319549671,2697413.854030289,0.0,0.0,0.0,7.427607571484631,0.0,5.632680043150034,0.0,0.0,194.44444274902344,28.661705504366864,28.661705504366864,43493.30859375,0.0,0.0,5562.4112389730335,0.0,4.730164706712095e-05,0.0,3.0,5.79873804428649e-08,2601500.223304248,74563433.269891
Mannar,PF,100.0,42210012101,a,helped,122464,48017.20743225121,36346.798828125,0.009127073464405293,35311.91971333111,35311.91971333111,0.0,35311.91971333111,198900.7454545964,0.0,35311.91971333111,35311.91971333111,35311.91971333111,0.0,35311.91971333111,0.0,35311.91971333111,104747.67339681849,104747.67339681849,104747.67339681849,0.0,0.05545402319549671,2991167.0592198316,0.0,0.0,0.0,6.985834866838981,0.0,5.632680043150034,0.0,0.0,0.0,66.87731284352269,66.87731284352269,43493.30859375,0.0,0.0,4001.433952687601,0.0,4.730164706712095e-05,0.0,3.0,9.503961134435953e-08,2601500.223304248,173981344.29641232
Mannar,PF,250.0,42209008081,a,helped,122753,33058.665228978985,36346.798828125,0.01099986457502956,21776.8416352647,21776.8416352647,0.0,21776.8416352647,122661.98128179423,0.0,21776.8416352647,21776.8416352647,21776.8416352647,0.0,21776.8416352647,0.0,21776.8416352647,64597.83307571875,64597.83307571875,64597.83307571875,0.0,0.05545402319549671,2713466.5139896465,1.0,0.0,0.0,5.258311625687236,1.0,5.632680043150034,0.0,0.0,0.0,54.64148550320402,54.64148550320402,43493.30859375,0.0,0.0,2754.8887690815823,0.0,4.885801444322055e-05,0.0,3.0,1.663688551676182e-07,2601500.223304248,142149836.73826107
Mannar,PF,500.0,42203025061,a,helped,122974,29396.625263748872,36346.798828125,0.011664906379106353,20746.746322961917,20746.746322961917,0.0,20746.746322961917,116859.78397364395,0.0,20746.746322961917,20746.746322961917,20746.746322961917,0.0,20746.746322961917,0.0,20746.746322961917,61542.20516829715,61542.20516829715,61542.20516829715,0.0,0.05545402319549671,3413253.967152435,0.0,0.0,0.0,6.237298638608066,1.0,5.632680043150034,0.0,0.0,0.0,53.503121221887234,53.503121221887234,43493.30859375,0.0,2.1316282072803006e-14,2449.7187719790727,0.0,5.7202574478633086e-05,0.0,3.0,1.9840553591522632e-07,2601500.223304248,139188381.8062139
Mannar,PF,500.0,42210012101,a,helped,123098,48017.20743225121,36346.798828125,0.009127073464405293,39816.51224486664,39816.51224486664,0.0,39816.51224486664,224273.67390949928,0.0,39816.51224486664,39816.51224486664,39816.51224486664,0.0,39816.51224486664,0.0,39816.51224486664,118109.89190857211,118109.89190857211,118109.89190857211,0.0,0.05545402319549671,4505980.108771611,0.0,0.0,0.0,10.523662613932986,0.0,5.632680043150034,0.0,0.0,0.0,84.26752350758218,84.26752350758218,43493.30859375,0.0,0.0,4001.433952687601,0.0,5.7202574478633086e-05,0.0,3.0,9.503961134435953e-08,2601500.223304248,219221981.22227103
Mannar,PF,1000.0,42203025061,a,helped,123291,29396.625263748872,36346.798828125,0.011664906379106353,19510.38699176444,19510.38699176444,0.0,19510.38699176444,109895.76744264559,0.0,19510.38699176444,19510.38699176444,19510.38699176444,0.0,19510.38699176444,0.0,19510.38699176444,57874.72505176044,57874.72505176044,57874.72505176044,0.0,0.05545402319549671,2928586.8279368686,0.0,0.0,0.0,5.3516295039057,1.0,5.632680043150034,0.0,0.0,0.0,56.4494758323541,56.4494758323541,43493.30859375,0.0,0.0,2449.7187719790727,0.0,6.187224828935826e-05,0.0,3.0,1.9840553591522632e-07,2601500.223304248,146853323.98327693
Mannar,PF,1000.0,42210012031,a,helped,123410,66748.9348676764,36346.798828125,0.007741191760655923,50453.308430877085,50453.308430877085,0.0,50453.296400716266,284187.34350949473,0.0,50453.296400716266,50453.308430877085,50453.308430877085,0.0,50453.296400716266,0.0,50453.296400716266,149662.3648904001,149662.3648904001,149662.3648904001,0.0,0.05545402319549671,2751999.209576711,0.0,0.0,0.0,7.577913984252181,0.0,5.632680043150034,0.0,0.0,194.44444274902344,38.10344483294749,38.10344483294749,43493.30859375,0.0,0.0,5562.4112389730335,0.0,6.187224828935826e-05,0.0,3.0,5.79873804428649e-08,2601500.223304248,99126120.24157399
Mannar,PF,1000.0,42210012101,a,helped,123415,48017.20743225121,36346.798828125,0.009127073464405293,38271.236762865934,38271.236762865934,0.0,38271.236762865934,215569.63154086488,0.0,38271.236762865934,38271.236762865934,38271.236762865934,0.0,38271.236762865934,0.0,38271.236762865934,113526.0569652792,113526.0569652792,113526.0569652792,0.0,0.05545402319549671,3867214.3122686334,0.0,0.0,0.0,9.031832741308436,0.0,5.632680043150034,0.0,0.0,0.0,88.90803794354414,88.90803794354414,43493.30859375,0.0,0.0,4001.433952687601,0.0,6.187224828935826e-05,0.0,3.0,9.503961134435953e-08,2601500.223304248,231294280.56367263
Mullaitivu,PF,100.0,44208005091,a,helped,136227,24438.083875009143,36346.798828125,0.012793707583693612,15356.333746428418,15356.333746428418,0.0,15356.333746428418,86497.31462945875,0.0,15356.333746428418,15356.333746428418,15356.333746428418,0.0,15356.333746428418,0.0,15356.333746428418,45552.330343460846,45552.330343460846,45552.330343460846,0.0,0.05545402319549671,2837122.8933745525,0.0,0.0,0.0,4.727057882825371,1.0,5.632680043150034,0.0,0.0,0.0,5.331079396422236,5.331079396422236,43493.30859375,0.0,-7.105427357601002e-15,2036.5069895840952,0.0,3.665526393013339e-06,0.0,3.0,2.617575839646067e-07,2601500.223304248,13868804.240245122
Mullaitivu,PF,500.0,44202023011,a,helped,136673,24116.14990137798,36346.798828125,0.012878818071408143,15076.377097477962,15076.377097477962,0.0,15076.377097477962,84920.40839996835,0.0,15076.377097477962,15076.377097477962,15076.377097477962,0.0,15076.377097477962,0.0,15076.377097477962,44721.87966653378,44721.87966653378,44721.87966653378,0.0,0.05545402319549671,2824164.2109610913,0.0,0.0,0.0,4.674370463353901,1.0,5.632680043150034,0.0,0.0,0.0,4.412387942400883,4.412387942400883,43493.30859375,0.0,2.1316282072803006e-14,2009.679158448165,0.0,4.048346340555659e-06,0.0,3.0,2.6701646249661637e-07,2601500.223304248,11478828.217460869
Mullaitivu,PF,1000.0,44202023011,a,helped,136961,24116.14990137798,36346.798828125,0.012878818071408143,15591.341936286344,15591.341936286344,0.0,15591.341936286344,87821.0405704483,0.0,15591.341936286344,15591.341936286344,15591.341936286344,0.0,15591.341936286344,0.0,15591.341936286344,46249.44795464306,46249.44795464306,46249.44795464306,0.0,0.05545402319549671,3043235.851540776,0.0,0.0,0.0,5.036963403987361,1.0,5.632680043150034,0.0,0.0,0.0,4.412387942400883,4.412387942400883,43493.30859375,0.0,0.0,2009.679158448165,0.0,3.986107654279016e-06,0.0,3.0,2.6701646249661637e-07,2601500.223304248,11478828.217460869
Puttalam,PF,5.0,62207004051,a,helped,151315,70959.59382349752,36346.798828125,0.007508002960739732,53611.783844488455,53611.783844488455,0.0,53611.76932888629,301978.02493852354,0.0,53611.76932888629,53611.783844488455,53611.783844488455,0.0,53611.76932888629,0.0,53611.76932888629,159031.5154034988,159031.5154034988,159031.5154034988,0.0,0.05545402319549671,2665407.369978715,0.0,0.0,0.0,7.567428935349263,0.0,5.632680043150034,0.0,0.0,66.66666412353516,14.600290931272525,14.600290931272525,43493.30859375,0.0,0.0,5913.29948529146,0.0,0.00021774406798702928,0.0,3.0,5.2903367650432744e-08,2601500.223304248,37982660.11801246
Puttalam,PF,5.0,62211031021,a,helped,151490,26998.82242700436,36346.798828125,0.012171877822909545,17883.540114389456,17883.540114389456,0.0,17883.540114389456,100732.25950319457,0.0,17883.540114389456,17883.540114389456,17883.540114389456,0.0,17883.540114389456,0.0,17883.540114389456,53048.920429374666,53048.920429374666,53048.920429374666,0.0,0.05545402319549671,3041654.473018835,0.0,0.0,0.0,5.326739827730377,1.0,5.632680043150034,0.0,0.0,0.0,58.4011637250901,58.4011637250901,43493.30859375,0.0,-2.842170943040401e-14,2249.9018689170302,0.0,0.00021774406798702928,0.0,3.0,2.2541497607568192e-07,2601500.223304248,151930640.47204983
Puttalam,PF,10.0,62211031021,a,helped,152211,26998.82242700436,36346.798828125,0.012171877822909545,19272.004806280635,19272.004806280635,0.0,19272.004806280635,108553.03686382847,0.0,19272.004806280635,19272.004806280635,19272.004806280635,0.0,19272.004806280635,0.0,19272.004806280635,57167.59897333173,57167.59897333173,57167.59897333173,0.0,0.05545402319549671,3671490.739214174,0.0,0.0,0.0,6.429749375281616,1.0,5.632680043150034,0.0,0.0,0.0,71.5000326478927,71.5000326478927,43493.30859375,0.0,1.0658141036401503e-14,2249.9018689170302,0.0,0.00027050714826410327,0.0,3.0,2.2541497607568192e-07,2601500.223304248,186007350.89975387
Puttalam,PF,25.0,62202049061,a,helped,152549,96838.81620957973,36346.798828125,0.00642695500960583,80009.28804539112,80009.28804539112,0.0,80009.28804539112,450666.72003991716,0.0,80009.28804539112,80009.28804539112,80009.28804539112,0.0,80009.28804539112,0.0,80009.28804539112,237335.91492412266,237335.91492412266,237335.91492412266,0.0,0.05545402319549671,3126017.5607258924,0.0,0.0,0.0,10.368008530939832,0.0,5.632680043150034,0.0,0.0,0.0,38.47465836482254,38.47465836482254,43493.30859375,0.0,0.0,8069.901350798311,0.0,0.000310207101429222,0.0,3.0,3.318377516974462e-08,2601500.223304248,100091832.32764049
Puttalam,PF,50.0,62202049061,a,helped,153270,96838.81620957973,36346.798828125,0.00642695500960583,77514.62349483084,77514.62349483084,0.0,77514.62349483084,436615.07281162246,0.0,77514.62349483084,77514.62349483084,77514.62349483084,0.0,77514.62349483084,0.0,77514.62349483084,229935.85540603142,229935.85540603142,229935.85540603142,0.0,0.05545402319549671,2765626.219565198,0.0,0.0,0.0,9.172704785185037,0.0,5.632680043150034,0.0,0.0,0.0,40.823168757423964,40.823168757423964,43493.30859375,0.0,-1.1368683772161603e-13,8069.901350798311,0.0,0.00033418277994269786,0.0,3.0,3.318377516974462e-08,2601500.223304248,106201482.63842544
Puttalam,PF,50.0,62207004051,a,helped,153478,70959.59382349752,36346.798828125,0.007508002960739732,57847.92346769741,57847.92346769741,0.0,57847.90118987221,325838.8440541697,0.0,57847.90118987221,57847.92346769741,57847.92346769741,0.0,57847.90118987221,0.0,57847.90118987221,171597.38438499882,171597.38438499882,171597.38438499882,0.0,0.05545402319549671,3461306.188785905,0.0,0.0,0.0,9.827086434195275,0.0,5.632680043150034,0.0,0.0,66.66666412353516,22.679558589076954,22.679558589076954,43493.30859375,0.0,7.105427357601002e-15,5913.29948529146,0.0,0.00033418277994269786,0.0,3.0,5.2903367650432744e-08,2601500.223304248,59000876.73392547
Puttalam,PF,50.0,62211031021,a,helped,153653,26998.82242700436,36346.798828125,0.012171877822909545,21255.979633127918,21255.979633127918,0.0,21255.979633127918,119728.13227712321,0.0,21255.979633127918,21255.979633127918,21255.979633127918,0.0,21255.979633127918,0.0,21255.979633127918,63052.771710390625,63052.771710390625,63052.771710390625,0.0,0.05545402319549671,4939055.097751096,0.0,0.0,0.0,8.64958914101569,1.0,5.632680043150034,0.0,0.0,0.0,90.71823435630782,90.71823435630782,43493.30859375,0.0,-1.4210854715202004e-14,2249.9018689170302,0.0,0.00033418277994269786,0.0,3.0,2.2541497607568192e-07,2601500.223304248,236003506.93570188
Puttalam,PF,100.0,62207005031,a,helped,154207,63892.802090404046,36346.798828125,0.007912323369118774,52247.883758538526,52247.883758538526,0.0,52247.883758538526,294295.6121435428,0.0,52247.883758538526,52247.883758538526,52247.883758538526,0.0,52247.883758538526,0.0,52247.883758538526,154985.74725033142,154985.74725033142,154985.74725033142,0.0,0.05545402319549671,3692168.837665564,0.0,0.0,0.0,9.946876288477656,0.0,5.632680043150034,0.0,0.0,0.0,42.60992490536294,42.60992490536294,43493.30859375,0.0,7.105427357601002e-14,5324.4001742003375,0.0,0.0003526124674400198,0.0,3.0,6.191873818527607e-08,2601500.223304248,110849729.15627892
Puttalam,PF,100.0,62211031021,a,helped,154374,26998.82242700436,36346.798828125,0.012171877822909545,16932.80944002928,16932.80944002928,0.0,16932.80944002928,95377.09780731543,0.0,16932.80944002928,16932.80944002928,16932.80944002928,0.0,16932.80944002928,0.0,16932.80944002928,50228.716176117356,50228.716176117356,50228.716176117356,0.0,0.05545402319549671,2687885.0044412496,0.0,0.0,0.0,4.707196110709511,1.0,5.632680043150034,0.0,0.0,0.0,94.68880714377241,94.68880714377241,43493.30859375,0.0,7.105427357601002e-15,2249.9018689170302,0.0,0.0003526124674400198,0.0,3.0,2.2541497607568192e-07,2601500.223304248,246332952.92893678
Puttalam,PF,250.0,62211031021,a,helped,155095,26998.82242700436,36346.798828125,0.012171877822909545,18084.317584498356,18084.317584498356,0.0,18084.317584498356,101863.17475219113,0.0,18084.317584498356,18084.317584498356,18084.317584498356,0.0,18084.317584498356,0.0,18084.317584498356,53644.497589584025,53644.497589584025,53644.497589584025,0.0,0.05545402319549671,3123310.1644783528,0.0,0.0,0.0,5.469740496516592,1.0,5.632680043150034,0.0,0.0,0.0,100.49343138612485,100.49343138612485,43493.30859375,0.0,-2.842170943040401e-14,2249.9018689170302,0.0,0.00037162894701308106,0.0,3.0,2.2541497607568192e-07,2601500.223304248,261433684.1916139
Puttalam,PF,500.0,62207005031,a,helped,155649,63892.802090404046,36346.798828125,0.007912323369118774,49412.98254072411,49412.98254072411,0.0,49412.98254072411,278327.5206296578,0.0,49412.98254072411,49412.98254072411,49412.98254072411,0.0,49412.98254072411,0.0,49412.98254072411,146576.42514928002,146576.42514928002,146576.42514928002,0.0,0.05545402319549671,3024145.0060627605,0.0,0.0,0.0,8.147188705688464,0.0,5.632680043150034,0.0,0.0,0.0,46.88130276848963,46.88130276848963,43493.30859375,0.0,5.684341886080802e-14,5324.4001742003375,0.0,0.00038248078370716,0.0,3.0,6.191873818527607e-08,2601500.223304248,121961719.62101984
Puttalam,PF,500.0,62211031021,a,helped,155816,26998.82242700436,36346.798828125,0.012171877822909545,19482.994282677864,19482.994282677864,0.0,19482.994282677864,109741.47307684582,0.0,19482.994282677864,19482.994282677864,19482.994282677864,0.0,19482.994282677864,0.0,19482.994282677864,57793.46856476828,57793.46856476828,57793.46856476828,0.0,0.05545402319549671,3782814.6880552885,0.0,0.0,0.0,6.624706993687114,1.0,5.632680043150034,0.0,0.0,0.0,104.1807664846554,104.1807664846554,43493.30859375,0.0,0.0,2249.9018689170302,0.0,0.00038248078370716,0.0,3.0,2.2541497607568192e-07,2601500.223304248,271026287.2738387
Puttalam,PF,1000.0,62202049061,a,helped,156154,96838.81620957973,36346.798828125,0.00642695500960583,77131.52620019476,77131.52620019476,0.0,77131.52620019476,434457.208325541,0.0,77131.52620019476,77131.52620019476,77131.52620019476,0.0,77131.52620019476,0.0,77131.52620019476,228799.4530064022,228799.4530064022,228799.4530064022,0.0,0.05545402319549671,2716569.3417741065,0.0,0.0,0.0,9.009998684672537,0.0,5.632680043150034,0.0,0.0,0.0,49.53586694424751,49.53586694424751,43493.30859375,0.0,-5.684341886080802e-14,8069.901350798311,0.0,0.00039904995817517734,0.0,3.0,3.318377516974462e-08,2601500.223304248,128867568.91702941
Puttalam,PF,1000.0,62207005031,a,helped,156370,63892.802090404046,36346.798828125,0.007912323369118774,51784.27971116943,51784.27971116943,0.0,51784.27971116943,291684.2788780033,0.0,51784.27971116943,51784.27971116943,51784.27971116943,0.0,51784.27971116943,0.0,51784.27971116943,153610.53327914287,153610.53327914287,153610.53327914287,0.0,0.05545402319549671,3566643.162942656,0.0,0.0,0.0,9.608704224199606,0.0,5.632680043150034,0.0,0.0,0.0,49.53586694424751,49.53586694424751,43493.30859375,0.0,-5.684341886080802e-14,5324.4001742003375,0.0,0.00039904995817517734,0.0,3.0,6.191873818527607e-08,2601500.223304248,128867568.91702941
Puttalam,PF,1000.0,62211031021,a,helped,156537,26998.82242700436,36346.798828125,0.012171877822909545,19937.047309880145,19937.047309880145,0.0,19937.047309880145,112299.00850169997,0.0,19937.047309880145,19937.047309880145,19937.047309880145,0.0,19937.047309880145,0.0,19937.047309880145,59140.3508239128,59140.3508239128,59140.3508239128,0.0,0.05545402319549671,4036713.0178663875,0.0,0.0,0.0,7.069349985715299,1.0,5.632680043150034,0.0,0.0,0.0,110.07980328998588,110.07980328998588,43493.30859375,0.0,0.0,2249.9018689170302,0.0,0.00039904995817517734,0.0,3.0,2.2541497607568192e-07,2601500.223304248,286372632.84018594
Trincomalee,PF,10.0,53212031101,a,helped,164962,82727.66218520731,36346.798828125,0.0069535185860150036,67093.42054187381,67093.42054187381,0.0,67093.42054187381,377915.7709128852,0.0,67093.42054187381,67093.42054187381,67093.42054187381,0.0,67093.42054187381,0.0,67093.42054187381,199022.87270273766,199022.87270273766,199022.87270273766,0.0,0.05545402319549671,3142255.316985602,0.0,0.0,0.0,9.63265580230604,0.0,5.632680043150034,0.0,0.0,0.0,33.851741574182334,33.851741574182334,43493.30859375,0.0,-5.684341886080802e-14,6893.971848767276,0.0,0.00010304261998819706,0.0,3.0,4.2026562834857764e-08,2601500.223304248,88065313.26447304
Trincomalee,PF,50.0,53212031101,a,helped,166124,82727.66218520731,36346.798828125,0.0069535185860150036,64538.07444864758,64538.07444864758,0.0,64538.07444864758,363522.3239702284,0.0,64538.07444864758,64538.07444864758,64538.07444864758,0.0,64538.07444864758,0.0,64538.07444864758,191442.81021499797,191442.81021499797,191442.81021499797,0.0,0.05545402319549671,2735234.533201023,0.0,0.0,0.0,8.38492424676114,0.0,5.632680043150034,0.0,0.0,0.0,44.35042439490751,44.35042439490751,43493.30859375,0.0,-5.684341886080802e-14,6893.971848767276,0.0,0.00013665430233148,0.0,3.0,4.2026562834857764e-08,2601500.223304248,115377638.96699007
Trincomalee,PF,100.0,53212031101,a,helped,166705,82727.66218520731,36346.798828125,0.0069535185860150036,67958.45988004355,67958.45988004355,0.0,67958.45988004355,382788.26072953356,0.0,67958.45988004355,67958.45988004355,67958.45988004355,0.0,67958.45988004355,0.0,67958.45988004355,201588.886071753,201588.886071753,201588.886071753,0.0,0.05545402319549671,3304185.5856758426,0.0,0.0,0.0,10.129056757962429,0.0,5.632680043150034,0.0,0.0,0.0,46.59897290548381,46.59897290548381,43493.30859375,0.0,-1.2434497875801753e-13,6893.971848767276,0.0,0.0001443351550833582,0.0,3.0,4.2026562834857764e-08,2601500.223304248,121227238.41936474
