region,hazard,rp,dk_tot,dw_tot,res_tot,fa,dk_famax,dw_famax
ARMM,EQ,1,60.30897651476016,383.4939884566533,0.1572618563265352,0.0009330426888034033,,
ARMM,EQ,10,99.22377518684507,647.9463185594115,0.15313579589039225,0.0015211711124565304,,
ARMM,EQ,25,733.2070650202185,4588.499397200599,0.15979234201655151,0.011278414724838644,,
ARMM,EQ,30,987.0757099956177,6037.462115763236,0.16349182670951384,0.01526578434262139,,
ARMM,EQ,50,2370.4499289768837,14443.677279287358,0.1641167884840639,0.03667476452490313,,
ARMM,EQ,100,6041.564665403781,36796.733813281164,0.1641875253401752,0.09342589706370424,,
ARMM,EQ,200,11078.406503064858,64413.55438753374,0.17198874690897226,0.1704036842110109,,
ARMM,EQ,250,12870.59294196607,76147.25748320638,0.16902240957009607,0.199143130843582,,
ARMM,EQ,500,19395.062996275527,110670.19830141727,0.17525100066642912,0.3012351664244679,,
ARMM,EQ,1000,26216.31631577455,145603.94868414075,0.1800522345217829,0.4010750864786053,,
ARMM,EQ,2000,43782.07100990936,207923.7467246716,0.21056792069010136,0.6753365152503635,,
ARMM,HU,30,11.243074026783669,49.12590457200574,0.2288624326561613,0.00020409639174040503,,
ARMM,HU,50,39.929809480126345,197.13641514302572,0.20254913051531664,0.0007266304545732734,,
ARMM,HU,100,164.07612017034137,911.357621989237,0.1800348361735423,0.0029615935650950448,,
ARMM,HU,200,474.804237077646,2383.697759363204,0.1991881039500948,0.008567219817163206,,
ARMM,HU,250,722.8576166471506,3541.81582322775,0.20409237880370398,0.013104245993617777,,
ARMM,HU,500,1818.2168640911639,8775.202862269804,0.2071994109570776,0.03274248178516362,,
ARMM,HU,1000,2757.788352339756,13887.506361536593,0.1985805284653435,0.04975054588018602,,
ARMM,HU,2000,15214.878357521033,79833.54856961413,0.19058251361899312,0.27527098074840395,,
ARMM,PF,1,3.268755023351245,20.24625703424084,0.16144984318943825,5.951549755940492e-05,,
ARMM,PF,10,6.3587842092908575,40.76877090136403,0.15597193804726908,0.00011478676710061215,,
ARMM,PF,25,43.02524673172459,282.36693233915355,0.15237353175635512,0.000781356468595832,,
ARMM,PF,30,72.79838714150743,474.9248488135672,0.15328401393055896,0.001311102106147936,,
ARMM,PF,50,196.18938169608563,1249.3459293571232,0.15703367424988446,0.003557723204710108,,
ARMM,PF,100,442.76440459922173,2717.9999968080297,0.1629008113021325,0.00800715776661548,,
ARMM,PF,200,689.6229659874398,4082.9097981491773,0.1689047762701132,0.012494785234285185,,
ARMM,PF,250,812.4351390501057,4758.10277471097,0.17074770712565304,0.014705667816485803,,
ARMM,PF,500,1319.3154530845716,7657.900923013979,0.1722816038425995,0.02400418648990962,,
ARMM,PF,1000,1858.726374289875,10454.158916202248,0.1777977921695021,0.03374003353723363,,
ARMM,PF,2000,3624.491972760293,18376.005763517547,0.1972404677819654,0.06581802935271433,,
CAR,EQ,1,2.2799157622006487,2.896789759154173,0.7870490963301238,4.76424771489833e-05,,
CAR,EQ,10,2.8498947027508192,3.6020611222263064,0.7911844374782293,6.004700407509417e-05,,
CAR,EQ,25,168.29229835071467,219.13379323038643,0.7679887974821871,0.003555171371819611,,
CAR,EQ,30,304.71635905167284,412.4149398718792,0.7388586823414689,0.006448167983773983,,
CAR,EQ,50,1083.073866722861,1421.0722860725355,0.7621525501114291,0.02278162689272714,,
CAR,EQ,100,4395.590217213022,5658.183310910474,0.7768553925669325,0.0917900562717733,,
CAR,EQ,200,9439.360267944528,11900.398525463406,0.7931969881300218,0.19888867207555025,,
CAR,EQ,250,13282.120418062883,17257.994899442157,0.7696212969962235,0.27804166364570904,,
CAR,EQ,500,24151.994308754103,31698.42982400996,0.7619303051553735,0.5089979480220558,,
CAR,EQ,1000,38394.25341477157,49499.89855799923,0.7756430726779141,0.8008529166768322,,
CAR,EQ,2000,108617.1229300891,251680.9275308116,0.4315667619144158,0.95,108617.1229300891,251680.9275308116
CAR,HU,1,190.97035815718482,244.5160448498468,0.7810136069984956,0.004967099067670284,,
CAR,HU,10,1094.110602226456,1435.8732554635544,0.7619827154404627,0.028545079734828286,,
CAR,HU,25,2958.594741029668,3814.048164764697,0.7757098529489058,0.07749941606847617,,
CAR,HU,30,3397.776804659122,4301.081669661206,0.7899819314351133,0.09098924159647767,,
CAR,HU,50,4902.790741069221,6164.547242893854,0.7953204911716566,0.1287636976900879,,
CAR,HU,100,7491.1832049533705,9457.500029713747,0.7920891547890493,0.1977701143607278,,
CAR,HU,200,10924.253584247142,13882.47553897965,0.7869096223921792,0.2899612498904251,,
CAR,HU,250,12029.679194669825,15637.675300640107,0.7692754174386396,0.3172539316753824,,
CAR,HU,500,15923.567081386018,19836.85556895896,0.8027263709225911,0.4156517235470575,,
CAR,HU,1000,19914.552189834867,25855.57657692538,0.7702227072981798,0.5260345565126587,,
CAR,HU,2000,0.00038382544685890173,0.0005169500674162168,0.7424806979469237,1.0000000000000106e-08,,
CAR,PF,1,169.56408696330632,212.88557412012656,0.7965034158097771,0.004379713923463594,,
CAR,PF,10,672.3916422635697,837.1526974280451,0.8031887663138815,0.017687190710950595,,
CAR,PF,25,1611.0047896626236,1837.6743120686046,0.8766541378320579,0.04201360502379713,,
CAR,PF,30,1835.5804246693078,2116.32718539118,0.8673424588315821,0.04676015287400585,,
CAR,PF,50,2529.895088811501,2887.2710765389234,0.8762236110660514,0.0661674948684276,,
CAR,PF,100,4335.679861919469,5010.435655121131,0.8653299154711229,0.11362568852128885,,
CAR,PF,200,6835.372549180338,8172.033588506419,0.8364347105467074,0.18075642181961532,,
CAR,PF,250,7148.368257904253,8411.049016309727,0.8498783260022584,0.18620929262912236,,
CAR,PF,500,7921.4054618720265,9389.455691969591,0.8436490593003036,0.20809973065111492,,
CAR,PF,1000,8796.763593267411,10262.679591433644,0.8571605022737094,0.23025073818645625,,
CAR,PF,2000,0.0003753790560702697,0.00033501259849612835,1.1204923568705962,1.0000000000000106e-08,,
I - Ilocos,EQ,1,175.63398053613244,251.9915157207305,0.6969837061132593,0.0012744594429268113,,
I - Ilocos,EQ,10,219.5424756701651,318.2956808959657,0.6897438100704927,0.001582051326442292,,
I - Ilocos,EQ,25,3512.802022653217,4955.977183637631,0.70880108856249,0.025531032641936204,,
I - Ilocos,EQ,30,5450.38977049003,7461.129448074371,0.7305046519326522,0.03991377258402898,,
I - Ilocos,EQ,50,16249.344474683001,22553.207609838675,0.7204892871909866,0.11879630733583035,,
I - Ilocos,EQ,100,56979.35545091348,77312.09575508122,0.7370044091343699,0.41760131628301855,,
I - Ilocos,EQ,200,115028.3398545839,156242.64718434904,0.7362160199376498,0.8310417833752716,,
I - Ilocos,EQ,250,143403.27982640473,215588.490383255,0.6651713158317241,0.95,143403.27982640473,215588.490383255
I - Ilocos,EQ,500,238775.7596495665,621963.8297613786,0.3839061826813543,0.95,238775.7596495665,621963.8297613786
I - Ilocos,EQ,1000,302515.40802037896,924207.5025456344,0.3273241205975189,0.95,302515.40802037896,924207.5025456344
I - Ilocos,EQ,2000,683666.9776833174,3896608.7926629283,0.17545178745441936,0.95,683666.9776833174,3896608.7926629283
I - Ilocos,HU,1,1327.6074414247805,1581.7029221418074,0.8393532204056673,0.011985128588659208,,
I - Ilocos,HU,10,7182.138118269491,8763.6433351341,0.8195379300154496,0.06465440860135928,,
I - Ilocos,HU,25,20156.283725109148,24420.956612463244,0.8253683115272553,0.1820250530327639,,
I - Ilocos,HU,30,23073.80526147873,27979.38623698744,0.8246716016585186,0.2078927386541636,,
I - Ilocos,HU,50,34227.01407580915,41599.023871645986,0.8227840677564163,0.3111509939979287,,
I - Ilocos,HU,100,53579.05599723894,65370.640683674384,0.8196195637198296,0.4825835074282409,,
I - Ilocos,HU,200,76555.42411141607,90208.12150211926,0.8486533455817229,0.6954841288185631,,
I - Ilocos,HU,250,85469.25770669624,102878.07355766588,0.8307820583244927,0.7654432556894343,,
I - Ilocos,HU,500,120079.04878007273,163513.49341337042,0.7343678266142035,0.95,120079.04878007273,163513.49341337042
I - Ilocos,HU,1000,152820.4842128388,256339.2631457497,0.5961649508446465,0.95,152820.4842128388,256339.2631457497
I - Ilocos,HU,2000,0.0011036450761199904,9.387659165999768e-05,11.75633943035739,1.0000000000000501e-08,,
I - Ilocos,PF,1,305.85219907956053,351.3366635349238,0.8705388045821129,0.002755316861261347,,
I - Ilocos,PF,10,1261.3576983738071,1450.136056977302,0.8698202436280436,0.011367599767941154,,
I - Ilocos,PF,25,3596.7550482441443,4112.6824868048525,0.8745520860859034,0.032358826182027435,,
I - Ilocos,PF,30,4408.57025152951,5026.0497959965805,0.8771441649943631,0.04014698251743203,,
I - Ilocos,PF,50,7166.094140064357,8203.373396191213,0.8735545481071897,0.0640112572411338,,
I - Ilocos,PF,100,12017.430954763091,13736.746205816133,0.8748382458776821,0.10829606396426956,,
I - Ilocos,PF,200,16713.78018486914,18821.901786353712,0.8879963552347827,0.1510977544162042,,
I - Ilocos,PF,250,18033.844566049283,20824.60756560408,0.8659872465417169,0.16265013995342673,,
I - Ilocos,PF,500,23040.72065275627,26066.388169338898,0.8839245584418317,0.20794043191625936,,
I - Ilocos,PF,1000,28520.755805608995,32061.510723976135,0.8895636905930542,0.2561854886933388,,
I - Ilocos,PF,2000,0.0011047342052009038,0.0014843452233584485,0.7442569207056534,1.0000000000000501e-08,,
I - Ilocos,SS,30,410.0541986090342,509.44150483963216,0.8049092873540323,0.003655427978636789,,
I - Ilocos,SS,50,710.4374437171876,888.9498854414109,0.7991872830541147,0.006389076010721812,,
I - Ilocos,SS,100,884.0024477249658,1063.7729611329091,0.8310066903594833,0.007972538609419306,,
I - Ilocos,SS,200,1027.1462238806116,1242.102775427419,0.8269414127403117,0.009305059627475422,,
I - Ilocos,SS,250,1069.6867378955767,1301.8469843033909,0.8216685607394623,0.009659461035134284,,
I - Ilocos,SS,500,1197.091992434895,1459.0574220865772,0.8204557094969922,0.010842934156325592,,
I - Ilocos,SS,1000,1306.800910828308,1550.6076694545252,0.8427669594127676,0.011818319713043495,,
I - Ilocos,SS,2000,29445.990460901845,37772.900918396655,0.7795533238105279,0.2678790589689364,,
II - Cagayan Valley,EQ,1,115.08007229616392,123.926264278538,0.928617294857761,0.0013388957437574605,,
II - Cagayan Valley,EQ,10,198.2471558346659,210.15542766421018,0.9433358825803372,0.0023116911191483234,,
II - Cagayan Valley,EQ,25,2050.8966962053846,2122.453338847085,0.9662858818462554,0.023719107059484767,,
II - Cagayan Valley,EQ,30,2797.5076025734693,2858.499061610843,0.978663117348374,0.03249468885748796,,
II - Cagayan Valley,EQ,50,6426.797588514372,6771.101437983341,0.949150983392812,0.0750344317856193,,
II - Cagayan Valley,EQ,100,14198.926933954304,14784.500847096464,0.9603927167242065,0.16465346591134755,,
II - Cagayan Valley,EQ,200,24427.79587474848,25129.755463987996,0.9720665968976316,0.27865485028745485,,
II - Cagayan Valley,EQ,250,27282.029526396906,27693.30040904787,0.9851490838370208,0.31392957504317365,,
II - Cagayan Valley,EQ,500,39476.805594247664,40421.88069184643,0.9766197148320857,0.4521413858302305,,
II - Cagayan Valley,EQ,1000,49204.40068786782,48204.28310395441,1.020747483823307,0.5629632174969421,,
II - Cagayan Valley,EQ,2000,78253.06150816572,75688.34150329113,1.0338852715482352,0.8970099480446165,,
II - Cagayan Valley,HU,1,2126.3904751291225,1896.374082455613,1.1212927316406165,0.03060628658820838,,
II - Cagayan Valley,HU,10,12351.643955547566,11005.00955812395,1.1223655818117415,0.17966035410971376,,
II - Cagayan Valley,HU,25,26670.0966298803,23383.88555686399,1.1405331489937818,0.3819119643885901,,
II - Cagayan Valley,HU,30,30470.270535601914,26284.838229797417,1.159233709913411,0.4378541098495815,,
II - Cagayan Valley,HU,50,42414.77724583786,35398.11965289844,1.198221195412138,0.6083582178513643,,
II - Cagayan Valley,HU,100,61891.120245471175,52814.534172171785,1.171857732261925,0.8895300969614363,,
II - Cagayan Valley,HU,200,84215.7878112684,97481.22774528892,0.8639180051293349,0.95,84215.7878112684,97481.22774528892
II - Cagayan Valley,HU,250,90878.48181864267,111338.69505754307,0.8162344795910715,0.95,90878.48181864267,111338.69505754307
II - Cagayan Valley,HU,500,119771.87360833555,195191.35225745066,0.6136126023163188,0.95,119771.87360833555,195191.35225745066
II - Cagayan Valley,HU,1000,151585.93060931392,328756.6250053389,0.4610885958780365,0.95,151585.93060931392,328756.6250053389
II - Cagayan Valley,HU,2000,0.0006886482410760436,0.0007060084977930614,0.975410697220664,1.000000000000044e-08,,
II - Cagayan Valley,PF,1,180.20151196829136,139.13154659206035,1.2951880172557118,0.0025789694310427626,,
II - Cagayan Valley,PF,10,620.4232526503285,504.96813492715216,1.2286384223824978,0.00895326724412717,,
II - Cagayan Valley,PF,25,2546.7073352441626,2030.87017963276,1.2539980944053657,0.03638936694579244,,
II - Cagayan Valley,PF,30,3216.3644943677446,2582.0427712150713,1.2456666211048752,0.04628913447119129,,
II - Cagayan Valley,PF,50,6293.2992122488795,5255.985326810063,1.1973585961413589,0.09163194116641203,,
II - Cagayan Valley,PF,100,11475.0254834282,9240.34394097176,1.2418396497718924,0.16516537996000596,,
II - Cagayan Valley,PF,200,17236.180360791448,13506.621295774641,1.2761282028528889,0.2485315781471347,,
II - Cagayan Valley,PF,250,18832.266202059564,14582.838053087693,1.2913992553097111,0.2688676688283548,,
II - Cagayan Valley,PF,500,25041.6451460742,19553.38916655608,1.2806805476415912,0.3569590292920221,,
II - Cagayan Valley,PF,1000,30883.141166933485,22655.51422164349,1.3631622246485977,0.4472375975037445,,
II - Cagayan Valley,PF,2000,0.0006963026110958847,0.0006998905512974535,0.994873569596107,1.000000000000044e-08,,
II - Cagayan Valley,SS,1,243.6536525827497,223.58505295266116,1.0897582345736574,0.0035064252863064144,,
II - Cagayan Valley,SS,10,676.7652664333802,625.463604686875,1.0820218176758476,0.009708537629527041,,
II - Cagayan Valley,SS,25,880.9287565823632,810.7360129155322,1.0865790375024875,0.0128098080212923,,
II - Cagayan Valley,SS,30,911.6756827423,814.7273200224347,1.1189948591845378,0.013121977519940474,,
II - Cagayan Valley,SS,50,1005.6021332619837,916.1834663264206,1.0975990838320857,0.014464602392078647,,
II - Cagayan Valley,SS,100,1129.2639073413236,1052.3264236429377,1.073111804445663,0.016196980454803202,,
II - Cagayan Valley,SS,200,1251.8046955401785,1152.5222873444638,1.086143590701809,0.017922129356632,,
II - Cagayan Valley,SS,250,1282.2119007514725,1146.1786444167435,1.1186841658561455,0.018590475847893563,,
II - Cagayan Valley,SS,500,1369.5658958017113,1280.163466680003,1.0698367290183388,0.019765893256227688,,
II - Cagayan Valley,SS,1000,1524.7538652809158,1351.7090658637412,1.1280192637508124,0.0220678150534588,,
II - Cagayan Valley,SS,2000,0.0006915988224133255,0.0007097957241797985,0.9743631848620948,1.000000000000044e-08,,
III - Central Luzon,EQ,1,332.63398091772035,440.14523069320643,0.7557368743808462,0.0010549455678648153,,
III - Central Luzon,EQ,10,415.79247614715143,540.9879414359816,0.7685799336737243,0.0013059609882004359,,
III - Central Luzon,EQ,25,7571.96831940585,9971.63257904186,0.759350914645655,0.024197383674419717,,
III - Central Luzon,EQ,30,11202.09679137913,14669.747358621462,0.7636189306829214,0.0351588643118996,,
III - Central Luzon,EQ,50,31159.37182309844,41081.79472816542,0.7584715329327072,0.09826351213035886,,
III - Central Luzon,EQ,100,84994.47376051554,109510.31506934944,0.7761321269753557,0.2719395133532383,,
III - Central Luzon,EQ,200,162648.90642725278,207027.63990880045,0.7856386060281741,0.5139764958588078,,
III - Central Luzon,EQ,250,190023.49472989468,244453.55832679122,0.7773398596876502,0.596340382245958,,
III - Central Luzon,EQ,500,269952.4627989182,346016.8728029865,0.7801713847423344,0.8499677638304621,,
III - Central Luzon,EQ,1000,386033.5286507121,563244.3648356696,0.6853748616967342,0.9499999999999604,,
III - Central Luzon,EQ,2000,1067077.8224597306,3632636.0352601768,0.2937475189097231,0.9499999999999604,,
III - Central Luzon,HU,1,2296.213388931537,2797.0709587645683,0.8209349790488498,0.0090914337245877,,
III - Central Luzon,HU,10,8932.431629662686,10866.13303978114,0.8220432785942218,0.035037634501634315,,
III - Central Luzon,HU,25,36152.4016197602,43639.440091424745,0.8284341307775908,0.1440068602418589,,
III - Central Luzon,HU,30,44272.64783974799,53280.5075362482,0.8309351747377421,0.17572375442591953,,
III - Central Luzon,HU,50,72784.0614912391,88053.97500530795,0.8265846202497007,0.2874577190545757,,
III - Central Luzon,HU,100,122689.09411149904,147251.21630054494,0.8331957941935518,0.4847534336499708,,
III - Central Luzon,HU,200,194202.7410062679,237452.66583569397,0.8178587522813789,0.7645697431926213,,
III - Central Luzon,HU,250,218847.0309733931,260451.01283655385,0.8402617774066046,0.8691052048726973,,
III - Central Luzon,HU,500,323777.61431343673,441864.63358699705,0.7327529512490151,0.9499999999999604,,
III - Central Luzon,HU,1000,453932.1926691313,802897.4604254406,0.5653675781071732,0.9499999999999604,,
III - Central Luzon,HU,2000,0.002526035363837325,0.003132585927781015,0.8063738464236341,1.0000000000000804e-08,,
III - Central Luzon,PF,1,1568.9114674684818,1909.1906169809802,0.8217678494300454,0.006187096841466388,,
III - Central Luzon,PF,10,7882.380204994107,9898.492075986258,0.7963213128307453,0.030944490267814838,,
III - Central Luzon,PF,25,13809.164655384686,17383.313035345305,0.7943919911760582,0.0540976910079777,,
III - Central Luzon,PF,30,15291.930198584034,18650.185680851107,0.819934474662355,0.05988451165343148,,
III - Central Luzon,PF,50,20172.732021529548,24975.696719299056,0.8076944658741715,0.07881480843352047,,
III - Central Luzon,PF,100,29100.08950077212,34640.810510583564,0.8400522121698444,0.1142917600855686,,
III - Central Luzon,PF,200,39528.10426051469,46968.261345676394,0.8415918138761038,0.15466314571988046,,
III - Central Luzon,PF,250,43643.286882949666,52663.51616784444,0.8287195777785458,0.17078873685363766,,
III - Central Luzon,PF,500,53770.45328476289,64694.698694988074,0.8311415675381839,0.21047808371414614,,
III - Central Luzon,PF,1000,64555.25604223486,77533.27874940638,0.832613518781819,0.2549130148219005,,
III - Central Luzon,PF,2000,0.0025224888745390014,0.00316766871307222,0.7963234488913836,1.0000000000000804e-08,,
III - Central Luzon,SS,1,76.51433319869764,91.70516148535569,0.8343514362702056,0.00030231875821421,,
III - Central Luzon,SS,10,658.9580684946322,815.1762706850789,0.8083626722117906,0.002598893081271716,,
III - Central Luzon,SS,25,1086.9259359722164,1322.1956562079768,0.8220613423352879,0.0042603924690749135,,
III - Central Luzon,SS,30,1175.6098249806923,1449.2063250017968,0.8112094218048868,0.004598977829884185,,
III - Central Luzon,SS,50,1436.7954521931708,1764.4444180426724,0.8143047394981314,0.0055816613192204954,,
III - Central Luzon,SS,100,1870.4024291184487,2304.3122239736144,0.8116966137050123,0.00730777897051495,,
III - Central Luzon,SS,200,2525.489311789226,3005.411608278723,0.8403139539464413,0.009944462810650385,,
III - Central Luzon,SS,250,2690.4138868149985,3222.780156775957,0.8348114844750896,0.010650509374219042,,
III - Central Luzon,SS,500,3180.1181460831317,3837.5554979369813,0.8286832979464979,0.012569834272238777,,
III - Central Luzon,SS,1000,4021.8305764420006,4855.843517318218,0.8282455071087577,0.01594055990686451,,
III - Central Luzon,SS,2000,0.0025590486423424912,0.0031706619790831483,0.8071023209741468,1.0000000000000804e-08,,
IVA - CALABARZON,EQ,1,316.463143850578,398.26344680633036,0.7946075553463215,0.000757703592011775,,
IVA - CALABARZON,EQ,10,415.9822667166494,519.5689609315476,0.8006295564131174,0.0009950318548144425,,
IVA - CALABARZON,EQ,25,6707.75612221479,8423.157310631737,0.7963470079976113,0.01610296952244443,,
IVA - CALABARZON,EQ,30,10333.66774815605,12771.634647731255,0.8091108173057326,0.02439463956633881,,
IVA - CALABARZON,EQ,50,33649.42809206882,42245.09266349962,0.7965286846474932,0.07976704039879225,,
IVA - CALABARZON,EQ,100,95398.51048821124,121823.02150967474,0.7830909897488876,0.22735218245634306,,
IVA - CALABARZON,EQ,200,193519.2653549377,244263.04819214804,0.7922576369500922,0.4582864932267026,,
IVA - CALABARZON,EQ,250,251277.26994236078,321318.3788382278,0.7820195995351694,0.5949779825494316,,
IVA - CALABARZON,EQ,500,489082.3490356374,712686.3995030437,0.686251834434717,0.9499999999999288,,
IVA - CALABARZON,EQ,1000,582854.7680184739,975497.146117458,0.5974951032284138,0.9499999999999288,,
IVA - CALABARZON,EQ,2000,1570386.1906767092,6077533.187410452,0.25839203871889144,0.9499999999999288,,
IVA - CALABARZON,HU,1,2995.114817027969,3560.2590331681013,0.8412631747086001,0.00892237339402635,,
IVA - CALABARZON,HU,10,8892.612910154361,10630.408356767735,0.8365259933305359,0.026053051005188836,,
IVA - CALABARZON,HU,25,40426.06068236977,47079.45682485203,0.8586772959757236,0.11991754611295505,,
IVA - CALABARZON,HU,30,52313.628516109646,61275.39673778173,0.8537460596130853,0.15404830350417167,,
IVA - CALABARZON,HU,50,88884.87403510844,104646.24366135406,0.8493842772106467,0.2630994518097801,,
IVA - CALABARZON,HU,100,163765.79012933088,192754.8736652865,0.8496064821359879,0.482328735515008,,
IVA - CALABARZON,HU,200,301666.3698819782,353607.30032354797,0.8531112610117374,0.8967457370316837,,
IVA - CALABARZON,HU,250,347352.6134584439,418322.497368437,0.8303464806305015,0.9499999999999288,,
IVA - CALABARZON,HU,500,528410.5143576164,816691.6070064027,0.6470135236169678,0.9499999999999288,,
IVA - CALABARZON,HU,1000,772185.7606532213,1626396.1549627546,0.4747833166581144,0.9499999999999288,,
IVA - CALABARZON,HU,2000,0.003416473549750397,0.004100927263673592,0.8330978166849846,1.0000000000000981e-08,,
IVA - CALABARZON,PF,1,1877.020622924669,2265.183085086898,0.8286396959619988,0.0055146568210515095,,
IVA - CALABARZON,PF,10,9820.396248166213,11910.988458971342,0.8244820555400255,0.029133885906216524,,
IVA - CALABARZON,PF,25,17817.805604038418,21460.231235759707,0.8302709047397486,0.052386250154591,,
IVA - CALABARZON,PF,30,19852.8452695474,23648.942486134365,0.8394813121638457,0.057903702423120235,,
IVA - CALABARZON,PF,50,25812.67245647277,30416.91290782476,0.8486289366279658,0.07640510724619481,,
IVA - CALABARZON,PF,100,35704.00853398713,43030.07093276712,0.8297455188901111,0.10509907272261024,,
IVA - CALABARZON,PF,200,48166.23271777884,57296.480897685906,0.8406490584262771,0.14336599506592887,,
IVA - CALABARZON,PF,250,53464.71299481665,64223.09088959628,0.832484270910069,0.15687115031330814,,
IVA - CALABARZON,PF,500,67085.78219481684,79644.2910178916,0.842317526308903,0.199039827043748,,
IVA - CALABARZON,PF,1000,81596.40559579339,96397.9316404953,0.8464539042196211,0.23866922292600584,,
IVA - CALABARZON,PF,2000,0.0033831255737735953,0.004063690243628761,0.8325254561608907,1.0000000000000981e-08,,
IVA - CALABARZON,SS,1,235.8933449226622,271.1714126781016,0.8699049158352219,0.0006934077122333247,,
IVA - CALABARZON,SS,10,2051.7296735998325,2354.850813326478,0.8712779858446936,0.006062555583138675,,
IVA - CALABARZON,SS,25,2907.0147747025026,3334.411115915655,0.8718225418656013,0.008575017907337477,,
IVA - CALABARZON,SS,30,3188.219645584561,3677.697595712129,0.8669064170207318,0.009360873792291594,,
IVA - CALABARZON,SS,50,3978.0405397990667,4527.375352379481,0.878663735647256,0.011795289349736471,,
IVA - CALABARZON,SS,100,4790.427067838398,5488.037932647726,0.8728851962448513,0.01409651023718639,,
IVA - CALABARZON,SS,200,5817.940830736336,6613.037800164358,0.8797682708832752,0.017169635606173763,,
IVA - CALABARZON,SS,250,6313.949158750969,7267.8638375985975,0.8687489611579166,0.018774179848042947,,
IVA - CALABARZON,SS,500,7060.349337359784,8102.302989048831,0.8714003101220277,0.02072316913611741,,
IVA - CALABARZON,SS,1000,7798.490147524688,8888.441563381799,0.8773742946854212,0.022980006398583386,,
IVA - CALABARZON,SS,2000,0.0034297795842987326,0.004127934560269779,0.830870628936177,1.0000000000000981e-08,,
IVB - MIMAROPA,EQ,1,77.07049356763594,193.89000580982346,0.397495957802128,0.0008172991390862362,,
IVB - MIMAROPA,EQ,10,99.65609927633513,254.6744976239168,0.3913077289093129,0.001040824185136445,,
IVB - MIMAROPA,EQ,25,887.3673953243242,2220.4537707644517,0.39963335738299294,0.009383656030824066,,
IVB - MIMAROPA,EQ,30,1290.506311983568,3220.6275960016333,0.40070025903824297,0.013620789676700759,,
IVB - MIMAROPA,EQ,50,3101.213018639611,7798.805982335065,0.3976522849349135,0.032801773609647734,,
IVB - MIMAROPA,EQ,100,7921.888306880151,19584.83952682221,0.4044908458928556,0.08268058708087356,,
IVB - MIMAROPA,EQ,200,17567.935197355477,43448.592213216834,0.4043384216258083,0.1838116531418469,,
IVB - MIMAROPA,EQ,250,21417.540347089747,51537.89002358917,0.41556882397177736,0.2217139130472476,,
IVB - MIMAROPA,EQ,500,34485.141325749304,80866.7700616658,0.42644390643341257,0.3633016747306663,,
IVB - MIMAROPA,EQ,1000,46724.90503866704,109139.86703174056,0.4281194975716645,0.4872006266015571,,
IVB - MIMAROPA,EQ,2000,39300.72241424495,74144.78121434587,0.5300537916570298,0.4106105676275973,,
IVB - MIMAROPA,HU,1,216.66081050441062,477.5303976728973,0.4537110340205415,0.0027706460944356697,,
IVB - MIMAROPA,HU,10,814.7593117431311,1881.9199625600147,0.4329404692826561,0.010529556479784962,,
IVB - MIMAROPA,HU,25,3097.850442059745,6882.915214404919,0.45007825108413424,0.0393919095345173,,
IVB - MIMAROPA,HU,30,3843.9880549144877,8788.369766675714,0.4373948931336913,0.049050260512258616,,
IVB - MIMAROPA,HU,50,6362.290835035781,13730.598879689402,0.46336586559578397,0.0819442738497298,,
IVB - MIMAROPA,HU,100,11965.517432944473,25867.832417401543,0.462563590171365,0.15149299140495076,,
IVB - MIMAROPA,HU,200,18609.277525657777,41087.83340752024,0.4529145487201998,0.23952788102042755,,
IVB - MIMAROPA,HU,250,21207.09451816848,45302.40546566676,0.4681229241621762,0.27770938040892473,,
IVB - MIMAROPA,HU,500,31431.023175247818,69771.26739126361,0.4504866308216647,0.4088587344646611,,
IVB - MIMAROPA,HU,1000,48536.38739707197,105457.71688260917,0.4602450046505416,0.6282722471199895,,
IVB - MIMAROPA,HU,2000,0.000769342541618524,0.0016955761509096685,0.4537351750352088,9.999999999999913e-09,,
IVB - MIMAROPA,PF,1,30.13507557527037,64.67710263116611,0.4659311309463191,0.0003843217633174747,,
IVB - MIMAROPA,PF,10,92.04814225697343,200.600674798528,0.4588625753598357,0.0011708245297769432,,
IVB - MIMAROPA,PF,25,396.48389602786864,807.5186465130467,0.4909903910453698,0.005089292685733268,,
IVB - MIMAROPA,PF,30,523.1918066570292,1056.5097232459702,0.4952077535544109,0.006736192279371127,,
IVB - MIMAROPA,PF,50,1052.5548801674558,2123.012706703249,0.4957835988659393,0.013465765627206543,,
IVB - MIMAROPA,PF,100,2144.1915862223705,4358.054160427688,0.492006640415856,0.027899549314753157,,
IVB - MIMAROPA,PF,200,3462.5354941182586,6980.138846661138,0.4960553894675776,0.04461898692060565,,
IVB - MIMAROPA,PF,250,3935.501003708756,7690.662286828827,0.5117245897598142,0.05057764039683978,,
IVB - MIMAROPA,PF,500,5331.580316503105,10739.226987590013,0.49645848091898503,0.06804398644578777,,
IVB - MIMAROPA,PF,1000,6913.525594736979,14169.84373282772,0.4879041523034017,0.0875743588877222,,
IVB - MIMAROPA,PF,2000,2764.054081181607,4405.958928074739,0.6273444955578398,0.03574167958760252,,
IVB - MIMAROPA,SS,1,6.39990784402768,13.418695074362669,0.4769396583319894,8.131521551821179e-05,,
IVB - MIMAROPA,SS,10,28.95626988417867,68.96390089182738,0.41987575397739946,0.0003779737313647188,,
IVB - MIMAROPA,SS,25,231.7458861349076,481.3818434001205,0.4814180038408352,0.003012547188097848,,
IVB - MIMAROPA,SS,30,291.8559100102287,605.1105379222269,0.4823183397406642,0.003743860844498246,,
IVB - MIMAROPA,SS,50,931.6877731553633,2071.0706117647896,0.44985804340174507,0.012032742667548502,,
IVB - MIMAROPA,SS,100,1183.3762870240196,2658.203542475807,0.44517895944185015,0.015072889663063478,,
IVB - MIMAROPA,SS,200,1361.257733904166,3004.6696561562103,0.4530473861294906,0.017996290826207673,,
IVB - MIMAROPA,SS,250,1403.6767320506433,3079.8600447124363,0.45575990846093895,0.01781042499470101,,
IVB - MIMAROPA,SS,500,1547.8751300491233,3412.22796873208,0.4536259430006034,0.019788241904244545,,
IVB - MIMAROPA,SS,1000,1737.3612700368476,3753.254592685401,0.4628945964451056,0.02251202786966284,,
IVB - MIMAROPA,SS,2000,10433.193371785212,22284.082111942807,0.4681904024305179,0.1353254086772506,,
IX - Zamboanga Peninsula,EQ,1,26.77815669385597,77.46310458551194,0.3456891746998782,0.00027465075894934915,,
IX - Zamboanga Peninsula,EQ,10,33.472695867320034,97.42543170156077,0.3435724664772905,0.00034815356522243166,,
IX - Zamboanga Peninsula,EQ,25,420.62063171985534,1110.167129600569,0.3788804590811402,0.004287225805351029,,
IX - Zamboanga Peninsula,EQ,30,606.3343369784658,1595.2174266709396,0.3800951060595077,0.006244881851543967,,
IX - Zamboanga Peninsula,EQ,50,1705.9490363573966,4509.227191964758,0.3783240372978592,0.01749594588432406,,
IX - Zamboanga Peninsula,EQ,100,5169.049757323367,13539.433834230464,0.38177739339845584,0.05393610048445052,,
IX - Zamboanga Peninsula,EQ,200,9879.56573302707,25104.60679028991,0.3935359679422798,0.10088216095632356,,
IX - Zamboanga Peninsula,EQ,250,11402.83360989252,28657.983358056234,0.3978937899231835,0.11816636061163666,,
IX - Zamboanga Peninsula,EQ,500,15906.410728845982,39941.78538458533,0.3982398527178687,0.16554162922494706,,
IX - Zamboanga Peninsula,EQ,1000,19279.67503581406,48050.17539666383,0.4012404715832248,0.19756976152378186,,
IX - Zamboanga Peninsula,EQ,2000,46586.91028976152,103173.39297866623,0.4515399653415931,0.4836808333119527,,
IX - Zamboanga Peninsula,HU,1,0.0012361008344997336,0.0031461351668867683,0.3928950184689321,1.5526110702851027e-08,,
IX - Zamboanga Peninsula,HU,10,0.001545126043124667,0.003885110405576399,0.3977045390799983,1.945973918451369e-08,,
IX - Zamboanga Peninsula,HU,25,4.826990798607072,11.294012625228467,0.4273937845460329,6.060007252081574e-05,,
IX - Zamboanga Peninsula,HU,30,8.029770303997147,19.226239896317093,0.41764642214494063,0.0001007353323831414,,
IX - Zamboanga Peninsula,HU,50,30.16059308517148,70.85293645576576,0.4256788016683127,0.0003809612608588877,,
IX - Zamboanga Peninsula,HU,100,108.96324608538231,253.31137199087098,0.4301553666106598,0.0013612600397485688,,
IX - Zamboanga Peninsula,HU,200,350.13786477218144,818.8478754224321,0.4275981843288661,0.0044232786071596464,,
IX - Zamboanga Peninsula,HU,250,442.0994010625892,1009.8098608587084,0.4378045988644265,0.005634129436746383,,
IX - Zamboanga Peninsula,HU,500,987.0042137428056,2350.447295331179,0.4199218658096889,0.012440918038461054,,
IX - Zamboanga Peninsula,HU,1000,1890.283531361676,4253.911189304496,0.4443636567012423,0.023908123762270625,,
IX - Zamboanga Peninsula,HU,2000,8917.049518258571,20733.255942354586,0.43008437956155865,0.11245933870107924,,
IX - Zamboanga Peninsula,PF,1,0.09801892314522996,0.06292507031780953,1.5577085992939752,1.2442490578516618e-06,,
IX - Zamboanga Peninsula,PF,10,0.1225236539315375,0.0794832011624469,1.5415037660741038,1.533259928890095e-06,,
IX - Zamboanga Peninsula,PF,25,15.29310579608841,40.09861342661121,0.3813873969502205,0.0001921771459078531,,
IX - Zamboanga Peninsula,PF,30,22.11173202339748,58.50878664760495,0.3779215617061957,0.00028235321074720777,,
IX - Zamboanga Peninsula,PF,50,67.30127320448298,176.32261961498642,0.3816939275938636,0.0008425550492105463,,
IX - Zamboanga Peninsula,PF,100,184.29744362828131,449.9343245326135,0.4096096554085472,0.0023227112828444717,,
IX - Zamboanga Peninsula,PF,200,477.3425478001343,1110.8710610786577,0.42970112781283,0.0060380001819679285,,
IX - Zamboanga Peninsula,PF,250,608.6387576826412,1366.2772902412614,0.4454723517911696,0.007652456373518746,,
IX - Zamboanga Peninsula,PF,500,1062.0351296064732,2358.130461884087,0.4503716595721909,0.01341849776859316,,
IX - Zamboanga Peninsula,PF,1000,1586.8488059434933,3362.165540631759,0.471972241332686,0.01989758598372053,,
IX - Zamboanga Peninsula,PF,2000,5856.6344904403395,13531.741668266743,0.43280714589569214,0.07299756257869512,,
IX - Zamboanga Peninsula,SS,200,17.526961964192655,45.00926191431829,0.3894078955917516,0.00021735931960225826,,
IX - Zamboanga Peninsula,SS,250,19.043309414139163,47.71169770673415,0.3991329239883941,0.00024003071502859386,,
IX - Zamboanga Peninsula,SS,500,120.99514063039793,264.3537160382975,0.4577016825928374,0.0015448218139533561,,
IX - Zamboanga Peninsula,SS,1000,309.24292677959727,701.5002568036749,0.4408308105098006,0.003899569270754632,,
IX - Zamboanga Peninsula,SS,2000,799.5676178156732,1932.6806195159336,0.4137091300765132,0.010047780335065766,,
NCR,EQ,1,137.79013343950658,69.97422670275935,1.9691555009935249,0.0002960585715089005,,
NCR,EQ,10,172.2376667993839,85.41370554090891,2.0165108832199143,0.0003732048999263735,,
NCR,EQ,25,6059.4539970673495,3057.704127135149,1.981700565235731,0.013106854925341523,,
NCR,EQ,30,10251.68588383173,5542.298302766779,1.8497174500177969,0.02213979436668961,,
NCR,EQ,50,34565.51600974906,18380.411447308816,1.880562690821048,0.07420022264718644,,
NCR,EQ,100,104268.67533014977,53723.25078051548,1.940848214046761,0.225366651297438,,
NCR,EQ,200,206434.4386275644,105543.76608501619,1.9559131371272087,0.4452876117995345,,
NCR,EQ,250,240673.0128374995,123833.74483340248,1.943517198492904,0.5214303458915444,,
NCR,EQ,500,417396.01315742906,220696.6752153786,1.8912655242771144,0.9167697994512556,,
NCR,EQ,1000,541010.5670130189,335430.06807258324,1.6128863167268308,0.9499999999999298,,
NCR,EQ,2000,1737207.5493629838,4456820.448233977,0.3897862993451655,0.9499999999999298,,
NCR,HU,1,1309.675854962906,575.2107423450748,2.276862649719463,0.0035502527904487397,,
NCR,HU,10,3816.410153353484,1759.8003451225989,2.168660873337656,0.01033003392607412,,
NCR,HU,25,18085.084644727005,8367.477035133534,2.1613545598979216,0.048973836320412266,,
NCR,HU,30,22977.203476938248,10693.626661430924,2.148682033178784,0.06192203899425239,,
NCR,HU,50,41155.53959309558,18933.872782992243,2.1736461454449203,0.1111766925246828,,
NCR,HU,100,73780.14421726584,33944.96742240468,2.173522316258544,0.2000543380995645,,
NCR,HU,200,115281.32830476375,53864.66967929876,2.1402030123108435,0.31182422876349875,,
NCR,HU,250,127336.24175336158,57461.717294215676,2.216018729502533,0.3448946894302477,,
NCR,HU,500,206739.8502915689,95760.49361180117,2.158926322264603,0.5576231137994703,,
NCR,HU,1000,325033.1102003202,147141.42336882962,2.208984409411219,0.8771093335876946,,
NCR,HU,2000,0.00374992561768893,0.001794072066988876,2.0901755769391737,1.0000000000000976e-08,,
NCR,PF,1,5158.603002265572,2278.11082012728,2.2644214481090765,0.013868606783249946,,
NCR,PF,10,29234.64164976922,13271.608457501952,2.2027956704256098,0.07898294927458059,,
NCR,PF,25,43192.45549958528,19735.596844661915,2.188555828311216,0.116197223541076,,
NCR,PF,30,45756.67783521672,21489.288302103607,2.1292784196458263,0.12349941933694075,,
NCR,PF,50,52516.701064377245,24105.070950016576,2.1786578091088806,0.1430281454699334,,
NCR,PF,100,61828.550357226035,28394.004849142853,2.1775213002082903,0.16665802940906574,,
NCR,PF,200,71132.34218109015,32386.533306398363,2.1963555502569667,0.1944566783166416,,
NCR,PF,250,74544.94113597905,34586.404650877834,2.15532495755054,0.19972961508120304,,
NCR,PF,500,87104.47855185434,39048.6283212433,2.230666794112909,0.23397925147378376,,
NCR,PF,1000,98871.21582796807,45515.55395144979,2.1722511810672747,0.2678539341469471,,
NCR,PF,2000,0.003742060522380711,0.0017947537601963484,2.08499940513919,1.0000000000000976e-08,,
NCR,SS,1,0.0396444347994032,0.0016956292515624555,23.38036735499368,1.0684342198617234e-07,,
NCR,SS,10,0.04955554349925402,0.0021274652418632268,23.29323296292891,1.3393673140521246e-07,,
NCR,SS,25,1.1045579415891744,0.3667752535715727,3.011538894277202,2.9773149469343363e-06,,
NCR,SS,30,1.3526296461672935,0.4442438788361383,3.0447907345645566,3.662727177793431e-06,,
NCR,SS,50,195.2399313127126,89.32567423855266,2.1857090134165227,0.000527534149592045,,
NCR,SS,100,2835.5036771742907,1255.7143296761842,2.258080209935561,0.007611261258727172,,
NCR,SS,200,5531.088308022738,2493.3635944158336,2.2183240023277104,0.015078318399522709,,
NCR,SS,250,5939.6810965225,2573.391223989611,2.308114305027442,0.016090421002076374,,
NCR,SS,500,7560.146467591892,3405.4640282754326,2.220004793713953,0.020347872808913644,,
NCR,SS,1000,10924.275413728346,4959.937717410113,2.202502538566669,0.029100409970754988,,
NCR,SS,2000,48134.99142869138,21255.076843588064,2.2646350226304683,0.12885746661929606,,
V - Bicol,EQ,1,89.67500994283863,477.1712229210002,0.1879304652822392,0.0006521827507263747,,
V - Bicol,EQ,10,112.42155816185499,604.9153116938162,0.18584677224827506,0.0008199643993470049,,
V - Bicol,EQ,25,1438.897426489429,7709.40758999919,0.18664176328619564,0.010552753620164985,,
V - Bicol,EQ,30,2111.409374388544,11155.365127939023,0.18927299556519595,0.01542726047915782,,
V - Bicol,EQ,50,5424.717569959348,29081.815232715064,0.18653297693250284,0.03959213644847631,,
V - Bicol,EQ,100,14438.77370538955,76422.2861778068,0.18893407182030367,0.10526177265165873,,
V - Bicol,EQ,200,30997.286793626383,161012.92304181072,0.1925142790282568,0.22530080904096986,,
V - Bicol,EQ,250,39639.63930840665,204036.43207315245,0.19427726169116105,0.2875120483160924,,
V - Bicol,EQ,500,63232.36566672367,327621.13369752234,0.19300453836138434,0.4607176753149879,,
V - Bicol,EQ,1000,89297.33360202573,467608.8873891968,0.1909658605947376,0.6548710545904893,,
V - Bicol,EQ,2000,175623.1438985081,1099697.360078932,0.15970134172723902,0.95,175623.1438985081,1099697.360078932
V - Bicol,HU,1,1300.1430734697553,6501.985196155554,0.19996094027382505,0.011642512981397164,,
V - Bicol,HU,10,5376.348705680923,27135.3619405732,0.19813071657032613,0.048593661116082924,,
V - Bicol,HU,25,19079.257295679505,94022.94587976077,0.20292128817234265,0.1701845889203184,,
V - Bicol,HU,30,23140.512416658905,114147.65086170242,0.20272438584562025,0.20774761729454655,,
V - Bicol,HU,50,37458.81930090784,186041.08068113308,0.20134703133180967,0.3338921652480452,,
V - Bicol,HU,100,67487.12375724106,334418.18259192485,0.20180458859676445,0.6081850765476547,,
V - Bicol,HU,200,122622.30517592153,664264.3262703844,0.18459866099449232,0.95,122622.30517592153,664264.3262703844
V - Bicol,HU,250,144436.26616205333,846654.4588854387,0.17059647492105995,0.95,144436.26616205333,846654.4588854387
V - Bicol,HU,500,219196.95455771164,1713671.2774391526,0.12791073611578035,0.95,219196.95455771164,1713671.2774391526
V - Bicol,HU,1000,295315.4962644528,2537248.297659168,0.11639203641870885,0.95,295315.4962644528,2537248.297659168
V - Bicol,HU,2000,0.0011160479784357961,0.00621837488326388,0.17947582758954034,1.0000000000000556e-08,,
V - Bicol,PF,1,187.86232289147785,979.181055552408,0.1918565742527512,0.0016880677543004447,,
V - Bicol,PF,10,827.7130643651477,4307.355556302644,0.19216269786551865,0.0074045966718511705,,
V - Bicol,PF,25,1966.167757468756,9938.72275567571,0.1978290174505508,0.017630967737031652,,
V - Bicol,PF,30,2305.209760831885,11465.816240993596,0.20105064588337776,0.02068311130985201,,
V - Bicol,PF,50,3593.9771831375465,17581.326986049666,0.2044201319951148,0.03218940777330668,,
V - Bicol,PF,100,6576.403542515352,32077.05324750833,0.2050189427243037,0.059169032186560486,,
V - Bicol,PF,200,10173.439205316688,49121.26698799824,0.2071086482317803,0.09131363446495952,,
V - Bicol,PF,250,11109.559995438467,52945.80008532066,0.20982891896119668,0.09994994758145613,,
V - Bicol,PF,500,14785.271376464914,70920.31118248065,0.2084772490411365,0.13420266061948996,,
V - Bicol,PF,1000,18365.807085772216,87876.48582882872,0.20899569335927107,0.1623355962251059,,
V - Bicol,PF,2000,1270.8111231837572,3602.196676019495,0.35278782295364025,0.011382336457429948,,
V - Bicol,SS,1,937.2768559156584,4650.518737123028,0.20154243190846505,0.0084857996955317,,
V - Bicol,SS,10,3690.1866396920786,18427.253887685907,0.20025700314239767,0.033129695217652695,,
V - Bicol,SS,25,5689.8187399111775,28103.76553672717,0.20245752237277548,0.050968990474356116,,
V - Bicol,SS,30,6081.886500822643,29953.595738065138,0.20304361967113546,0.05439020670545162,,
V - Bicol,SS,50,7214.878120728186,35091.963897298636,0.205599154890376,0.06459528109008086,,
V - Bicol,SS,100,8937.3079693107,43100.54631818557,0.2073595054534088,0.08075222553571851,,
V - Bicol,SS,200,10389.757291972588,49443.375903933964,0.21013446396053886,0.09276305389820808,,
V - Bicol,SS,250,10802.498922672188,51236.44461616747,0.2108362319750715,0.09753122215761513,,
V - Bicol,SS,500,12174.122256781728,58757.15627610492,0.2071938641750204,0.10946216951665934,,
V - Bicol,SS,1000,13453.933526858911,64499.33030474952,0.2085902824617112,0.1207794958388418,,
V - Bicol,SS,2000,0.0011080767223147527,0.004986006883152835,0.22223730297260946,1.0000000000000556e-08,,
VI - Western Visayas,EQ,1,60.11439473319918,168.58576296208176,0.3565804945624032,0.00026240884549299837,,
VI - Western Visayas,EQ,10,75.14299341649857,209.23587285117765,0.3591305467487654,0.00033180734662716663,,
VI - Western Visayas,EQ,25,1618.2924592367813,4431.449534475236,0.3651835469741881,0.007081330324630036,,
VI - Western Visayas,EQ,30,2454.208228453421,6868.938454821992,0.3572907581855779,0.010699934056895651,,
VI - Western Visayas,EQ,50,6943.464114711628,18599.45747406541,0.3733154111830096,0.03045031346919849,,
VI - Western Visayas,EQ,100,26851.395287100455,73614.30118925127,0.3647578643458092,0.1186732666523287,,
VI - Western Visayas,EQ,200,61901.29794661088,166070.65800878298,0.3727407278854589,0.2660211714108886,,
VI - Western Visayas,EQ,250,76128.42796027352,204157.36068446536,0.37289092935489854,0.33786296033249524,,
VI - Western Visayas,EQ,500,117699.957165221,308469.4035331577,0.3815612045055525,0.5171613757470971,,
VI - Western Visayas,EQ,1000,155066.92890204952,400532.88776928326,0.3871515514385721,0.6872387985451837,,
VI - Western Visayas,EQ,2000,488970.9614164531,2465772.8939349875,0.1983033241297953,0.94999999999998,,
VI - Western Visayas,HU,1,216.7149765844356,551.0556307868345,0.3932724111266139,0.0011790762017819154,,
VI - Western Visayas,HU,10,644.6167952406902,1604.9983052038751,0.4016308261202852,0.003501158237941662,,
VI - Western Visayas,HU,25,2720.783657262833,6754.878624002347,0.4027879416803992,0.01484459440180339,,
VI - Western Visayas,HU,30,3431.594205768815,8455.451446523835,0.40584399632258494,0.018929037713100567,,
VI - Western Visayas,HU,50,6081.02572594611,15154.143456787457,0.4012780889455321,0.033547348751283165,,
VI - Western Visayas,HU,100,11699.206685932824,29120.657281713167,0.4017494032759882,0.06339844567117071,,
VI - Western Visayas,HU,200,18883.4422946968,46060.633295715226,0.4099692284615945,0.10313378784851657,,
VI - Western Visayas,HU,250,22572.00153113477,55362.369953935595,0.4077137873598233,0.12083483031614255,,
VI - Western Visayas,HU,500,40957.530138994465,99614.8081498837,0.4111590525513879,0.22233082050661304,,
VI - Western Visayas,HU,1000,66728.20913846589,162792.05295021535,0.4098984436228748,0.3633612423141116,,
VI - Western Visayas,HU,2000,139.52147881717187,24.58999709906238,5.673911967337802,0.00076961847991292,,
VI - Western Visayas,PF,1,186.27478834276192,467.06089023930906,0.3988233488085887,0.0010115980573178398,,
VI - Western Visayas,PF,10,1125.9445946105627,2983.7015090389227,0.3773650250199592,0.0061377594562695755,,
VI - Western Visayas,PF,25,2431.4814633189885,6267.612490898748,0.3879438090420815,0.013211239881527491,,
VI - Western Visayas,PF,30,2738.769869875633,7139.383325005021,0.3836143466738015,0.014872665201373574,,
VI - Western Visayas,PF,50,3876.8555106757744,9781.35676861482,0.3963515085264386,0.020683381966820544,,
VI - Western Visayas,PF,100,6285.120166352664,14949.467486076235,0.4204243510483936,0.0338487399043299,,
VI - Western Visayas,PF,200,9471.589335257093,22204.0101053382,0.4265711144213528,0.05103567043203106,,
VI - Western Visayas,PF,250,10897.006277000175,25504.283133978173,0.4272618140159604,0.0597919226672439,,
VI - Western Visayas,PF,500,14439.415590223683,33703.20888143564,0.4284285107990766,0.07834416246410761,,
VI - Western Visayas,PF,1000,17950.048840660846,40853.924383218015,0.4393714707132119,0.0971781143802241,,
VI - Western Visayas,PF,2000,2559.471262347652,4028.2341087326795,0.6353829477782972,0.013797016136912487,,
VI - Western Visayas,SS,1,121.10624324506023,272.31689891443745,0.4447254053194549,0.0006489985495499736,,
VI - Western Visayas,SS,10,1173.2107517176682,2642.1359282997173,0.4440387563529557,0.006334640375533089,,
VI - Western Visayas,SS,25,2407.628373032197,5162.831063569438,0.4663387864889056,0.012987708406406246,,
VI - Western Visayas,SS,30,2793.669449021075,6220.521147363407,0.4491053696047931,0.015001140156672085,,
VI - Western Visayas,SS,50,3804.5037620429243,8475.91118491662,0.4488607394581082,0.020615096825103645,,
VI - Western Visayas,SS,100,5648.070492892884,12999.5838337578,0.4344808699356794,0.030221272551416274,,
VI - Western Visayas,SS,200,11792.198183425526,29233.318172990763,0.4033821310890589,0.06404900270656384,,
VI - Western Visayas,SS,250,13402.848486416482,32857.655798527914,0.4079064120885019,0.07309753816178248,,
VI - Western Visayas,SS,500,17524.389354664516,44190.01643976024,0.3965689711510685,0.0948113034419292,,
VI - Western Visayas,SS,1000,20971.196077053995,51911.96145522519,0.4039761836998194,0.11326981238952435,,
VI - Western Visayas,SS,2000,2214.11699661528,4814.614630949124,0.4598741885555235,0.012167068386639055,,
VII - Central Visayas,EQ,1,26.712125795179983,82.35654718296203,0.32434732524466736,0.00014029013707572214,,
VII - Central Visayas,EQ,10,33.390157243974905,101.94407276303744,0.32753407176097643,0.0001786436167724333,,
VII - Central Visayas,EQ,25,644.723394470881,1986.5719559849606,0.3245406704391038,0.0033945113555305232,,
VII - Central Visayas,EQ,30,1106.665625756134,3463.9738167118376,0.31947863474517585,0.00576766893611104,,
VII - Central Visayas,EQ,50,3027.9038151083173,9501.966884606018,0.31866074170535946,0.0158222550755275,,
VII - Central Visayas,EQ,100,8281.214111456698,25789.200951842267,0.3211116981453094,0.04336124421624669,,
VII - Central Visayas,EQ,200,22440.92663128806,68987.88299589037,0.32528794415426365,0.11662672773350813,,
VII - Central Visayas,EQ,250,30206.590907754577,95393.38206425637,0.3166528982839461,0.15798008480639736,,
VII - Central Visayas,EQ,500,48808.995297366644,153031.68924576862,0.3189469810986631,0.2559965298705725,,
VII - Central Visayas,EQ,1000,99498.25070625293,308925.21071045107,0.3220787661759029,0.526265837994202,,
VII - Central Visayas,EQ,2000,292192.29768253,1205169.3210863587,0.24244916674375944,0.9499999999999996,,
VII - Central Visayas,HU,1,301.69056234283363,908.5310973193718,0.3320641013092165,0.001963709621252029,,
VII - Central Visayas,HU,10,829.6353529413786,2521.8057641345845,0.3289846366205317,0.005408410338093256,,
VII - Central Visayas,HU,25,3597.458331605122,10958.389173495969,0.3282834981172195,0.023286247989098383,,
VII - Central Visayas,HU,30,4577.554369378917,14118.68956404974,0.32421949279447937,0.02993745556337636,,
VII - Central Visayas,HU,50,8254.112457198324,25200.642133195128,0.3275357990313164,0.05341713740687936,,
VII - Central Visayas,HU,100,15406.190690271409,46903.83163363813,0.32846337183298496,0.10036978836205346,,
VII - Central Visayas,HU,200,27287.6246393022,83332.09928415746,0.3274563448384161,0.17714909836070009,,
VII - Central Visayas,HU,250,31427.53669716424,93609.46829314633,0.3357303194880472,0.2037221631820328,,
VII - Central Visayas,HU,500,47001.153412184736,143734.72922313903,0.32699928309753484,0.30723152362614314,,
VII - Central Visayas,HU,1000,94194.72873553504,285862.47996436537,0.3295106400366953,0.6096466074568375,,
VII - Central Visayas,HU,2000,1849.7180489121968,3118.0157985359137,0.5932356243290189,0.011769368643722805,,
VII - Central Visayas,PF,1,619.1607190316159,1931.427498296003,0.3205715563115204,0.003997115885282964,,
VII - Central Visayas,PF,10,4534.959934059474,14140.393058692807,0.320709609360654,0.029448801123094188,,
VII - Central Visayas,PF,25,8441.545203246375,26287.497269323998,0.3211239593012597,0.05495020716474057,,
VII - Central Visayas,PF,30,9173.413706703412,28910.439076631093,0.31730454464520635,0.05966427885923339,,
VII - Central Visayas,PF,50,11507.057014775944,35532.03342496404,0.3238502248703655,0.07507379329768142,,
VII - Central Visayas,PF,100,14901.178284358335,45671.06971775076,0.3262717159122455,0.09631197634709564,,
VII - Central Visayas,PF,200,18157.73121429012,55569.253892758185,0.32675859296819604,0.11827619743451087,,
VII - Central Visayas,PF,250,19484.795640555265,59446.32092868495,0.3277712621430397,0.12566889232429052,,
VII - Central Visayas,PF,500,22640.082389252402,68125.23457335818,0.33233034030691305,0.14778169623336587,,
VII - Central Visayas,PF,1000,24478.75743352996,75004.21651919239,0.3263650841185206,0.15795841632455684,,
VII - Central Visayas,PF,2000,1860.902264178532,5840.380282453513,0.3186268999930217,0.01200413240821537,,
VII - Central Visayas,SS,1,156.8841440107221,488.15698378873617,0.3213805173759804,0.0010178495855837056,,
VII - Central Visayas,SS,10,344.15394638332015,1017.6654542947592,0.33817984577438404,0.0022446034957282666,,
VII - Central Visayas,SS,25,6124.1177955542835,18913.61667088023,0.3237941162772478,0.03973556775499799,,
VII - Central Visayas,SS,30,6974.454851357385,21916.896085551693,0.3182227457817426,0.04535143193733484,,
VII - Central Visayas,SS,50,8484.413672002092,25971.799443449127,0.3266779296704495,0.055160257341299236,,
VII - Central Visayas,SS,100,10237.559206823029,32034.27486613215,0.3195814248833384,0.06599727671705026,,
VII - Central Visayas,SS,200,11587.995924146084,36215.25095147421,0.3199755798923816,0.07534988332410303,,
VII - Central Visayas,SS,250,12495.186500062131,38334.071581022596,0.3259551095075409,0.0816373399287531,,
VII - Central Visayas,SS,500,14407.964006544375,44376.916268461835,0.3246724923242119,0.0937520984005554,,
VII - Central Visayas,SS,1000,16675.87426237389,51818.618321429014,0.3218124064778039,0.10829384411905732,,
VII - Central Visayas,SS,2000,11043.288983197262,28290.83187825061,0.3903486836556089,0.07123913588810872,,
VIII - Eastern Visayas,EQ,1,168.59870670612216,644.775788205344,0.2614842396228872,0.0016958669643067689,,
VIII - Eastern Visayas,EQ,10,286.10867605983,1122.0397683714884,0.25498978211359097,0.002924326975136829,,
VIII - Eastern Visayas,EQ,25,2169.7667159490047,8335.576827341027,0.2603019276161048,0.021769067426498912,,
VIII - Eastern Visayas,EQ,30,3040.0687662053992,11577.755912057251,0.2625784123708659,0.03037748900334078,,
VIII - Eastern Visayas,EQ,50,6893.211147151278,25694.63003382198,0.2682743879977142,0.06974771894955194,,
VIII - Eastern Visayas,EQ,100,16223.333952857023,60743.92204059747,0.26707748541515564,0.16127111229604446,,
VIII - Eastern Visayas,EQ,200,29828.247047810688,110411.47824564652,0.2701553092283393,0.2989042127331816,,
VIII - Eastern Visayas,EQ,250,35608.35168865101,129715.7480933661,0.2745106296809931,0.3568867401896817,,
VIII - Eastern Visayas,EQ,500,47898.330657497565,177965.27478733074,0.2691442513981239,0.4812113189028814,,
VIII - Eastern Visayas,EQ,1000,58851.77154608213,211407.96128485526,0.2783801101358905,0.5966574725027054,,
VIII - Eastern Visayas,EQ,2000,28741.8176109823,70966.49709737979,0.4050054432240464,0.2873870858642979,,
VIII - Eastern Visayas,HU,1,676.3030358950582,2440.0543941356113,0.2771671965676153,0.008277084453257066,,
VIII - Eastern Visayas,HU,10,3334.352602348865,11955.619641832676,0.2788941687875362,0.04133280810509167,,
VIII - Eastern Visayas,HU,25,10260.496093653017,36096.79716403554,0.2842494874829475,0.12703355889761278,,
VIII - Eastern Visayas,HU,30,12118.476322365965,43182.29426299862,0.2806353050294008,0.1486166274861647,,
VIII - Eastern Visayas,HU,50,18819.90393720826,65330.972419101425,0.2880701639718087,0.2347389495661717,,
VIII - Eastern Visayas,HU,100,31672.699625725254,110351.13496848544,0.2870174342544867,0.383796356274276,,
VIII - Eastern Visayas,HU,200,52680.63319016262,184737.97993018167,0.2851640643146163,0.6538411776254481,,
VIII - Eastern Visayas,HU,250,60194.148464861326,218431.48430258463,0.2755745063814918,0.7388043783953565,,
VIII - Eastern Visayas,HU,500,88478.54844515576,329694.4122607496,0.2683653260558738,0.95,88478.54844515576,329694.4122607496
VIII - Eastern Visayas,HU,1000,118319.63881223176,532280.3002541757,0.22228821685816946,0.95,118319.63881223176,532280.3002541757
VIII - Eastern Visayas,HU,2000,0.0008057798716477669,0.0016983382284963544,0.4744519425681034,1.0000000000000497e-08,,
VIII - Eastern Visayas,PF,1,39.69348631867377,150.1501013025869,0.26435870488480256,0.0004960638645155836,,
VIII - Eastern Visayas,PF,10,125.7280743922857,489.6021578378913,0.2567964057746548,0.0015624500581976634,,
VIII - Eastern Visayas,PF,25,550.3734215819228,2063.6350824191736,0.26670094256040994,0.006790379613626496,,
VIII - Eastern Visayas,PF,30,703.3757167634143,2579.630751762149,0.2726652705170836,0.008774791011559608,,
VIII - Eastern Visayas,PF,50,1293.8586540727024,4630.697003661843,0.2794090507432359,0.01583844395372639,,
VIII - Eastern Visayas,PF,100,2494.257155274537,9182.553690336348,0.2716300104947357,0.03058105626317968,,
VIII - Eastern Visayas,PF,200,3984.317638325682,14435.224156210183,0.2760135620486079,0.0491987462563477,,
VIII - Eastern Visayas,PF,250,4448.100090939217,15709.061320925914,0.28315505300204913,0.05564833678282721,,
VIII - Eastern Visayas,PF,500,5514.1207804460055,19468.41261295989,0.28323422613178645,0.06898708732816491,,
VIII - Eastern Visayas,PF,1000,6985.947768706538,24543.907517222167,0.2846306263093837,0.08482832171418178,,
VIII - Eastern Visayas,PF,2000,923.08039058685,955.1685259852836,0.9664057864916206,0.011500060160514584,,
VIII - Eastern Visayas,SS,1,357.40369558073684,1179.4504468689472,0.3030256137759124,0.004488445709715414,,
VIII - Eastern Visayas,SS,10,1917.381770840724,6196.459620255821,0.3094318188684596,0.0234460825014082,,
VIII - Eastern Visayas,SS,25,4055.5757663719346,14121.365093336233,0.28719431439993937,0.050296629273975775,,
VIII - Eastern Visayas,SS,30,4509.868805584955,15831.847602476682,0.28486054937008404,0.05578293075245688,,
VIII - Eastern Visayas,SS,50,5671.60053335362,19793.038434870658,0.28654521901809665,0.07038828325460356,,
VIII - Eastern Visayas,SS,100,7040.98675799885,24722.47210022726,0.2848010801449797,0.08832540987740561,,
VIII - Eastern Visayas,SS,200,8594.644630493784,30584.59666090496,0.2810121946607184,0.10585900988300698,,
VIII - Eastern Visayas,SS,250,9216.661227430002,33539.642811704536,0.2747990275022729,0.11437337995974575,,
VIII - Eastern Visayas,SS,500,11112.791768691612,39030.79584952777,0.2847185543316577,0.1384695753027928,,
VIII - Eastern Visayas,SS,1000,12994.420582746994,44848.98478087727,0.2897372291978293,0.16100139050519238,,
VIII - Eastern Visayas,SS,2000,0.0008125652397012423,0.002638798468221621,0.30793001037660084,1.0000000000000497e-08,,
X - Northern Mindanao,EQ,1,19.372028340314856,54.04892694978607,0.3584165206149673,0.00017392618900778317,,
X - Northern Mindanao,EQ,10,24.21503542539356,69.29122071547287,0.3494675829832262,0.00021838698903979255,,
X - Northern Mindanao,EQ,25,352.3191894828599,935.2477809622064,0.3767121362430661,0.00322344842960187,,
X - Northern Mindanao,EQ,30,528.0374211668517,1445.5591027412156,0.3652824849330156,0.0047770271111939894,,
X - Northern Mindanao,EQ,50,1310.6604350999476,3409.989935167683,0.3843590333164715,0.011719867838294757,,
X - Northern Mindanao,EQ,100,3677.010215933122,9701.731364317207,0.3790055689912317,0.03354980823478078,,
X - Northern Mindanao,EQ,200,9072.036961443566,24170.98611068631,0.3753275484872626,0.0824699957768479,,
X - Northern Mindanao,EQ,250,11027.522859708655,29387.44448293304,0.37524606353958295,0.10043700428323647,,
X - Northern Mindanao,EQ,500,17147.341171854125,45176.42156751037,0.3795639534271129,0.15777585378261896,,
X - Northern Mindanao,EQ,1000,28982.49606622469,77982.88314598081,0.37165202025129823,0.2616573553502117,,
X - Northern Mindanao,EQ,2000,83657.34504668253,213014.0343704963,0.39273161176402543,0.7649513943442837,,
X - Northern Mindanao,HU,1,5.261359675587476,12.430239307009456,0.4232709882440139,5.759946902901167e-05,,
X - Northern Mindanao,HU,10,6.576699594484339,14.80980923594134,0.4440772659328796,7.293784033268726e-05,,
X - Northern Mindanao,HU,25,129.85940414022537,306.75174627829466,0.4233371308093968,0.0014409468364919547,,
X - Northern Mindanao,HU,30,191.79873144527144,438.0462489809439,0.43785041394936175,0.0021361643214464704,,
X - Northern Mindanao,HU,50,524.1112038119502,1254.0882906224967,0.4179220934690293,0.005838874091787548,,
X - Northern Mindanao,HU,100,1610.803717198786,3766.824162738733,0.4276291240596759,0.017772411232552583,,
X - Northern Mindanao,HU,200,4386.593201455865,10277.842525033398,0.4268009741121822,0.04931798861087115,,
X - Northern Mindanao,HU,250,6058.643808958916,14286.422144305727,0.4240840532192846,0.06810922229827468,,
X - Northern Mindanao,HU,500,12326.893023756724,28805.61491962188,0.42793368786444,0.13733191721209634,,
X - Northern Mindanao,HU,1000,27326.770186894686,63259.961692668076,0.4319757624839329,0.3045271649007918,,
X - Northern Mindanao,HU,2000,108256.04500476485,327098.8447972341,0.33095820033198803,0.95,108256.04500476485,327098.8447972341
X - Northern Mindanao,PF,1,19.377428783128106,45.9766953985147,0.4214619736187934,0.00021851880198912605,,
X - Northern Mindanao,PF,10,50.170650336260735,127.71103578323792,0.39284506643117867,0.0005693786408409452,,
X - Northern Mindanao,PF,25,263.0749836632997,661.8607047663195,0.3974778707495296,0.0029116745340545037,,
X - Northern Mindanao,PF,30,303.9811134618765,770.3034383707143,0.3946251546076877,0.003404987349313145,,
X - Northern Mindanao,PF,50,459.3869328892734,1182.3150845116913,0.3885486524761756,0.005161046402876072,,
X - Northern Mindanao,PF,100,905.5944066053067,2197.444981254466,0.41211243709425016,0.010102161569943405,,
X - Northern Mindanao,PF,200,2171.578190389409,5139.221647655754,0.4225500161838652,0.0241956149010036,,
X - Northern Mindanao,PF,250,2983.086677232099,6959.936002247044,0.4286083487361087,0.033573699628944166,,
X - Northern Mindanao,PF,500,9115.626846764244,21485.73567212441,0.4242641250860614,0.10250099188712804,,
X - Northern Mindanao,PF,1000,16445.154423537708,38887.011514223625,0.4228958149052569,0.18567290787128413,,
X - Northern Mindanao,PF,2000,9724.535210816544,22212.545022339404,0.4377947327078672,0.1086398747407036,,
X - Northern Mindanao,SS,200,441.0261831308756,997.9473279366713,0.4419333273257312,0.004909369284501291,,
X - Northern Mindanao,SS,250,528.327358985685,1238.198029925657,0.4266905181697038,0.005959316179460847,,
X - Northern Mindanao,SS,500,1972.4740396881305,5081.766643917053,0.3881473074032648,0.022089048678538024,,
X - Northern Mindanao,SS,1000,2352.7161031606547,5919.901378110321,0.3974248814110582,0.02664447498115464,,
X - Northern Mindanao,SS,2000,6296.341645183431,15826.966548835606,0.3978236527988779,0.06963751238013731,,
XI - Davao,EQ,1,199.5971555961604,412.55676851289655,0.4838053107591203,0.001448857437102095,,
XI - Davao,EQ,10,313.3879861028111,638.6699933685535,0.4906884452953564,0.0022305258769064005,,
XI - Davao,EQ,25,2277.5259760321915,4689.565536655286,0.4856582039914467,0.016544687005696068,,
XI - Davao,EQ,30,3421.0988818042547,6905.246903013097,0.4954346933360864,0.025070487214660916,,
XI - Davao,EQ,50,8465.454830313478,17199.332244803772,0.4921967149550846,0.0612308913903773,,
XI - Davao,EQ,100,19214.31308909456,37887.70101059223,0.5071385324679064,0.13924930890444615,,
XI - Davao,EQ,200,31989.43589304103,62698.84525213247,0.5102077361138165,0.23260917224905026,,
XI - Davao,EQ,250,36664.56288474078,71219.78034977199,0.5148087048945548,0.26721415255694764,,
XI - Davao,EQ,500,49837.65482166204,98344.39219355768,0.5067666158693979,0.3612060414324415,,
XI - Davao,EQ,1000,70111.95674446452,140841.30640092693,0.4978081965874401,0.5045886223457119,,
XI - Davao,EQ,2000,4431.245483736348,170.3716096331794,26.00929517116786,0.03246929358486597,,
XI - Davao,HU,30,11.621334380868339,20.310029867914267,0.5721968139115194,0.00010425094070446109,,
XI - Davao,HU,50,71.52655333867966,128.54500448936426,0.5564319953374597,0.0006374752459892452,,
XI - Davao,HU,100,311.105640149348,544.0405052419641,0.5718427895566023,0.00280286815683801,,
XI - Davao,HU,200,1093.681428895084,1966.3391953890882,0.5562018147528571,0.009813054870406013,,
XI - Davao,HU,250,1484.3869174850765,2587.23868565586,0.573734045380041,0.013300708833887731,,
XI - Davao,HU,500,3523.297828632748,6279.354908014468,0.5610923224192809,0.03143761149254497,,
XI - Davao,HU,1000,7181.407081443679,12471.415410673491,0.5758293541643694,0.06443069244528256,,
XI - Davao,HU,2000,28559.6339726016,49583.38226516807,0.5759920495110018,0.2548534574870804,,
XI - Davao,PF,1,0.10721640105676726,0.027394400646441303,3.9138071476915233,9.591504190441835e-07,,
XI - Davao,PF,10,0.1340205013209598,0.03421220227988628,3.9173304373846722,1.2071166340509385e-06,,
XI - Davao,PF,25,186.61000165162886,347.44956746981626,0.5370851459409004,0.0016700053315496144,,
XI - Davao,PF,30,281.7497348097073,537.5903823629014,0.5240974244578498,0.002562984568291285,,
XI - Davao,PF,50,585.7487308340862,1084.7977694768454,0.5399612234790725,0.005236116692818954,,
XI - Davao,PF,100,1109.3443088979136,2017.9603250499438,0.5497354408444366,0.010008581174251184,,
XI - Davao,PF,200,1790.4482437886686,3176.4052623992625,0.563671224507503,0.01613119304283388,,
XI - Davao,PF,250,2054.8634063972845,3664.561145716045,0.5607392876496183,0.01842676324022566,,
XI - Davao,PF,500,2926.388402076879,5079.7188653839785,0.5760925908752378,0.025734257269824583,,
XI - Davao,PF,1000,6041.097144307745,10375.1376063634,0.5822667007907971,0.05450686875938658,,
XI - Davao,PF,2000,28891.395754219517,51358.43514022519,0.5625443157552724,0.2573683860025518,,
XI - Davao,SS,30,11.089783539580116,19.51726827234292,0.5682036740405405,9.998265449302056e-05,,
XI - Davao,SS,50,11.601403036736045,20.5299913526414,0.5650953688903236,0.00010387146282509434,,
XI - Davao,SS,100,12.555865775698116,21.91232064536356,0.5730048395560887,0.00011271755005897776,,
XI - Davao,SS,200,14.151958638829448,24.283198735542545,0.5827880747076238,0.0001280763972340015,,
XI - Davao,SS,250,15.181930084055645,26.33441227806849,0.5765053696185686,0.00013700829019289856,,
XI - Davao,SS,500,22.478347592710705,39.852124293387405,0.5640438995730146,0.0002017544889911827,,
XI - Davao,SS,1000,571.9605906582294,1075.0318480624476,0.5320406011125028,0.005089057729554907,,
XI - Davao,SS,2000,1591.9530721721515,2959.2484039221613,0.5379585809904268,0.014185893598146654,,
XII - SOCCSKSARGEN,EQ,1,119.38272501826643,615.3457940408911,0.19400916716159955,0.001135272477931002,,
XII - SOCCSKSARGEN,EQ,10,191.52060856767798,1032.5995555912752,0.1854742310614415,0.0018351257659290137,,
XII - SOCCSKSARGEN,EQ,25,1281.5887144670749,6647.701066240435,0.1927867546534955,0.012239785193385838,,
XII - SOCCSKSARGEN,EQ,30,1761.1999491016472,9162.536810884827,0.19221750323659192,0.01699353154899815,,
XII - SOCCSKSARGEN,EQ,50,3862.4917597809776,19886.54519549628,0.1942263838092762,0.03704730697455573,,
XII - SOCCSKSARGEN,EQ,100,9602.62169121558,48908.001030510335,0.19634050643830567,0.09176152645665074,,
XII - SOCCSKSARGEN,EQ,200,18732.15341475239,94890.95517145454,0.19740715414768487,0.17884084361873415,,
XII - SOCCSKSARGEN,EQ,250,22609.62833793894,116298.62707762573,0.19441010531317549,0.22027529731526665,,
XII - SOCCSKSARGEN,EQ,500,34210.47713556115,172677.45135724323,0.1981178021025161,0.3270273750192702,,
XII - SOCCSKSARGEN,EQ,1000,44737.09801218706,229453.93698263023,0.1949720218379765,0.42722739460953096,,
XII - SOCCSKSARGEN,EQ,2000,2601.104362520115,1376.625703041559,1.8894782777723496,0.02511209742355889,,
XII - SOCCSKSARGEN,HU,30,0.3703510306462926,1.8178275739076768,0.2037327609956817,4.3207276146096016e-06,,
XII - SOCCSKSARGEN,HU,50,3.0723300167463035,14.460848083808884,0.21245849475358525,3.622159931838022e-05,,
XII - SOCCSKSARGEN,HU,100,20.8603245845724,101.93344342836113,0.2046465211315366,0.0002464135536100047,,
XII - SOCCSKSARGEN,HU,200,70.02912278771896,351.6585895385087,0.19913952017955847,0.0008205087351214066,,
XII - SOCCSKSARGEN,HU,250,126.03910084732631,642.9604468126539,0.19602932260007536,0.0014940587051528785,,
XII - SOCCSKSARGEN,HU,500,432.87335942466484,2156.578730574653,0.2007222612778524,0.0050755540118636285,,
XII - SOCCSKSARGEN,HU,1000,922.4007709110488,4505.750477558484,0.20471634536914413,0.010836169947117886,,
XII - SOCCSKSARGEN,HU,2000,2586.7435891146465,12612.160934854532,0.20509915806465887,0.030169563554268888,,
XII - SOCCSKSARGEN,PF,30,1.4102052704276635,5.76832031703499,0.2444741610938367,1.677618648727314e-05,,
XII - SOCCSKSARGEN,PF,50,12.972239930119555,64.43214082195585,0.2013318161500408,0.00015340800515501008,,
XII - SOCCSKSARGEN,PF,100,68.11069491284024,359.74717185033165,0.1893293408326692,0.0008054392628205674,,
XII - SOCCSKSARGEN,PF,200,183.37455098961846,948.0800464220813,0.19341673910515025,0.00214648514590336,,
XII - SOCCSKSARGEN,PF,250,233.40005260662002,1171.9573511303367,0.19915404974550385,0.0027428924401241023,,
XII - SOCCSKSARGEN,PF,500,469.4802978204525,2368.991287594061,0.1981773003045761,0.005508023443471414,,
XII - SOCCSKSARGEN,PF,1000,1190.2862161596436,5702.2516631939625,0.20873968503398824,0.01394085970232785,,
XII - SOCCSKSARGEN,PF,2000,5183.365326081558,25682.20899931359,0.20182708295147408,0.061585988369532135,,
XIII - Caraga,EQ,1,131.50819806061068,521.9774793221917,0.2519422834705039,0.0023304047297573066,,
XIII - Caraga,EQ,10,215.55282871520058,836.2732655805131,0.25775405909403426,0.003738264237678253,,
XIII - Caraga,EQ,25,1471.875232240657,5589.261877286282,0.2633398227809084,0.025632534201003903,,
XIII - Caraga,EQ,30,2107.862336794928,7975.622695585166,0.2642881210970168,0.037306549908286364,,
XIII - Caraga,EQ,50,5428.986533051235,20612.00575437544,0.2633895312152623,0.09611240004648736,,
XIII - Caraga,EQ,100,15434.347342027524,58373.322492853826,0.2644075526781437,0.27311574680289824,,
XIII - Caraga,EQ,200,30177.655561427506,112779.94788033047,0.2675799743536739,0.5320529892808222,,
XIII - Caraga,EQ,250,34299.32620700317,130052.46310704836,0.26373453749023434,0.5996306450681391,,
XIII - Caraga,EQ,500,44485.16972746646,167984.2561777924,0.2648174938512329,0.7764757929742077,,
XIII - Caraga,EQ,1000,52524.32289320538,198896.09817053078,0.2640792020372956,0.9346715816625288,,
XIII - Caraga,EQ,2000,49903.3244567479,167037.45578765313,0.29875529546012514,0.8831231067875395,,
XIII - Caraga,HU,1,52.26284768033738,208.65506254475326,0.2504748604847669,0.0011269698535676376,,
XIII - Caraga,HU,10,116.687072690424,488.54852298723137,0.2388443874048386,0.002524263432734485,,
XIII - Caraga,HU,25,645.5730914062866,2661.0699115776997,0.24259907212416604,0.01393856290297883,,
XIII - Caraga,HU,30,848.1766466232318,3542.375851245827,0.2394372258169428,0.01833263075066397,,
XIII - Caraga,HU,50,1772.4867996770224,7221.5456875283435,0.24544424093835185,0.03882409728884478,,
XIII - Caraga,HU,100,3642.9212106360415,14665.623592084576,0.2483986574292157,0.07901832597046826,,
XIII - Caraga,HU,200,6569.287795722938,25784.851506653216,0.2547731482583049,0.14170844699316953,,
XIII - Caraga,HU,250,7883.668879085204,30833.216481999738,0.2556875272382836,0.17115506840406625,,
XIII - Caraga,HU,500,11614.719983503408,45903.23703897112,0.253026164007621,0.2533542176458392,,
XIII - Caraga,HU,1000,15696.175508108301,62028.139172537536,0.2530492727574465,0.3414660020848326,,
XIII - Caraga,HU,2000,6551.046499876975,23293.81307113337,0.2812354714048639,0.1430866721219672,,
XIII - Caraga,PF,1,5.860710108730736,22.63627402613021,0.2589078972080572,0.00012796572353070802,,
XIII - Caraga,PF,10,12.597939215718588,52.73510976599511,0.2388909262087485,0.00027682470621892465,,
XIII - Caraga,PF,25,75.15141259159458,297.37468324216616,0.25271624259417963,0.0016250369008491304,,
XIII - Caraga,PF,30,106.00380328085024,413.69395973941596,0.25623725168146416,0.002281084601185613,,
XIII - Caraga,PF,50,255.8797740135664,966.0687317760063,0.26486704889326124,0.005587868377004143,,
XIII - Caraga,PF,100,674.2609921149665,2490.868971859869,0.2706930792957418,0.014757874589004252,,
XIII - Caraga,PF,200,1238.7615512870725,4568.693855868396,0.27114129122394753,0.027230448113198764,,
XIII - Caraga,PF,250,1474.8150937058215,5339.768670414875,0.27619456660680314,0.03207731839014332,,
XIII - Caraga,PF,500,2330.4204450088487,8672.498039137487,0.26871386242949424,0.050937820497277214,,
XIII - Caraga,PF,1000,3359.2394552949327,12342.33420073178,0.2721721354049676,0.07292560795522647,,
XIII - Caraga,PF,2000,4145.598318934182,14385.901966408805,0.2881709001364105,0.08943628704758108,,
XIII - Caraga,SS,1,7.611941338834701,26.566123436053253,0.2865281175538178,0.00016458865276114287,,
XIII - Caraga,SS,10,129.14110668757036,492.1984216333081,0.26237610892580543,0.0027853849463820505,,
XIII - Caraga,SS,25,217.3713386254769,775.4640644239291,0.2803112982249617,0.004678300700217081,,
XIII - Caraga,SS,30,235.1096859177148,837.5474377308452,0.28071208307280343,0.0051504635633151255,,
XIII - Caraga,SS,50,268.86528681948965,968.3400369792836,0.2776558611148717,0.005855381038826281,,
XIII - Caraga,SS,100,335.692587624473,1220.2090452524894,0.2751107188809688,0.00718859477812072,,
XIII - Caraga,SS,200,394.26257075626296,1425.068861032908,0.2766621189592877,0.008625734673097449,,
XIII - Caraga,SS,250,403.9550919264111,1471.8576528068554,0.2744525539926109,0.0087566195948079,,
XIII - Caraga,SS,500,455.2531359337912,1615.2105233939428,0.28185374558927195,0.009844295536456505,,
XIII - Caraga,SS,1000,523.1411827870402,1863.6321029716946,0.2807105447222412,0.01144043329114066,,
XIII - Caraga,SS,2000,48.0891030851443,182.94958803532467,0.2628543939429864,0.0010291728948551065,,
